2024-10-26 19:11:12	deep fake lying kamala mc donalds	#DeepFake #Kamala #McDonalds
2024-10-26 19:11:20	feeling fairly successfulgot flag dropped ballot canceled washingtonpost print subscriber years digital last vote kamala angela alsobrooks	#vote #Kamala #AngelaAlsobrooks
2024-10-26 19:11:22	gunthereagleman autism higher rate ever v p kamala	#VP #Kamala
2024-10-26 19:11:34	vanduper immeme disagree lifeif isnt snuffed exercising rightswill easier know kamala harris biden placed law dod authorizes u military two shoot kill americans	#rights #Kamala #Harris #Biden #Dod5240 #USMilitary #ShootAndKill #Americans
2024-10-26 19:12:39	electionfraud kamala harris reublicans election presidential elections reno renotalk tim walz washoecounty nevada	#electionfraud #KamalaHarris2024 #Kamala #Reublicans #2024Election #2024PresidentialElection #2024elections #reno #renotalk #TimWalz #washoecounty #nevada
2024-10-26 19:12:49	kamala cares u future wins party peace rainbows unity	#KamalaCaresForUS #Kamala
2024-10-26 19:13:10	kamala hope	#Kamala
2024-10-26 19:13:12	mishgea thx sharing arguments put forward utter garbage voters dont judge candidates ideas also credibility kamala isnt competitive immigration everyone knows failed years proposes irrelevant	#Kamala
2024-10-26 19:13:26	kamala demcrata californiana continuar la guerra en ucrania sin doctrina clara quiere detener israel es ms prochina que prorrusa trump cambio le soltar mano mientras apuesta al triunfo su objetivo china arancelaria	#Kamala #Trump
2024-10-26 19:14:11	hallmarkjosephh kamala harris funding screaming babies faces actually one least offensive things backs really says lot person	#Kamala
2024-10-26 19:14:43	kamala lost house job nearly kids harris	#Kamala
2024-10-26 19:14:48	mtgreenee thank reposting spread truth matters trump kamala	#TruthMatters #Trump #Kamala
2024-10-26 19:15:47	great interview joe rogan communicator would love watch kamala podcast trump el clasico real madrid laliga u f c gig execs premier league barcelona r b	#Trump #Kamala #JoeRogan #ElClasico #RealMadrid #laliga #UFC308 #GigExecs #PremierLeague #Barcelona #RMABARCA
2024-10-26 19:16:05	blackbondptv la mre de beyonce kamala trump	#Beyonce #Kamala #trump
2024-10-26 19:16:30	telediariotve anabaquerizo genocidein gaza con el apoyo de kamala biden	#GenocideinGaza #Kamala #Biden
2024-10-26 19:17:58	politically correct vote kamalaharris kamala	#Kamala
2024-10-26 19:18:40	wow cringe kamala x politics	#kamala #x #politics
2024-10-26 19:19:08	popbase oh kamala lost vote thisamp im serious	#Kamala
2024-10-26 19:19:09	horrible group people kamala harris cares u trump vance	#KamalaHarris2024 #KamalaCaresForUS #Kamala #TrumpVance2024
2024-10-26 19:19:17	unacceptable whoisshe liberals demoncrats kamala harris kamalaharris donaldjtrumpjr elonmusk realdonaldtrump	#whoisshe #liberals #Demoncrats #Kamala #KamalaHarris2024
2024-10-26 19:21:11	leftists always threaten leave usa canada never mexico trump vance kamala harris walz	#Trump #Trump2024 #Trump2024Vance #Kamala #Harris_Walz2024
2024-10-26 19:21:49	defiyantlyfree line outstanding much better diddy list endorsements coming kamala	#Kamala
2024-10-26 19:22:09	launching tonight kamala three problems politics comics memes	#kamala #politics #comics #Memes
2024-10-26 19:22:24	exactly would go kamala	#Kamala
2024-10-26 19:22:32	kamala harris walz	#kamala #HarrisWalz2024
2024-10-26 19:22:39	una seguidora partidaria de kamala harris est recibiendo el hate que se merece por gritarle nia en un cochecito es socialismo enfermedad mental estados unidos	#KamalaHarris #EstadosUnidos #Kamala
2024-10-26 19:22:50	vile evil excuse human kamala swipe pen could change lives cackle arrested parents childrens truancy even child hospital sickle cell anemia mom speaks video lost	#Kamala
2024-10-26 19:23:00	kamala wa po melt watch	#Kamala #WaPoMeltDown
2024-10-26 19:23:52	life long democrat woke fell dont like see party lies corruption hubris kamala trump vance	#kamala #Trump2024Vance
2024-10-26 19:23:55	irans new cm antiship cruise missile modernizing naval capabilities iran philipinnes usa russia china india ukraine taiwan pakistan gaza aviation israel nato trump kamala u election lebanon yemen tel aviv	#iran #philipinnes #usa #russia #china #india #ukraine #taiwan #pakistan #Gaza #Aviation #israel #nato #iran #trump #kamala #USElection2024 #Lebanon #yemen #TelAviv
2024-10-26 19:24:23	october surprise year finally asking kamala tampon timmy answer simple questions resultant low q fence post responses yes stupid	#OctoberSurprise #Kamala #TamponTimmy #LowIQ #FencePost
2024-10-26 19:24:26	taiwans new huilong unmanned submarine unveils combat capabilities advanced torpedo systems taiwan russia china india ukraine pakistan gaza aviation israel nato iran trump kamala u election lebanon yemen tel aviv	#taiwan #russia #china #india #ukraine #taiwan #pakistan #Gaza #Aviation #israel #nato #iran #trump #kamala #USElection2024 #Lebanon #yemen #TelAviv
2024-10-26 19:24:38	trump rogan full interview g kamala election	#Trump #Rogan #Interview #MAGA #Kamala #election2024
2024-10-26 19:25:04	chinas h bomber real threat us global dominance japan philipinnes southkorea malaysia usa russia china india ukraine taiwan pakistan gaza aviation israel nato iran trump kamala u election lebanon yemen tel aviv	#japan #philipinnes #southkorea #Malaysia #usa #russia #china #india #ukraine #taiwan #pakistan #Gaza #Aviation #israel #nato #iran #trump #kamala #USElection2024 #Lebanon #yemen #TelAviv
2024-10-26 19:25:29	kamala nutcase	#Kamala
2024-10-26 19:25:34	limit depths left go install kamala presidency trying pass dead womans picture proof working mcdonalds reprehensible suzanne bernier lady photo scamala trump g	#Scamala #Kamala #Trump #MAGA
2024-10-26 19:25:40	israel launched deadly air strikes irans military sparking fears regional war iran japan philipinnes usa russia china india ukraine pakistan gaza aviation nato trump kamala u election lebanon yemen tel aviv	#iran #japan #philipinnes #usa #russia #china #india #ukraine #pakistan #Gaza #Aviation #israel #nato #iran #trump #kamala #USElection2024 #Lebanon #yemen #TelAviv
2024-10-26 19:26:21	kamala wow must desperate realdonaldtrump donaldjtrumpjr joerogan elonmusk	#Kamala
2024-10-26 19:26:40	black women destroy obama dissing men oshay bwagainst dems b wagainst kamala nina turner reparationsnovote wdefend harris walz	#BwagainstDems #BWagainstKamala #NinaTurner #Kamala #NoReparationsnovote #BWdefendBM #HarrisWalz2024
2024-10-26 19:26:51	cat people kamala	#CatPeople #Kamala
2024-10-26 19:27:15	campbellclaret truth might jeffbezos come realise kamala bad support fact everyone team think next president realdonaldtrump right cowards coming donald j trump	#Kamala #DonaldJTrump
2024-10-26 19:27:52	ka la	#KaMaLa
2024-10-26 19:28:12	ksorbs another drinkkamala	#Kamala
2024-10-26 19:28:26	lyingkamala kamala groped	#lyingkamala #KamalaGropedMe #kamala
2024-10-26 19:28:26	kamala harris trump elonmusk realdonaldtrump kamalaharris pedofiles pizza gate beyonce anonymous puffdaddy	#KamalaHarris #Trump #Pedofiles #PizzaGate #Kamala #Beyonce #Anonymous #puffdaddy
2024-10-26 19:29:02	jacksonhinklle im going trust word say palestinians supporters lie like religious ritual sorry friends getting vaporized next time dont start things cant finish palestine gaza iran israel f kamala trump	#Palestine #Palestinians #Gaza #Iran #Israel #IDF #Kamala #Trump
2024-10-26 19:29:56	scott ritter israel hopes shattered iran eradicate every idf missile via youtube biden trump kamala quebec toronto edmonton uk england france germany italy hamas russia sydney	#biden #trump #kamala #quebec #toronto #edmonton #uk #england #france #germany #italy #hamas #israel #russia #iran #sydney
2024-10-26 19:30:15	g post indicates brain pea disgusting lets hope kamala wins	#MAGA #Kamala
2024-10-26 19:30:15	texasbrn kamala supporters going winvote accordingly	#Kamala
2024-10-26 19:30:17	frontieresmedia le baiser du diable une raison de plus pour voter kamala toutes manire ces tordus turbans ne voteront jamais femme	#Kamala
2024-10-26 19:30:49	kamala harris americas best pics videos	#kamala #harris #now #AmericasBestPicsAndVideos
2024-10-26 19:31:06	leonardo dicaprio endorses kamala harris woman oh shit guess ricky gervais owes leo apology rickygervais di caprio walz p u	#rickygervais #LeonardoDiCaprio #leonardo #Kamala #KamalaHarris2024 #Harris #HarrisWalz #HarrisWalz2024 #HarrisForPOTUS #KamalaHarris4POTUS2024
2024-10-26 19:31:21	million views youtube even counting platforms meanwhile im houston one knew kamala today	#Kamala
2024-10-26 19:31:36	coconut tree bs kamala keeps talking grew canada harris lets go kamdon	#Kamala #Harris2024 #LetsGoKamdon
2024-10-26 19:33:02	dump trump elections president vote kamala kamalaharris kamalaharrisforpresident kamalawins kamalawinswithjoy kamalaforthepeople futurewithtrump ebook dumptrump	#Elections2024 #president #vote #kamala #kamalaharris #kamalaharris2024 #kamalaharrisforpresident #kamalawins #kamalawinswithjoy #kamalawins2024 #kamalaforthepeople #futurewithtrump #ebook #trump #trump2024 #dumptrump
2024-10-26 19:33:03	barackobama kamalaharris timwalz kamala	#Kamala
2024-10-26 19:33:50	dangerous communist witch cackle glee ability destroy lives little people disgusting power drunk kamala cares u harris kamalaharris kama	#KamalaCaresForUS #KamalaHarris2024 #Kamala
2024-10-26 19:33:56	devincow lets goooooo kamalahq kamalaharris dnc dncwarroom kamala harris	#kamala #KamalaHarris2024
2024-10-26 19:33:58	democrats paid beyonc shake ass kamala supporters deviants agreed exchange support get good peep show didnt give freak want isnt interesting clothes	#Beyoncé #Kamala
2024-10-26 19:34:07	realredsd one official said performing beyonce kelly amp willie kamala colin icing cake well wait inauguration	#Kamala #Colin
2024-10-26 19:34:19	insane cunts kamalas deranged liberals need fucking culling	#Kamala
2024-10-26 19:34:19	kelly rowland kamala harris rally giving shrunken head bob beetlejuice u election	#USA #USElection2024 #KamalaHarris2024 #KellyRowland #Kamala #Rally
2024-10-26 19:34:23	el clasico madrid trump kamala elon go vegan	#ElClasico #Madrid #Trump #Kamala #Elon #GoVegan
2024-10-26 19:34:32	olilondontv democrats paid beyonc shake ass kamala supporters deviants agreed exchange support get good peep show didnt give freak want isnt interesting clothes	#Beyoncé #Kamala
2024-10-26 19:35:44	accidentally renaissance kamala harris groped threat democracy cares u aint	#KamalaHarris2024 #Kamala #KamalaGropedMe #KamalaThreatToOurDemocracy #KamalaCaresForUS #KamalaAintIt
2024-10-26 19:35:53	diddy endorses kamala	#Diddy #Kamala
2024-10-26 19:35:53	fools bad kamala nothing comes mind	#Kamala
2024-10-26 19:37:35	dougie loves fortune cookie kamala kamalaharris comedy via youtube	#kamala #kamalaharris #comedy
2024-10-26 19:37:39	check america trump hubbard usa kamala biden obama clinton art painting blacksunr	#Trump #Kamala #Biden #Obama #Painting
2024-10-26 19:37:53	edkrassen dont mean beyonc rally kamala showed way media said free concert	#Kamala
2024-10-26 19:38:02	beyonc trump kamala	#trump #kamala
2024-10-26 19:38:07	debunking biggest lies told trump via youtube kamala blm wake wakeupamerica vote red save america election	#Kamala #blm #WakeUp #wakeupamerica #VoteRedToSaveAmerica #vote #election2024
2024-10-26 19:38:19	crypto market like election wow community trump fans sitting understanding kamala bad business unless youre mcuban apparently good	#crypto #trump #Kamala
2024-10-26 19:39:40	kamala	#Kamala
2024-10-26 19:39:46	everybody thinks kamala seems presidential vote	#Kamala
2024-10-26 19:40:19	kamala magnate senile old men biden willie nelson brown jimmycarter cares u harris	#Biden #WillieNelson #WillieBrown #jimmycarter100 #Kamala #KamalaCaresForUS #KamalaHarris2024
2024-10-26 19:40:57	mel gibson says kamala iq fence post tough talk guy completely convinced dude walked water rose dead since decided never come back earth totally real celebrities vote blue harris	#Kamala #Celebrities #VoteBlue #KamalaHarris2024
2024-10-26 19:41:16	kamala supporters mentally ill people angry nonsense	#kamala
2024-10-26 19:41:41	kamala men women like dont enjoy government overreach trump loser vance	#Kamala #WomenForTrump #KamalaIsALoser #TrumpVance2024
2024-10-26 19:41:48	great job lee theleegreenwood jesus trump r u p g h ireland canada poland japan australia f c spacex n realdonaldtrump jdvance robertkennedyjr elonmusk christians catholics kamala e w wa po melt b crypto	#Jesus #Trump2024 #TRUMP #MAGA #MAHA #USA #Ireland #Canada #Poland #Japan #Australia #UFC #spacex #NASA #Christians #Catholics #Kamala #EU #WW3 #WaPoMeltDown #BTC #Crypto
2024-10-26 19:42:33	theres reason donald trump unthinkablethis guy brought muslim community leaders rally whilst kamala brings celebs genius regardless meant sincerely gotta admire tactics always step ahead	#DonaldTrump #kamala
2024-10-26 19:42:59	agriculture prices skyrocketed joe biden amp kamlala harris administration continue kamala wins election therefore must vote realdonaldtrump next president united states maga	#agriculture #JoeBiden #KamlalaHarris #kamala #election #vote #maga #Election2024
2024-10-26 19:43:29	kamalahq news outlets censoring trump promoting kamala take channel uk showed clip beyonc realdonaldtrump didnt even mention joe rogan credit hq pointing rohan everyone make mind	#Trump #Kamala #channel4news #JoeRogan
2024-10-26 19:43:33	magaresource trumpdailyposts didnt perform hype wow guess kamala cant deliver anything	#Kamala
2024-10-26 19:43:41	kamala democrats lying scumbags	#Kamala #Democrats
2024-10-26 19:45:53	kamala america voteblue sea shining	#Kamala #America #Voteblue
2024-10-26 19:46:05	kamala deep state democratic party wants take away free speech direct horses mouth people	#Kamala #DemocraticParty #FreeSpeech #WeThePeople
2024-10-26 19:46:09	isaiahbb palestinians know kamala better trump	#Palestinians #Kamala #Trump
2024-10-26 19:46:29	basically less rights package amazon gen z u election kamala harris	#GenZ #USElection #Kamala #KamalaHarris
2024-10-26 19:46:37	mamabenergy logicallyjc shame appropriating cancer victims image make fake kamala scamala mc donalds photo try prop lies keep digging holes deeper	#Fake #Kamala #Scamala #McDonalds
2024-10-26 19:47:39	kamala promises performance beyonce get cant even follow voters surprised everyone left	#kamala #Beyonce
2024-10-26 19:48:22	kamala trump six bullets	#Kamala #Trump
2024-10-26 19:48:58	kamalahq news outlets censoring trump promoting kamala take channel uk showed clip beyonc realdonaldtrump didnt even mention joe rogan credit hq pointing everyone make mind	#Trump #Kamala #channel4news #JoeRogan
2024-10-26 19:49:02	watch minute video tell support kamala harris walz people vote blue v e	#Kamala #Harris #HarrisWalz #HarrisForThePeople #VoteBlue #VOTE #vote #VoteBlue2024People
2024-10-26 19:49:06	decision owner la times cancel papers planned endorsement kamala harris sent shock waves organization whats shocking every paper ive worked guy owns makes call via nytimes	#Kamala
2024-10-26 19:49:16	kamala harris anonymous beyonce illumination pizza gate illuminati elite puffdaddy	#Kamala #KamalaHarris #Anonymous #Beyonce #Illumination #PizzaGate #illuminati #Elite #puffdaddy
2024-10-26 19:49:17	raise hand cant wait kamala win election	#Kamala
2024-10-26 19:49:51	us election numbers trump kamala	#Trump #Kamala
2024-10-26 19:49:58	wallpaper beautiful natural view n dv z virat kohli kamala harris	#Wallpaper #INDvNZ #ViratKohli #தம #KamalaHarris2024 #Kamala
2024-10-26 19:50:30	somebody worked media many years totally shocked journalists adamant outlets endorse candidates election objectively horrible wa po melt kamala trump	#Election #WaPoMeltDown #media #Kamala #Trump
2024-10-26 19:53:38	wetten wir dass sich die ganzen und e r rdemagogen usprsidentschaftswahl fr uns einordnen jahr kaum noch daran erinnern knnen wer kamala harris war	#MSM #OERR #Kamala #Harris
2024-10-26 19:55:13	dems using photoshopped pic proof kamala working mcd last time used blues lol trump people g	#kamala #Trump #MAGA
2024-10-26 19:55:24	nickjfuentes trump pivoted away israel russiaukraine war instead rogan joe kamala vance	#Israel #Russia #Ukraine #Trump #Rogan #JoeRogan #Kamala #Vance
2024-10-26 19:55:37	rooster sure beats diddy list endorsements kamala	#Kamala
2024-10-26 19:55:40	kamala pure evil	#Kamala
2024-10-26 19:56:00	close eyes imagine elon didnt buy twitter trump kamala	#trump #kamala
2024-10-26 19:56:06	mrandyngo billboardchris fake kamala mc donalds photo beyond disturbing fact many democrats believed real shows gullible desperate people	#Kamala #McDonalds
2024-10-26 19:56:08	actually insane kamala spoke trump love dictators instead cleaning dude doubled showing communist leader xi hes literally playing americans facethats patriotnot even close	#Kamala #Trump #Americans
2024-10-26 19:56:21	lelandpalmer bennyjohnson said nothing like bragged power ruin peoples lives forever fake charges kamala belongs lifelong prison psychiatry never harris	#Kamala #NeverHarris
2024-10-26 19:56:21	tribelaw well kamala wins hell paying fair share taxes finally	#Kamala
2024-10-26 19:58:09	liberal media silent get india report slaps hard spin around harris husband doug emhoffs exgirlfriend speaks assault emhoff kamala	#DougEmhoff #Kamala
2024-10-26 19:58:38	must watch share real people suffering democratic socialist biden kamala administration facts realdonaldtrump pbdspodcast gop tcnetwork newsmax skynews skynewsaust	#democratic #socialist #Biden #Kamala
2024-10-26 19:58:44	kamala harris walz loser threat republic beyonc	#Kamala #HarrisWalz #KamalaIsALoser #KamalaThreatToOurRepublic #Beyoncé
2024-10-26 19:58:55	atensnut apparently kamala harris rally houston drew voters together declared wont go back fascist trump small crowd got smaller arrogant prick made wait time hours	#Kamala
2024-10-26 19:59:02	choice november man fight christians woman hard trump last stand vance kamala aint	#Trump #Trump2024TheLastStand #Trump2024Vance #Trump2024 #Kamala #KamalaAintIt
2024-10-26 19:59:06	bakarisellers democrats bait switchbs backfire kamala harris tricking ppl come free beyonce concert knowing one would	#democrats #KamalaHarris #Kamala
2024-10-26 19:59:09	jrdnmdhl mcfaul ok accept responsibility vote american trump kamala turn worst person world years get pick someone better seems like guardrails still relax	#vote #Trump #Kamala
2024-10-26 19:59:17	democrats needed bigger wake call party shambles think organizing director sierra bowen kamala campaign screams child youve definitely lost seirrabowen trump vance	#seirrabowen #kamala #TrumpVance2024
2024-10-26 19:59:20	kamala admits didnt americas best pics videos	#kamala #admits #didnt #AmericasBestPicsAndVideos
2024-10-26 19:59:27	love kamalaharris know take united state america forward kamala harris election	#KamalaHarris2024 #Election #Kamala
2024-10-26 19:59:52	genflynn nice degenerrat demoncrats jesus trump g h u ireland canada poland japan australia f c spacex n realdonaldtrump jdvance robertkennedyjr elonmusk christians catholics kamala e w wa po melt b crypto	#Jesus #Trump2024 #MAGA #MAHA #USA #Ireland #Canada #Poland #Japan #Australia #UFC #spacex #NASA #Christians #Catholics #Kamala #EU #WW3 #WaPoMeltDown #BTC #Crypto
2024-10-26 19:59:56	woman right trash waiting kamala condemn sick behavior jordan bowman	#Kamala #JordanBowman
2024-10-26 20:00:09	kamala experiencing problems troubles coinappcrypto ex markets wallet security breach funds inaccessible mistakenly transferred feel free seek help hacked elsed bist n f commaex nicheswap wofbee ftkieo e x p	#Kamala #coinappcrypto #ExMarkets #Hacked #elsed #bist100 #NFT #commaex #nicheswap #wofbee #ftkieo #3EXPM
2024-10-26 20:02:07	fft soon woman either party becomes candidate merit win landslide e c r woke kamala	#DEI #CRT #Woke #Kamala
2024-10-26 20:02:31	kamala progressmatters desperate cover get busted photoshopping teamtrump danscavino jessebwatters scottjenningsky	#Kamala
2024-10-26 20:02:46	voted flatbush bklyn voting early day ny amp harlanmandel forthe future joy freedom kids choose kamalaampthecoach got vote soror friend repyvetteclarke yes prop	#FortheFuture #Kamala #Vote
2024-10-26 20:02:53	jordan sierra bowen kamala abortion	#JordanSierraBowen #kamala #abortion
2024-10-26 20:03:18	unchallenged come illegal immigration kamala war criminal	#IllegalImmigration #Kamala_is_a_war_Criminal #Kamala
2024-10-26 20:03:49	kamala harris rallyjust like country elected	#KamalaHarris #Kamala
2024-10-26 20:03:55	jordan bowen deranged kamala lunatic	#Kamala
2024-10-26 20:03:57	libbeydean whos list losers kamala	#Kamala
2024-10-26 20:04:44	kamala supporters meltdown nonendorsements ggreenwald x youtube nytimes harris	#Kamala #KamalaHarris
2024-10-26 20:05:14	could anyone vote kamala	#Kamala
2024-10-26 20:05:25	xxoottwwoodd multiple news sources dem supporting reported kamala campaign confirmed beyonce performing including nbc amp usa today	#Kamala #Beyonce
2024-10-26 20:05:47	jrpsaki jen psaki called harris husband doug emoff ideal well got nanny pregnant married first wife also slappped girlfriend hard spun around hey tell truth emhoff kamala	#DougEmhoff #Kamala
2024-10-26 20:09:24	kamalaharris kamalas propaganda exposed	#Kamala #propaganda
2024-10-26 20:09:28	kamalatimwalz democrats support dnc party baby haters action kamala hates babies murderer raper pimp mala harris vote blue v e trump vance red save america	#KamalaHatesBabies #KamalaBabyMurderer #KamalaBabyRaper #PimpMala #KamalaHarris #KamalaHarris2024 #Kamala #VoteBlue #VOTE #VoteTrumpVance #VoteRedToSaveAmerica
2024-10-26 20:09:32	shameful paid democrat party trump kamala	#trump #kamala
2024-10-26 20:09:55	lied build crowd kamala booed duping believing beyonc would perform u elections trump donald harris presidential election voters integrity fraud	#Kamala #Beyoncé #USElections #2024USElections #Elections #Trump #Kamala #DonaldTrump #KamalaHarris #USPresidentialElection #Voters #ElectionIntegrity #ElectionFraud
2024-10-26 20:10:00	college liberals educated stupid kamala trump n dv z	#College #Kamala #Trump #INDvNZ
2024-10-26 20:10:04	insane kamala joe rogan podcast	#Kamala #JoeRogan
2024-10-26 20:10:25	thedailybeast musk broke immigrantion laws telling guys taking fools trump kamala	#Musk #Trump #Musk #kamala
2024-10-26 20:10:28	jackposobiec kamala cant even sit seat let alone hang inquisitive mind rogan three hours logical answers complex questions simultaneously entertaining audience	#kamala #rogan
2024-10-26 20:10:50	trump derangement syndrome kamala	#TrumpDerangementSyndrome #Kamala #kamala2024
2024-10-26 20:11:03	kamalaharris kamala people dangerous even see consequences divisive misinformation amp crony capitalist media monsters spread know youre corporate shill anytime choose stop lies political financial gain better	#Kamala #CronyCapitalist
2024-10-26 20:11:28	reptimburchett real marxist k l	#KAMALA
2024-10-26 20:11:28	kamala harris trump elonmusk realdonaldtrump kamalaharris pedofiles pizza gate beyonce anonymous puffdaddy hollywood	#KamalaHarris2024 #KamalaHarris #Trump #Pedofiles #PizzaGate #Kamala #Beyonce #Anonymous #puffdaddy #Hollywood
2024-10-26 20:11:50	kamala always lies arent democrats sick lied vote trump kamalas beyonce rally houston fiasco	#kamala
2024-10-26 20:12:11	sounds like anybody know people schizophrenia may trouble organizing thoughts speech sometimes person stop talking middle thought jump topic make words meaning kamala	#Kamala
2024-10-26 20:12:16	media forcing standards vanjones called cnn trump allowed lawless kamala flawless people asking step forward billionaire network owners amp answer responsibility	#Trump #Kamala
2024-10-26 20:12:41	kamalaharris kamala never wants talk high prices groceries rent interest rates autos insurance created everyone know stunned cost everything lets fire	#Kamala #Kamala
2024-10-26 20:13:05	gunthereagleman lied g n kamala cant even	#She #Lied #AGAIN #Kamala
2024-10-26 20:13:23	kamala democratic party well uniparty want think realdonaldtrump like hitler democrats r n os power truly evil totalitarian minded government body stand lie telling trump	#Kamala #DemocraticParty #Uniparty #Democrats #RINOs #Trump
2024-10-26 20:14:33	kamala forked tongue incapable telling truth	#Kamala #Truth
2024-10-26 20:14:36	ivankanews living voters also death kamala demorats	#Kamala #Demorats
2024-10-26 20:15:07	globaleconomic b l c k u r	#BLACKMAIL #KAMALA #TOUR
2024-10-26 20:15:11	kamalaharris kamala supports illegal immigration break law lets fire	#Kamala
2024-10-26 20:15:14	party tolerance fk kamala	#Kamala
2024-10-26 20:15:17	army thejointstaff said case closed block everything arlington cemetery report vets veterans democrats kamala harris independents	#Army #ArlingtonCemetery #Vets #Veterans #Democrats #KamalaHarris #Kamala #Independents
2024-10-26 20:15:32	replay trump speech duluth georgia oct watch one consider kamala harris g vance u election h r f k	#KamalaHarris2024 #Kamala #MAGA #TrumpVance2024 #USA #USElection2024 #MAHA #RFK
2024-10-26 20:16:01	cant even get netscape email without seeing ad donate kamala bs go politics vicious vindictive dems media stirring amazon boycott feel bezoss didnt wanted	#Netscape #Kamala #Dems #Bezoss
2024-10-26 20:16:27	kamala demanding late term abortion months even execution birth people arent buying never radical left lunatic bod total disregard viciousness towards value essence life god merciful	#Kamala
2024-10-26 20:17:41	remember kids kamala wants finish building border wall keep reactivate draft right election theyll start conscripting young people die maintain power privilegewe cant let win vote jill stein war	#Kamala #JillStein
2024-10-26 20:17:52	jakegagain ansem kamala politifi start soon check kamalaharrissol ca bidtnrndbwclpsacnaewmsartmuywbevhmcxfc politi fi trump elections u memecoins solana	#PolitiFi #Kamala #Trump #Elections #USA #memecoins #solana
2024-10-26 20:18:41	vote blue k l h r p e n w z harriswalz v c f g u b	#KAMALAHARRIS #PRESIDENT #HARRISWALZ #harriswalz2024 #LOVE #PATRIOTIC #FREEDOM #KAMALA #ELECTION #PRIDE #FIGHT #DEMOCRAT #REPUBLICAN #GOP #LIBERALS #INDEPENDENT
2024-10-26 20:19:04	thomhartmann trumpweve got war going israel shes kamala harris partying gave classified information middle east terrorists trump us russian assets members congress putin iran terrorism f b	#Trump #Israel #Kamala #Harris #MiddleEast #Putin #Iran #Terrorism #FBI
2024-10-26 20:20:11	b r e k n g trump stop chaos middle east kamala harris iran israel lebanon yemen iraq	#BREAKING #Kamala #Harris #Trump #Iran #Israel #Lebanon #Yemen #Iraq
2024-10-26 20:20:54	defines evil corruption kamala dont let demons steal election	#Kamala
2024-10-26 20:24:09	newsnation beyonce also giving kamalaharris advice handle looming wars dnc kamala needing help stars inspire confidence president	#Beyonce #wars #Kamala #stars #president
2024-10-26 20:24:26	buzzpatterson didnt appear stage love americans want kamala potus beyonce money beyonc acting thats fake trump laura loomer u	#Beyonce #Fake #Trump #LauraLoomer #USA #Kamala
2024-10-26 20:25:18	truth kamala	#Truth #Kamala
2024-10-26 20:25:24	real photo people pronounce kamalas name properly taken beyonc mother speaking kamala harris trump donald maga beyonce diddy freakoffs gate democrat left right u vote	#Kamala #KamalaHarris #Trump #DonaldTrump #Trump #Maga #Beyonce #BeyonceForKamala #Diddy #DiddyFreakoffs #DiddyGate #Democrat #Left #Right #USA #Vote
2024-10-26 20:25:46	dreaming beyonc got big helping word salad kamala	#Beyoncé #WordSalad #Kamala
2024-10-26 20:25:48	k l b c f e kamala loser threat democracy big fat liar	#KAMALABLACKFACE #KamalaIsALoser #KamalaThreatToOurDemocracy #kamala #liar
2024-10-26 20:26:51	kamala harris goes joe rogan podcast hilarious would funny true reality conversation go nothing like knew didnt laught	#AI #kamala #KamalaHarris #JoeRogan #podcast
2024-10-26 20:27:24	u election q whats difference kamala trump im interested say next presidencies fun	#USElection2024 #Kamala #Trump #Trump
2024-10-26 20:28:00	israel defense forces idf confirmed launching airstrikes iranian military targets early saturday citing selfdefense response recent attacks iran aoko burkinafaso ruto gachagua wetangula beyonce kamala	#aoko #burkinafaso #ruto #gachagua #wetangula #Beyonce #Kamala #Israel #iran
2024-10-26 20:29:59	trump campaign raises millions overnight new donation ask much would pay listen kamala talk next years babylon bee	#Trump #Campaign #Raises #Millions #Overnight #Donation #Pay #Listen #Kamala #Talk
2024-10-26 20:30:02	casted vote kamalaharris amp govtimwalz today wichita kansas harris walz kamalahq kamala	#Harris_Walz2024 #kamala #kansas
2024-10-26 20:30:06	preview kamalas policies work bait switch	#Kamala
2024-10-26 20:30:34	months ago one friends left business try convince trump supporters vote kamala asked going like idea wont told nothing built amp better years	#kamala
2024-10-26 20:31:23	roberto jomagc speaking fee vs singing entirely different kamala cheap	#Kamala
2024-10-26 20:31:29	billmaher video obama kamala want see doesnt scare	#Kamala
2024-10-26 20:32:07	kamala stood joe biden called half anericans country domestic terrorists	#Kamala #JoeBiden #DomesticTerrorists
2024-10-26 20:32:27	pawlowskimario liar fake real kamala mc donalds trump derangement syndrome	#Kamala #McDonMcDonald #TrumpDerangementSyndrome
2024-10-26 20:39:39	beyonce di caprio come endorse kamala diddy list hmmm	#Beyonce #DiCaprio #Kamala #Diddy
2024-10-26 20:39:42	phillycrimeupd love kamala criminals still wearing covid masks didnt work begin lol	#kamala
2024-10-26 20:39:47	truth kamala alcoholic	#Kamala #Alcoholic
2024-10-26 20:40:12	shut fuck hear trump kamala poli ad mute look away tube diddy beyonce election	#YouTube #Trump #Kamala #Diddy #Beyonce #Election
2024-10-26 20:42:23	new king pedophile donald trump uses jeffrey epsteins former jet campaign appearances c g e roaring kitty kamala	#AMC #GME #RoaringKitty #Trump #Kamala
2024-10-26 20:42:34	vote kamala definitely means hate children protect	#Kamala
2024-10-26 20:43:13	bennyjohnson devastating unto us given chance kamala loves power	#Kamala
2024-10-26 20:43:19	collinrugg called doctors cant help man seizure trump would gone right immediately kamala clown vote save america	#Kamala #Clown #VoteTrumpToSaveAmerica
2024-10-26 20:44:21	davidlaz trump calls press enemy peopledid nothing khassoghi dismembered threatened cbss license removedblocked merger time warner att disliked cnn coverage sure washingtonpost wants sit one kamala	#Trump #Kamala
2024-10-26 20:45:04	trump campaign strength inertia heading election podcast joe rogan million views hours kamala imploding leftists resigning washingtonpost youd think couldnt get worse	#Trump #Election2024 #JoeRogan #Kamala
2024-10-26 20:45:23	nicholsuprising trump calls press enemy peopledid nothing khassoghi dismembered threatened cbss license removedblocked merger time warner att disliked cnn coverage washingtonpost wants sit one kamala	#Trump #Kamala
2024-10-26 20:45:54	taking family feuds editorial room kamala patrick soon shiong newspaper drama	#Kamala #PatrickSoonShiong #NewspaperDrama
2024-10-26 20:46:06	everybody left side democrats vile evil goblins thoroughly unlikable people bring value society theyre always screaming violent htful literally bully babies oh mutilate amp abort kamala lgbt	#left #democrats #kamala #lgbt
2024-10-26 20:46:30	abortion reporter washington post laments proabort mother theres irony canceling subscription paper would board kamala sinking ship	#Kamala
2024-10-26 20:46:42	kamala childless cat lady shes insane drunkpill popperenjoy	#Kamala #Childless #CatLady
2024-10-26 20:47:16	kamala dad virtually estranged warned border policies bad american blacks dense loser candidate	#kamala
2024-10-26 20:48:39	thomhartmann foreign interferencewe way past point careful review deliberative action time actually something start rolling network late election f b c trumpputin russiagate comey hillary clinton kamala harris	#Election #FBI #CIA #Trump #Putin #Russiagate #Comey #Hillary #Clinton #Kamala #Harris
2024-10-26 20:49:10	damn trust dems trump kamala election	#Trump #Kamala #Election
2024-10-26 20:49:38	mmflint truth palestinians america palestinian war potus kamala allowed domestic terrorists freely destroy usa without consequences	#Kamala
2024-10-26 20:50:42	hey kamala voters youre voting	#Kamala
2024-10-26 20:50:53	demonerasers kamala lotus sanskrit bible job hides himit swamp marsh leviathan whos harlot kamalaexpaid escort false prophetnd forces everyone love st beastharlot taking total control revelations	#Kamala #Lotus #Leviathan #Harlot #FalseProphet #Revelations
2024-10-26 20:51:18	liberals irate heatdaddy made forks kamala	#kamala
2024-10-26 20:53:11	felixfelix young american men hero adamkinzinger describes trump best donald weak man pretending strong small big faithless righteous vote kamala show youre	#Kamala
2024-10-26 20:53:32	trump kamala	#Trump #Kamala
2024-10-26 20:54:08	kamalabuzzkillharris	#Kamala
2024-10-26 20:54:58	kamala big secret democrats via youtube	#kamala #2024 #democrats
2024-10-26 20:55:22	heres another clip demonstrating issue drunk kamala realdonaldtrump claims face cannot chief executive insubstantial gravitas imagine charge armed forces would troops resist taking orders	#drunkKamala #Kamala
2024-10-26 20:56:12	sound desperate obama walz kamala biden trump vance	#Obama #Walz #Kamala #Biden #Trump2024 #Trump2024Vance
2024-10-26 20:56:29	caturday cats kamala	#Caturday #CatsForKamala #Kamala
2024-10-26 20:57:11	truth kamala woke e	#Kamala #Woke #DEI
2024-10-26 20:57:19	andersoncooper mistake would like avoided kamala said anyone whos raised kids knows didnt raise laughed tried	#kamala #kamala
2024-10-26 20:57:35	watch video vote kamala	#Kamala
2024-10-26 20:58:04	potent political weapon kamalas arsenal took stage kalamazoo something	#Kamala
2024-10-26 20:58:17	lets go texas home state showed kamala citizens lone star support kamalaharris colinallred houston honor join heroes willienelsonofficial beyonce kellyrowland jessicaalba	#Texas #Kamala #LoneStarState #Houston
2024-10-26 20:58:18	well live f trump kamala jillstein debate x drjillstein credit howardmortman	#Trump #Kamala #Jillstein #Debate #X
2024-10-26 20:58:55	mir scheint dass trump die wahl gegen kamala noch viel deutlicher gewinnen wird als hillary der luft liegt ein erdrutschsieg john fetterman ist dem senator von pennsylvania	#Trump #Kamala #Hillary
2024-10-26 20:59:03	kamala harris going win sure cares u	#KamalaHarris #KamalaCaresForUS #KamalaHarris2024 #Kamala
2024-10-26 20:59:35	fence protect kamala donors leave borders without	#fence #protect #kamala #protect #donors #borders #fence
2024-10-26 20:59:40	michelle obama single thread honesty said kamala hasnt ducking interview actual plan legit crazy liar	#Kamala #liar
2024-10-26 21:00:47	nancysinatra vote future v e kamala	#VoteForOurFuture #VOTE #Kamala
2024-10-26 21:04:38	michelle cares usa even likes kamala getting paid ones blather equality equity conning millions harris michelleobama barackobama walz trump vance kamalaharris	#harris #HarrisWalz #Kamala #TrumpVance2024
2024-10-26 21:04:56	screw antibrexit leftists open border eu elitists abc abcworldnews abcpolitics nbcnews theview iowademocrats dmregister bbcpublicflash bbcbreaking bbcworld bbcnews maddow msnbc cnn cnnbrk cnnpolitics uk free tommy robinson beetlejuice kamala	#uk #FreeTommyRobinson #Beetlejuice #Kamala
2024-10-26 21:04:56	ko kamala harris trump real madrid barcelona	#Kamala #KamalaHarris #Trump #Trump2024 #RealMadrid #Barcelona
2024-10-26 21:05:16	oswaldbates kamala	#Oswaldbates #Kamala
2024-10-26 21:05:53	rallynate kamala would never able compose long enough adult intelligent conversation joerogan itd great entertainment though joe	#Kamala
2024-10-26 21:06:45	lets get guy last time send back florida stay kamala	#Kamala
2024-10-26 21:07:50	bubblebathgirl alexstein kamala lie imagine gets presidential seat	#Kamala
2024-10-26 21:08:16	world must hear message jfkjr one last chance left avert nuclear war kamala likely promised newfound warmongering friend dick cheney military industrial complex larding campaign lies trump	#Kamala #DickCheney
2024-10-26 21:08:17	without adobe photoshop really hard find kamala harris walz signs michigan front yards thankfully tons realdonaldtrump trump vance everywhere	#Kamala #Harris #HarrisWalz #HarrisWalz2024 #Trump2024 #TrumpVance2024 #Trump
2024-10-26 21:08:58	consequences shallow thinker dem dei standard bearer checks boxes ruins lives kamala	#Kamala
2024-10-26 21:08:59	kamala got booed tricking everybody thinking beyounce gonna perform	#Kamala #Beyounce
2024-10-26 21:09:39	every kamala harris interview bidenharris impression comedy via youtube	#kamala #bidenharris #impression #comedy
2024-10-26 21:10:46	dressed kelly rowland like lb man pander lgbtq black celebrities always selling us democrats tryna erase image evil many reasons voted trump sick people enemy kamala	#Kamala
2024-10-26 21:11:05	kamala harris abortion	#kamala #harris #abortion
2024-10-26 21:11:35	good news way american voters tuned joe rogan president trump say see beyonce shake ass kamala hope america	#JoeRogan #Trump #Beyonce #Kamala
2024-10-26 21:11:53	us demokraten posten foto von kamala um eine beschftigung bei mc donalds zu belegen dumm nur dass kurz danach auch das original auftaucht misinformation desinformation	#Kamala #McDonalds #misinformation #Desinformation
2024-10-26 21:11:53	harris kamala	#harris #kamala
2024-10-26 21:11:57	imagination beyonc whitend party editors barack obama purpose bo didnt look white get politics racism beyonce kamala elonmusk realdonaldtrump realrfkjr repclayhiggins	#politics #racism #beyonce #Kamala
2024-10-26 21:12:06	leadingreport good news way american voters tuned joe rogan president trump say see beyonce shake ass kamala hope america	#JoeRogan #Trump #Beyonce #Kamala
2024-10-26 21:12:48	good news way american voters tuned joe rogan president trump say see beyonce shake ass kamala hope america americans coming trance	#JoeRogan #Trump #Beyonce #Kamala
2024-10-26 21:13:16	kamala harris liar	#kamala #harris
2024-10-26 21:13:31	kamala harris	#kamala #harris
2024-10-26 21:14:10	new bombshell report reveals bidenharris granted amnesty millions illegal aliens kamala loves realdonaldtrump close border deport illegals g	#Kamala #Amnesty #CloseTheBorder #DeportIllegals #MAGA2024
2024-10-26 21:15:04	kamalaharris beyonce good news way american voters tuned joe rogan president trump say see shake ass kamala hope america americans coming trance	#JoeRogan #Trump #Beyonce #Kamala
2024-10-26 21:15:18	democrats lost minds like car crash campaign campain rather ive never seen anything kamala trump maga	#democrats #kamala #trump #maga #campaign
2024-10-26 21:15:36	us administration led kamala harris vp believes ceasefire two opposite armies fighting war dear genocide since day one supported unhindered delivery arms zionists	#KamalaHarris #Kamala
2024-10-26 21:16:10	kamala needs appoint michelleobama special job would call	#kamala
2024-10-26 21:17:05	collinrugg kamalahq vp whats response paid employee kamala danger children	#Kamala #KamalaIsADangerToChildren
2024-10-26 21:17:15	vote voted today hope im happy november beyond hear train acomin rollin round bend kamala ill avoid fascist prison trump keeps braggin kamalas arollin even san antone	#Vote #Kamala #Trump
2024-10-26 21:17:33	immeme silent majority theyre sick tired lied gaslighted subjected government weaponization la dod ddirective weaponizes u smilitary weed people kamala harris biden quietly issued directive authorizes	#DoDdirective5249 #USmilitary #WeedThePeople #Kamala #Harris #Biden #DODDirective5240
2024-10-26 21:17:41	kamalaharris joebldenpress kamala joeroganexperience	#Kamala #joeroganexperience
2024-10-26 21:18:23	nice hear someone acknowledge physical mental struggles womanhood including menopause thank michelleobama verbalizing well reproductive freedom rights election kamala	#michelleobama #womanhood #ReproductiveFreedom #ReproductiveRights #Election2024 #kamala
2024-10-26 21:18:29	eating meat amp dairy murder innocent persons among worst things environment noticed increased rate floodings wildfires hurricans recently el cl sico lewandowski barca real madrid mbapp trump kamala b hansiflick go vegan	#ElClásico #Lewandowski #Barca #RealMadrid #Mbappé #Trump #Kamala #BTS #hansiflick #GoVegan
2024-10-26 21:18:35	kamala thinks stupid playing senate cant reverse supreme court bill lmao	#Kamala
2024-10-26 21:19:00	listen democrats lie kamala	#DemocratsLie #Kamala
2024-10-26 21:19:32	houstonians identify unhinged lunatic screamed cussed toddler attending kamala harris rally please drop line fyp foryou trump donaldtrump usa america unitedstates edit trending viral tiktok politics	#fyp #foryou #trump #donaldtrump #usa #america #unitedstates #edit #trending #viral #tiktok #politics #trump #kamala
2024-10-26 21:19:39	oh ok party going vote bahahahaaaa wtf wrong people kamala lmao bunch idiots hope parent changes trump vance	#kamala #Trump2024Vance
2024-10-26 21:20:06	nosoupforgeorge yo matt kamala hates us christians mean	#Kamala #Christians
2024-10-26 21:20:11	aca kamala harris	#aca #kamala #harris
2024-10-26 21:20:39	elonmusk welcome world fantastic question kamala fired	#Welcome #to #the #world #Fantastic #or #not #a #question #kamala #you #are #fired
2024-10-26 21:20:52	michelleobama clean better going stage talking lies liar obamas child trafficking cocaine white house vote kamala higher violence open borders realdonaldtrump	#clean #stage #liar #Obamas #WhiteHouse #Kamala #vote
2024-10-26 21:20:56	kamala harris beyonce	#kamala #harris #beyonce
2024-10-26 21:21:12	u trump cult r p g kamala harris democrats	#USA #Trump #TrumpCult #TRUMP2024 #GOP #KamalaHarris2024 #Kamala #Democrats
2024-10-26 21:21:32	lfg harris walz kamala	#HarrisWalz #Kamala #Walz
2024-10-26 21:21:49	kamalaharris says anything power attendees came concertshe lying plagiarizing communistfraudshe said beyonce coming people concertvp disappoints americans everything kamala trump	#Beyonce #Kamala #Trump2024
2024-10-26 21:22:05	yes soon election k l e p r n deactivate amp accounts longer support musks site hopefully birds one stone get rid realdonaldtrump elonmusk	#KAMALA #MADAME_PRESIDENT
2024-10-26 21:22:23	wont kamala didnt americas best pics videos	#wont #kamala #didnt #AmericasBestPicsAndVideos
2024-10-26 21:22:39	artists comparable willie nelson sales longevity johnny cash dolly parton bob dylan paul mccartney per chatgpt knew werent going beyonc concert bots houston kamala beyonce	#Houston #Kamala #Beyonce
2024-10-26 21:22:41	kamala running president woman thats talking nonstop last half hour made case lady instead freaking joke longest intro speech history nothing say texas	#Kamala #Texas
2024-10-26 21:22:58	voteblue kamala	#voteblue #kamala
2024-10-26 21:22:59	somebody tell michelleobama talking much bs help camila communist become next president united states doesnt shut mouth liar like kamala needs go back hawaii mansion	#CamilaCommunist #liar #Kamala
2024-10-26 21:23:44	vp kamala harris apologized families women tortured raped killed border invasion america first	#Kamala #BorderInvasion #AmericaFirst
2024-10-26 21:23:59	check coconut cliques video tik tok trump kamala	#TikTok #Trump #Kamala
2024-10-26 21:24:02	everything k l smole mirrors g	#KAMALA #MAGA
2024-10-26 21:25:01	politvidchannel yes amp soon election k l e p r n deactivate accounts longer support musks site hopefully kill birds one stone get rid realdonaldtrump elonmusk recommend others	#KAMALA #MADAME_PRESIDENT
2024-10-26 21:25:48	liars gonna lie demonicrats kamala	#Liars #demonicrats #kamala
2024-10-26 21:26:24	kamala harris kamalaharris bo uses people like beyonce get ahead political career willie brown woman fraud say anything powershe marxist co tinge destroy country trump vance	#KamalaHarris #Kamala #Beyonce #WillieBrown #TrumpVance2024
2024-10-26 21:30:08	girl priorities straight trump kamala election laniege	#trump #kamala #election2024 #laniege
2024-10-26 21:30:10	yesterdays rally kamala looks surreal mismatched audio boos cheers directly behind frame makes look like ms harris front green screen feels fake enthusiasm disgruntled reality sight	#Kamala
2024-10-26 21:30:12	democrats get violent people disagree kamalacrats kamala walz cult h e	#kamala #walz #DemocratsCultOfHATE #democrats
2024-10-26 21:31:43	ready years going broke buying groceries amp gas border invasion even pandemic wars violent criminals beating old ladies getting rt jail top ten murder cities run democrats obama michelleobama rogan barackobama kamala	#Democrats #Obama #Rogan #Kamala
2024-10-26 21:31:48	lifelongwanderr kamala harris antidote anecdote juste pour vous das ist fr dich mein freund	#Kamala #KamalaHarris #KamalaHarris2024 #antidote #anecdote
2024-10-26 21:32:05	lifelongwanderr kamala	#Kamala
2024-10-26 21:32:16	president kamala harris turning point us foreign policy	#President #Kamala #Harris
2024-10-26 21:32:19	enjoy seeing queen introduce another onstage houston join us tuesday oct pm est beyhive kamala coalition full effect k h v e beyonce harris walz	#Houston #BeyhiveForKamalaCoalition #BeyhiveForKamala #Beyhive #KHIVE #Beyonce #Kamala #KamalaHarris2024 #HarrisWalz2024
2024-10-26 21:32:42	collinrugg perfect rally kamala could worse	#Kamala
2024-10-26 21:32:51	marvinmusk l r e kamala	#kamala
2024-10-26 21:33:16	michelle obama confirms camela lost black men trying shame back good luck democrats party fraud house cards coming kamala trump g	#obama #kamala #Trump2024 #MAGA #MAGA2024
2024-10-26 21:33:42	certainty tell guys vote trump wives daughters mothers sisters make home lives living hell right selfdetermination take away end families torn apart women kamala dont	#Trump #Kamala
2024-10-26 21:34:15	giorgia meloni taking trash like absolute boss italy muslim islam pakistan kamala trump g cocaine election	#Italy #Meloni #Muslim #Islam #Pakistan #Kamala #Trump #MAGA #CocaineKamala #Election
2024-10-26 21:34:34	soy particularmente fan de trump pero definitivamente kamala ha mostrado ser ms peligrosa e irracional promoviendo la violencia con sus acusaciones distorsionadas propuestas	#Trump #Kamala
2024-10-26 21:34:41	acyn candidate cares daughters kamala	#Kamala
2024-10-26 21:34:58	debragrobins fact kamala okayed isreal going give arms horrible americans different humanity singing rejoicing political arena without voice	#kamala
2024-10-26 21:34:59	collected money takes create political flyers could national debt ive gotten dozens last couple weeks alone vote trump kamala politicalads	#vote #trump #kamala #politicalads
2024-10-26 21:36:11	real kamala x rogan	#Kamala #Rogan
2024-10-26 21:36:17	michelle obama wrecked kamala long entry speech may accidentally stolen show sounds diminutive amp stupid compared michelles strong intro im fan trump crush word salad joke two weeks	#MichelleObama #Kamala #Trump
2024-10-26 21:37:11	kamalas rally attendees houston found would beyonc concert lied woman cant even manage crowd much less nation world	#Kamala
2024-10-26 21:37:18	literally thinks shes miss america kamala comrade michigan	#Kamala #ComradeKamala #Michigan
2024-10-26 21:37:56	trump interview million views jres popular jre joerogan youtube google trumpvance kamala kamalaharris harriswalz goog djt spot	#jre #joerogan #youtube #google #trump #Trump2024 #trumpvance #kamala #kamalaharris #harriswalz
2024-10-26 21:38:04	dont think shes tyrant youre voting watch backs shell take kamala trump	#Kamala #Trump
2024-10-26 21:38:54	catturd much gas lightning kamala	#Kamala
2024-10-26 21:39:52	bood rally paid beyonc promised concert got plagiarized speechwhy surprised beyonce kamala	#beyonce #kamala #rally
2024-10-26 21:40:04	jimenezlessons estn sedientos de sangre quieren costa los nios la juventud eterna si gente que kamala beyonc en el ojo del huracn diddy freakoffs es porque reconocer su destino abran ojos	#kamala #beyoncé #DiddyFreakoffs
2024-10-26 21:40:09	got gal kalamazoo shes going potus harris walz bring hope kamala people	#Kalamazoo #HarrisWalz2024 #HarrisWalzBringHope #Kamala #HarrisForThePeople
2024-10-26 21:40:40	timrunshismouth kamalaharris chief incompetent surrounded fans omen solution needs problems america incompetency kamala many	#Kamala
2024-10-26 21:40:53	kill trump dont vote kamala nuke israel bibi fuck elon	#KillTrump #DontVote #Kamala #NukeIsrael #KillBibi #FuckElon
2024-10-26 21:41:00	trumpisafascist per star general chief staff calls kamala one	#Trumpisafascist #Kamala
2024-10-26 21:41:07	jimvandehei alexthomp hansnichols shes going lose get blame bidens team say joe would kamala blew kameltoes joes cant wait hilarious fun watch happen harris groped	#Kamala #KamalaHarris #KamalaGropedMe
2024-10-26 21:41:23	finally winner us presidential elections emerged new world order signed clear ready reading kamala trump iran isreal elon musk beyonce durk michelle obama g u selection	#Kamala #Trump #Iran #Isreal #ElonMusk #Beyonce #Durk #MichelleObama #MAGA #USelection
2024-10-26 21:42:00	come shehabkhan going anchor itvnews please learn pronounce kamala	#Kamala
2024-10-26 21:42:13	invite death doctors rally someone audience medical emergency ask crowd assistance apparently dont know treat humans want live kamala campaign nutshell	#Kamala
2024-10-26 21:42:56	could said anything instead shes talking joyful way forward genocode kamala kamalahq	#Kamala
2024-10-26 21:43:02	flashback kamala harris sponsored legislation let illegal aliens loose united states	#Kamala
2024-10-26 21:43:13	cutest moment harris campaign happened today rally kalamazoo mi attendees kamalazoo kamala	#kamala
2024-10-26 21:45:36	democrats n hidden sir thats ashkenazi tactic kamala trump	#Kamala #Trump
2024-10-26 21:45:46	incredible see incumbent vice president claim new direction defending joe bidenharriss record oh go trump bashing didnt take long kamala texas houston	#Kamala #Texas #Houston
2024-10-26 21:46:05	rest case trump kamala harris walz	#Trump #Kamala #Harris_Walz2024
2024-10-26 21:46:07	love willynelson good sport trying save day sending willy nelson sweetheart kamala puppet controlled democrat machine vote trump ever beyonce must known effect leaving without singing would	#Kamala #Trump2024NowMoreThanEver #Beyonce
2024-10-26 21:47:13	atensnut love white girls wig beyonce rip rally kamalama ding dong kamala harris	#BeyonceRipOffRally #KamalamaDingDong #Kamala #KamalaRally #KamalaRipOffRally #KamalaHarris
2024-10-26 21:47:34	madam president harris kamala vote blue protect womens rights dont miss	#MadamPresidentHarris #Kamala #VoteBlue2024ProtectWomensRights #VoteKamalaHarris2024
2024-10-26 21:47:46	yes kam make mistake win kamalazoo rally michigan fire	#YesWeKam #MakeNoMistakeWeWillWin #Kamala
2024-10-26 21:47:54	absolutely worried big rally gonna say whos really showing people didnt know maybe shes popular find beyonc kamala	#Kamala
2024-10-26 21:48:00	karluskap kamala high fcking kite harris	#Kamala #KamalaHarris2024
2024-10-26 21:48:37	der sternde erlangt internationale berhmtheit kamala harris	#Kamala #KamalaHarris
2024-10-26 21:49:23	iranian response likely inconsequential merit direct retaliation israel titfortat game continue proxies iran war tehran tel aviv gaza palestine lebanon beirut syria u kamala trump oil nuclear	#Israel #Iran #War #Tehran #TelAviv #Gaza #Palestine #Lebanon #Beirut #Syria #War #USA #Kamala #Trump #Oil #Nuclear
2024-10-26 21:49:39	kamalaharris disgusting vial shes evil parents shame kamala	#kamala
2024-10-26 21:49:41	kamala wants lift children poverty one year well except got aborted dont qualify elections vp	#Kamala #2024elections
2024-10-26 21:49:47	alec dimitrissoudas tellement kamala vite quitte	#Kamala
2024-10-26 21:49:56	mrandyngo real news desperation prove kamala qualified job mcdonalds	#Kamala
2024-10-26 21:50:41	kamalaharris vp harriswins kamalahqlies teamkamala youre liar liaroftheyear kamala harris loser threat democracy	#liar #liaroftheyear #KamalaHarris #KamalaHarris2024 #KamalaIsALoser #KamalaThreatToOurDemocracy #kamala
2024-10-26 21:51:06	kamalaharris nerve stand near lowering prices food one caused skyrocketing begin withkamalaharris office isnt fixing kamala lying marxist fraud	#kamalaharris #Kamala
2024-10-26 21:51:55	kamala harris p u cares g insanity weird v e n trump trumps revenge vance	#KamalaHarris #KamalaHarris2024 #Kamala #KamalaHarris4POTUS2024 #KamalaCaresForUS #MAGA #MAGA2024 #MAGAInsanity #MAGAIsWeird #MAGAIsWeird #MAGAMOVEMENT #Trump #Trump2024 #TrumpsRevenge2024 #Trump2024Vance
2024-10-26 21:53:02	kamala lies trump raise sales tax bullshit kalamazoo michigan liar stupid followers cares u president lying harriswins vp karma get	#Kamala #Trump #Kalamazoo #Michigan #KamalaCaresForUS #Kamala4President2024
2024-10-26 21:53:07	kamalaharrissol kamala harper sol harris p u	#KamalaHarris #KamalaHarris4POTUS2024 #Kamala
2024-10-26 21:55:16	yall didnt know obama first biracial president never black kamala people needs wake voting doesnt matter going want anyway	#obama #Kamala #biracial #people #voting
2024-10-26 21:55:19	kamalas joyful warrior dead much like tens thousands kids gaza	#Kamala #Gaza
2024-10-26 21:55:31	immeme sane kamala supporter harris election presidential presidentialelection	#KamalaHarris #KamalaHarris2024 #Kamala #Election #election2024 #PresidentialElection2024 #Presidentialelection
2024-10-26 21:56:21	kamala kamalaharris election	#kamala #kamalaharris #election2024
2024-10-26 21:56:50	een incident iemand schreeuwt dat hij geen oorlog meer wil kamala harris kalamazoo election chrisaalberts	#kamala #harris #kalamazoo #election
2024-10-26 21:56:56	livestream erie pennsylvania bernie sanders kamala harris trump good example kids even many republicans agree threat democracy hope protecting climate cares people billionaires	#Pennsylvania #BernieSanders #KamalaHarris #Kamala #Harris
2024-10-26 21:57:06	rfk jr vote kamala nuclear war	#Kamala
2024-10-26 21:57:18	looks like kamala brought big guns mike aka michelle obama convince people settle fake black woman	#Kamala
2024-10-26 21:57:24	kamalas campaign going kamala	#kamala
2024-10-26 21:58:18	anyone vote kamala trump	#Vote #Kamala #Trump2024
2024-10-26 21:59:09	democrat women wearing oversized mens suits kamala michelle obama	#Kamala #MichelleObama
2024-10-26 21:59:48	kamalaharris kamalahq kamala reach dense	#Kamala
2024-10-26 22:00:16	ive watching every speech candidates kamala harris donald trump clearly see racist think please r larger sample	#KamalaHarris #DonaldTrump #Kamala #Harris #Donald #Trump #RT
2024-10-26 22:00:18	democrat candidate president kamala	#Kamala
2024-10-26 22:00:19	something kamala harris	#DoSomething #KamalaHarris2024 #Kamala
2024-10-26 22:00:36	shes hitting speech flawlessly kamala	#Kamala
2024-10-26 22:00:55	pegkel kaivanshroff johnpavlovitz bad persona better real kamala least believable days	#AI #Kamala
2024-10-26 22:00:59	bennyjohnson cowmala clownmala skamala kamala scamala blackface laughing cow hyena laugh vote g trump respect u america	#Cowmala #Clownmala #Skamala #Kamala #Scamala #blackface #laughingCow #Hyena #Laugh #Vote #MAGA #Trump #respect #US #America
2024-10-26 22:01:02	wallstreetapes people wealthy dont feel impact inflation theyre money kamala others writing big checks celebrities grab cash knowing democrats paying bucks especially desperation theyve	#inflation #Kamala #Democrats
2024-10-26 22:01:38	hes controlled opposition fake hero trump difference joe rogan podcaster politician kamala	#Trump #JoeRogan #Kamala
2024-10-26 22:01:43	bren seldengadawgs realjameswoods shes jordan bowen one screaming toddlerin toddlers faceis paid kamala harris pro choiceorganizer ive mentioned hates children workers hate anyone fights hard rip babies apart sick	#JordanBowen #kamala #harris #ProChoice #kamalaHarris
2024-10-26 22:02:08	trumpwarroom continues tell us already know ones whove suffered watch kamala unhinged	#Kamala
2024-10-26 22:03:02	holy shit kamala done	#Kamala
2024-10-26 22:03:04	cenkuygur theyoungturks kamala shown true cruelty people prosecutor	#Kamala
2024-10-26 22:03:46	lelandpalmer bennyjohnson kamala says lot flips frequently words rarely match actions even rare cases word salad gibberish least deciphered	#Kamala
2024-10-26 22:04:20	trump fascist nzi huh joe rogan kamala biden dnc	#Trump2024 #JoeRogan #Kamala #Biden #dnc
2024-10-26 22:05:48	outspokensam people wealthy dont feel impact inflation theyre money kamala others writing big checks celebrities grab cash knowing democrats paying bucks especially desperation theyve	#inflation #Kamala #Democrats
2024-10-26 22:06:01	dont wanna vote trump least rfkelonand tulsi comparison side even close kamala	#trump #kamala #2024
2024-10-26 22:08:36	timrunshismouth truth kamala	#Kamala
2024-10-26 22:08:47	heforshe feminism rapeculture roe roev wade roevember overturned p kamala harris abortion healthcare	#MeToo #heforshe #Feminism #rapeculture #roe #RoevWade #Roevember #RoeOverturned #p2 #KamalaHarris #Kamala #AbortionIsHealthcare
2024-10-26 22:09:12	kamala harris walz vote blue asif lives dependonit	#Kamala #HarrisWalz #VoteBlue #VoteBlueAsifYourLivesDependonit
2024-10-26 22:10:03	pennsylvania kamala doesnt give frack v e r u p n c	#Kamala #VOTETRUMPVANCE2024
2024-10-26 22:11:00	kamala fkn lunatic realdonaldtrump	#kamala
2024-10-26 22:11:22	cannot reshared enough viral kamala harris waltz	#viral #viral2024 #Kamala #Harris #HarrisWaltz2024
2024-10-26 22:11:29	voted early today kamala tim vote voteblue voteearly fordemocracy hope harris walz kamalaharris timwalz	#Kamala #Tim #vote #voteblue #voteearly #fordemocracy #Hope #Harris_Walz2024
2024-10-26 22:12:13	young men women kamala called stupid vote herto student denied right freedom speech supporting gaza n v e k l	#kamala #you #vote #gaza #DO #NOT #VOTE #KAMALA
2024-10-26 22:12:39	notorious serial liar kamala harris bing mocked diddys friend beyonc fails perform houston texas rally deceiving lied baited people free concert wasnt one paid million speak minutes austin elpaso	#Kamala #Houston #Texas #Austin #Elpaso
2024-10-26 22:12:52	epic kamala fail fyp funny trump via youtube	#fyp #funny #kamala #trump
2024-10-26 22:13:04	trust kamala	#Kamala
2024-10-26 22:13:14	redpilldrifter vp harriswins kamala	#Kamala
2024-10-26 22:14:01	kamalas star twerker beyonce show jesus trump g h u ireland canada poland japan australia f c spacex n realdonaldtrump jdvance robertkennedyjr elonmusk christians catholics kamala e w wa po melt b crypto	#Jesus #Trump2024 #MAGA #MAHA #USA #Ireland #Canada #Poland #Japan #Australia #UFC #spacex #NASA #Christians #Catholics #Kamala #EU #WW3 #WaPoMeltDown #BTC #Crypto #Beyonce
2024-10-26 22:14:04	kamala harris oswald bates check davidbdesancheezys video tik tok	#Kamala #TikTok
2024-10-26 22:14:18	cowmala clownmala skamala kamala scamala blackface laughing cow hyena laugh vote g trump respect u america	#Cowmala #Clownmala #Skamala #Kamala #Scamala #blackface #laughingCow #Hyena #Laugh #Vote #MAGA #Trump #respect #US #America
2024-10-26 22:14:39	ai vs hi kamala harris campaign ad parody went virus elon musks retweet	#Kamala #Harris #Elon #Musk
2024-10-26 22:14:47	look fake doctors cant help emergency medical situation someone needs investigate really amp didnt uphold oath real im betting paid actors like kamel toes supporters kamala	#Kamala
2024-10-26 22:15:23	falta das para las elecciones de usa vamos kamala	#Kamala
2024-10-26 22:15:38	cant get point across facts start screaming people walk away action others thinks sign strength nah strong women dont need raise voice look baby follow kamala	#Kamala
2024-10-26 22:16:02	kamala liar vote early	#Kamala #Liar #VoteEarly
2024-10-26 22:16:32	jimstewartson indeed tfg staging fullon campaign gangsta gaslighting amp brimstone appears blackface practicing n c madison square garden garbage anger doom rally trumps project plan already going action better read asap v e kamala	#NYC #MadisonSquareGarden #Project2025 #VOTE #Kamala
2024-10-26 22:16:49	voted confirm tally far kamala trump v e vote blue upand ballot harris waltz	#VOTE #VoteBlueUpandDownBallot #Kamala #HarrisWaltz2024
2024-10-26 22:16:50	qu reglas tenemos derechos de la primera enmienda para libertad expresin kamala harris es fascista redes soaciales neo censura woke u elecciones ka l pedro nchez medios independientes digitales libre expresi n	#RedesSoaciales #NeoCensura #Woke #USA #Elecciones #USA #kaMALA #PedroSánchez #Medios #Independientes #Digitales #Libre #Expresión
2024-10-26 22:16:59	kamala return shopping carts thats need know	#Kamala
2024-10-26 22:17:08	kamala trump tiene el mismo marte en leo ambos tienen al sol signos de aire uno gminis otro libra nodo norte jpiter stos estn regidos por venus incluso nacieron bajo la lunallena una	#Kamala #Trump #lunallena
2024-10-26 22:17:15	shericarter friend london sent poll says va amp minn likely going holds might end low said thats minimum well seem pretty confident maybe wy labour party aiding k l petrified	#KAMALA
2024-10-26 22:18:04	fake kamala campaign haha communitynotes notes win klown kult loses	#Kamala
2024-10-26 22:18:05	mmejen harriswins kamala evil woman	#Kamala
2024-10-26 22:18:26	sorry happened mother vote kamala realdonaldtrump black mom speaks	#kamala
2024-10-26 22:19:09	repeat black person votes kamala idiot endorsement trump folk vote	#Kamala #Trump
2024-10-26 22:19:30	stephenm lol well wont help kamala harris going win popular electoral college many republican indys switching blue hate trump	#Kamala #Trump
2024-10-26 22:19:34	beyonce amber rose kamala trump	#beyonce #AmberRose #kamala #trump
2024-10-26 22:19:43	vote real issues affect beyonce got plenty money dont worry surviving kamala	#Beyonce #Kamala
2024-10-26 22:19:57	popbase kamala evil	#Kamala
2024-10-26 22:19:59	kamala harris regretthis moment funny americanpolitician c via youtube	#kamala #funny #americanpolitician #c
2024-10-26 22:20:28	kamala harris summed following phrases ambitions aspirations unburdened think fell coconut tree grew middle class aint installed presidential election	#Kamala #KamalaAintIt #KamalaIsInstalled #KamalaHarris #PresidentialElection2024
2024-10-26 22:20:45	fun fact view live rallies obamas trump kamala	#Obamas #trump #kamala
2024-10-26 22:22:07	kamalaharris kamalahq vp kamala harris lyingplagiarizing marxist fraud	#Kamala #KamalaHarris
2024-10-26 22:22:14	r u p either complete idiot illuminati threat tell blacks mouth magnificent things hes done ghettos k l hasnt n g e thing entire life fake amp evil c	#TRUMP #KAMALA #SINGLE #RACIST
2024-10-26 22:22:18	omg kalamas cocaine white house kamala	#Kamala
2024-10-26 22:22:32	n israel iran racist russia black hezbollah w kamala trump blm obama derangement syndrome antiwhite antiisrael antirussian provax pro hamas sentiments led demise united states	#NATO #Israel #Iran #racist #Russia #black #Hezbollah #WWIII #Kamala #Trump
2024-10-26 22:22:36	kamala grew middle class amp didnt opportunities fair hold standards changed iq scale make things equitable	#Kamala
2024-10-26 22:22:43	antiwokememes empoweringwomen kamala	#empoweringwomen #Kamala
2024-10-26 22:23:15	choice simple realdonaldtrump peace kamala ww w nuclear powers trump	#Kamala #Trump2024
2024-10-26 22:23:17	fake doctors n c pays kamala supporting actors jesus trump g h u ireland canada poland japan australia f spacex realdonaldtrump jdvance robertkennedyjr elonmusk christians catholics e w wa po melt b crypto	#DNC #Jesus #Trump2024 #MAGA #MAHA #USA #Ireland #Canada #Poland #Japan #Australia #UFC #spacex #NASA #Christians #Catholics #Kamala #EU #WW3 #WaPoMeltDown #BTC #Crypto
2024-10-26 22:23:43	theinfinitedude fake photo kamala real white girl mc donalds worked really work	#Kamala #McDonalds #KamalaWorkedAtMcDonalds #SheReallyDidWorkAtMcDonalds
2024-10-26 22:23:49	kamala trump vance g	#Kamala #TrumpVance2024 #MAGA
2024-10-26 22:23:58	kamala harris maga trump affairs marrying ugly men ie willie husband behaving like complete airhead sounding one laughing inappropriately mean girl dressing man pronouncing trumps name	#KamalaHarris #Kamala #maga #trump
2024-10-26 22:23:58	biden kamala policies administration	#biden #kamala
2024-10-26 22:24:17	supporters kamala beyond healing ppl gone insane totally wokeismidentityconfusion already arrived india	#Kamala
2024-10-26 22:24:24	kamala vs trump	#kamala #trump
2024-10-26 22:25:02	beyonc kamalas rally makes sense someone black daughters looks immensely important see women president monumental kamala beyonce	#kamala #beyonce
2024-10-26 22:25:16	harrisrally houston rally kamala ms president k harris yaestuvo latinosforharris turntexasblue turngeorgiablue turnfloridablue turnpennsylvaniablue win harriswalzlandslide	#Harrisrally #Houston #rally #Kamala #MsPresident #30K #HoustonHarrisRally2024 #yaestuvo #latinosforharris2024 #turntexasblue #turngeorgiablue #turnfloridablue #turnpennsylvaniablue #win #harriswalzlandslide2024
2024-10-26 22:25:45	kamala always short promises	#kamala
2024-10-26 22:26:28	democrats kamala	#Democrats #Kamala
2024-10-26 22:26:45	jeanienyc alioop curious many newspapers run big deal newspaper wishes posts decision participate kamala love fest zero impact election plenty still ass	#Kamala
2024-10-26 22:26:47	kamalas non twerking side show jesus trump r u p g h ireland canada poland japan australia f c spacex n realdonaldtrump jdvance robertkennedyjr elonmusk christians catholics kamala e w wa po melt b crypto	#Jesus #Trump2024 #TRUMP #MAGA #MAHA #USA #Ireland #Canada #Poland #Japan #Australia #UFC #spacex #NASA #Christians #Catholics #Kamala #EU #WW3 #WaPoMeltDown #BTC #Crypto #DNC #UFC308
2024-10-26 22:26:51	realdonaldtrump give military veterans respect attention deserve especially true american hero people like kamala dont understand friends head rolled past beach iwo jima	#veterans #Kamala
2024-10-26 22:26:55	kingsrush bailamos si se puede cuando luchamos ganamos kamala harris walz vote g v hombres latinos latinas oritas ores c hablamos espa ol	#bailamos #SiSePuede #CuandoLuchamosGanamos #KamalaHarris #Kamala #HarrisWalz #Vote #GOTV #HombresLatinos #Latinos #Latinas #Señoritas #Señores #DACA #HablamosEspañol
2024-10-26 22:27:33	man high drugs keep upright basically truth serum kamala	#kamala
2024-10-26 22:27:38	biden kamala trump	#biden #kamala #trump
2024-10-26 22:27:47	epic michelle obama nailed election kamala	#MichelleObama #2024Election #Kamala
2024-10-26 22:28:06	sorry obamas kamala walz relatable work living never owned business try minnesota pay taxes cnn vote r g h future election trump red save america	#Obamas #Kamala #Walz #work #business #Minnesota #taxes #voteRIGHT #VoteForOurFuture #election #Trump #VoteRedToSaveAmerica
2024-10-26 22:28:06	ha jeffbezos crushes washingtonpost endorsement trans kamala business leaders expect realdonaldtrump amp jdvance beat vp kamalaharris govtimwalz landslide victory election day fly eagles dont clip wings	#Trans #Kamala #ElectionDay #election2024 #FlyEaglesFly
2024-10-26 22:29:23	family voting kamala americas best pics videos	#family #voting #kamala #AmericasBestPicsAndVideos
2024-10-26 22:29:42	cmo en c n todo el legacy media con la kamala	#CNN #LegacyMedia #Kamala
2024-10-26 22:30:19	mandela effect think may jumped new timeline washington post la times fail endorse harris kamala kamalaharris endorsement washintonpost latimes election	#kamala #kamalaharris #endorsement #election2024
2024-10-26 22:31:46	someone tell hell wrong lady shes acting like friggin psycho wtf kamala trump election g h u k	#PsychoKamala #Kamala #Trump #Trump2024 #Election #Election2024 #MAGA #MAHA #MAGA2024 #Election2024 #UK
2024-10-26 22:32:15	teleprompter beyonce kamala	#teleprompter #Beyonce #kamala
2024-10-26 22:32:17	clownworld kamalaharris pure evilwake americathis woman demoncrats worst society cant comprehend anyone half brain cell see lies hate people propagate video shows truly evil kamala harris walz	#Kamala #Harris #HarrisWalz
2024-10-26 22:32:36	trump vs kamala	#trump #kamala
2024-10-26 22:33:06	fight vote donald trump jesus r u p g h ireland canada poland japan australia f c spacex n realdonaldtrump jdvance robertkennedyjr elonmusk christians catholics kamala e w wa po melt b crypto	#Jesus #Trump2024 #TRUMP #MAGA #MAHA #USA #Ireland #Canada #Poland #Japan #Australia #UFC #spacex #NASA #Christians #Catholics #Kamala #EU #WW3 #WaPoMeltDown #BTC #Crypto
2024-10-26 22:33:41	wtf shit kamala cringe	#kamala #cringe
2024-10-26 22:34:01	im business attorney met russians negotiated deals russia open usbased companies big deal hear read keith arrest immediately olbermann elon musk cocaine kamala trump g	#Russia #KeithOlbermann #Elon #ElonMusk #CocaineKamala #Kamala #Trump #MAGA
2024-10-26 22:34:01	promises made kept k l screw voters	#KAMALA
2024-10-26 22:34:11	michelle obama donald trump kamala harris	#MichelleObama #Trump #DonaldTrump #KamalaHarris #Kamala
2024-10-26 22:34:15	trans kamala rallies lame michelleobama destroying future political possibilities batting vp kamalaharris expected lose landslide realdonaldtrump election day fly eagles amp dont clip wings	#Trans #Kamala #ElectionDay #election2024 #FlyEaglesFly
2024-10-26 22:34:29	nbcpolitics kamala looks exhaustednwith hollow cheeks tired eyes rattling usual talking points sloppily without conviction passion wonder needed take days fit job	#kamala
2024-10-26 22:34:59	kamalaharris beyonce kellyrowland hey kamala harris supporters wins youll get better economy affordable groceries opportunities like got concert	#KamalaHarris #Kamala #Beyonce
2024-10-26 22:35:15	elon musk kamala trump	#ElonMusk #kamala #trump
2024-10-26 22:36:04	tristansnell voted early today person kamala voteblue	#kamala #voteblue
2024-10-26 22:36:48	asking friend kamala usa question foryoupage	#kamala #usa #question #foryoupage
2024-10-26 22:37:37	michelleobama high kamala cant even perform make sense cnn town hall wants prove shes able hold needs sit joerogan megynkelly seanhannity foxnews would crash amp burn kamalaharris	#Kamala
2024-10-26 22:37:42	washington post planeaba pedir el voto por kamala frente trump en las elecciones presidenciales del de noviembre pero su dueo jeff bezos ha decidido que peridico apoye ningn candidato un editorialista renunci wa po melt	#Kamala #WaPoMeltDown
2024-10-26 22:37:52	kamala booed houston rally beyonc concert promise turns another hoax	#Kamala #Beyoncé
2024-10-26 22:38:29	cbdoge bring kamala first test	#Kamala
2024-10-26 22:39:32	hysterical kamala harris greatest weakness doesnt bullshit confidently rather prefers contemplation thats someone prefer spew nonsense words rambling minutes never answering question	#Kamala
2024-10-26 22:40:18	everyone watched would final nail kamalas coffin trump g h	#Kamala #Trump #MAGA #MAHA
2024-10-26 22:40:56	kamala always bad bet	#Kamala
2024-10-26 22:41:00	shocker desperation brings desperate acts theres real image kamala working mcdonalds never worked mc donalds	#kamala #McDonalds
2024-10-26 22:41:27	typical democrat strategy even dearly departed arent safe kamalas work historyor ballot box guess theyre already preparing vote beyond campaign	#Democrat #departed #Kamala #ballot #2024 #VoteFromBeyond #campaign
2024-10-26 22:41:27	repdean clueless happening pennsylvania kamala policies help citizens pa n b c trump last stand g wpht	#Pennsylvania #Kamala #MSNBC #Trump2024TheLastStand #MAGA
2024-10-26 22:41:29	donald harris ojciec kamala	#Harris #Kamala
2024-10-26 22:41:39	undecided voter really wish way tell side good evil dang tough trump v kamala	#Trump #Kamala
2024-10-26 22:41:56	latinusus cuntos defectos tiene realdonaldtrump es mejor opcin que kamalaharris hoy israel bombarde ir n con kamala democratpartyus demcrata slo de nombre en gobierno esa guerra ser mundial afortunadamente el f r u ede amlo dej tranquilo mxico	#Israel #Irán #kamala #FRAUDEde_amlo
2024-10-26 22:42:36	julio shiling en entrevista con andy chirinos news latinoamrica sobre elecciones trump encuestas atentados polticas crticas kamala por jose tarano via juliomshiling	#DNews #Elecciones2024 #Trump #Kamala
2024-10-26 22:43:58	nation endorses kamala harris america	#Kamala #HarrisForAmerica
2024-10-26 22:44:22	wanna president us america kamala morales character picking lead nation donno words choose better leave x family	#Kamala
2024-10-26 22:44:49	kamala rally white liberal woman screaming childs face black lady stopped chewed dear thank privilege countryman democrats trump g cocaine election groped	#Kamala #Democrats #Trump #MAGA #CocaineKamala #Election #KamalaGropedMe
2024-10-26 22:44:56	jordan bowen kamalahq kamalaharris side left pay protestors scream children congratulations kamala harris represent	#JordanBowen #KamalaHarris #Kamala
2024-10-26 22:45:07	got stuck overflow room sold rally kamala michelle obamacould asked better bad luck damn kamalazoo harris walz kalamazoo feetaway vote	#Kamala #MichelleObama #kamalazoo #HarrisWalz2024 #Kalamazoo #150feetaway #vote
2024-10-26 22:45:46	tarabull yes thedemocrats would calm amp assured krazy kamala win didnt something sinister ready play remember r u p trump elected biden harris f harrris walz voter fraud	#Kamala #2020TRUMPWon #Trump2020WasElected #BidenHarris2020FRAUD #BidenHarris2020WereNotElected #HarrrisWalz2024VoterFraud
2024-10-26 22:45:56	therealroseanne truth kamala crime	#Kamala #Crime
2024-10-26 22:47:02	tylerhnorris phone banked nc today surprised undecided voters im banking tomorrow next weekend kamala trump existential threat	#Kamala #TrumpIsAnExistentialThreat
2024-10-26 22:47:14	mikecrispi using stupid line go small rall street kamalaharris vp kamala harris lying fraud vote red save america trump vance democrats destroying	#Kamala #KamalaHarris #VoteRedToSaveAmerica #TrumpVance2024 #DemocratsAreDestroyingAmerica
2024-10-26 22:48:19	trump vance kamala americas best pics videos	#trump #vance #kamala #AmericasBestPicsAndVideos
2024-10-26 22:48:50	krassenstein anyone else find odd seem gaslightingtalking djt plan fixing real problems policies created american citizens last years parody genuine observation kamala harris walz trump	#Kamala #Harris_Walz2024 #Trump2024
2024-10-26 22:50:23	wheres free concert kamala trump vance	#Kamala #TrumpVance2024
2024-10-26 22:50:36	youtube rambling hes getting endorsement democratic hamtramck mayor majority muslim city allmuslim council big dont think kamala recover	#Democratic #Hamtramck #Muslim #Kamala
2024-10-26 22:51:03	photoshopped photo kamala harris mc donalds uniform kamalaharris vp never worked mcdonalds	#KamalaHarris #McDonalds #Kamala
2024-10-26 22:51:23	watch anything today trump kamala	#trump #kamala
2024-10-26 22:52:50	watched part yr old donald trumps rally besides looney looks sounds tired dragging leg stroke trump kamala harris beyonce joe rogan meetthepress	#DonaldTrump #Trump #KamalaHarris #Kamala #Beyonce #JoeRogan
2024-10-26 22:53:04	seltzerwaterllc qtrresearch kamala trump others chance winning	#kamala #Trump
2024-10-26 22:53:33	lol trump kamala vance	#Trump #Kamala #TrumpVance2024
2024-10-26 22:54:25	kamala work hard protect womens healthcare rights f r e vote blue democracy women seniors daughter wife mother michigan arizona police georgia	#Kamala #womens #Healthcare #Rights #FREEDOMS #VoteBlue2024ProtectDemocracy #VoteBlue2024ProtectWomensRights #women #Seniors #daughter #wife #Mother #Michigan #Arizona #Police #Georgia
2024-10-26 22:54:34	labradoryuki yeah totally agree housemate uses amazon lot kamala supporter said giving bridge far notice lots people cancelling w p though wouldbe oligarchs going back	#Kamala #Amazon #WAPO #NotGoingBack
2024-10-26 22:55:17	kamalaharris realdonaldtrump babies suffering dying kamalas democrats heartless abortion policies	#Kamala
2024-10-26 22:55:35	lol part earlier trump kamala vance	#Trump #Kamala #TrumpVance2024
2024-10-26 22:55:36	think election results showing see enthusiasm gap high trump low kamala something seriously wrong faith elections	#Trump #Kamala
2024-10-26 22:56:33	hodgetwins applause women checking kamala trash screaming child	#Kamala #Trash
2024-10-26 22:56:35	large portion country represents wrong people beyond vile behavior jd vance needs head examined votel kamala harris	#Kamala
2024-10-26 22:57:02	kamala election venezuelan illegal migrant gangs taken apartment bldgs san antonio tx well colprado enoigh democrat supporters stop electing morons	#kamala #election
2024-10-26 22:58:00	kamala goes joerogan hapless vp joe rogan vote trump elections	#Kamala #hapless #JoeRogan #JoeRoganKamala #VoteTrump #Elections2024
2024-10-26 22:58:10	cakitchener send pictures disgusting stories washingtoncompost needs exposed light going die darkness pathetic kamala awful candidate forced everyones throats	#Washingtoncompost #Kamala
2024-10-26 22:58:36	kamala harris walz indie lead country	#KamalaHarris #KamalaHarris2024 #Kamala #Harris_Walz2024
2024-10-26 22:58:46	voting donald j trump tomorrow nj watching im waiting new jersey york n times kamala g harris democrats post washington california c p h	#DonaldJTrump #NewJersey #NewYork #NYTimes #Kamala #MAGA #KamalaHarris #Democrats #NYPost #WashingtonPost #California #CA #PA #MAHA
2024-10-26 22:58:57	kamala moron marxist lunatic	#Kamala
2024-10-26 22:59:26	big gretch kamala beer bar kalamazoo fn cool vote blue ballot harris walz	#Kamala #VoteBlueDownBallot #HarrisWalz2024
2024-10-26 23:00:40	reach perfection must overcome world sin war inspiration stl kamala	#sin #war #inspiration #stl #kamala
2024-10-26 23:00:43	people quick pull diddy card kamala trump done similar far worse things make sensekamala	#Kamala
2024-10-26 23:01:34	guess else kamala lied	#Kamala
2024-10-26 23:01:34	stake vote like life sisters daughters nieces depends roevember blue protect womens rights kamala	#Roevember #VoteBlue2024ProtectWomensRights #VoteBlue #Kamala
2024-10-26 23:01:35	mark cuban best markcuban trump kamala harris walz election news trumpisgarbage shark tank	#markcuban #trump #kamala #HarrisWalz #Election #news #trumpisgarbage #SharkTank
2024-10-26 23:03:44	ronfilipkowski e creeepy even close rallys kamala	#Kamala
2024-10-26 23:03:57	republicancad team trump kamala doesnt even understand america republic democracy isnt good lawyer news brainwashing designed protect	#TeamTrump #Kamala
2024-10-26 23:03:57	atensnut truth kamala	#Kamala
2024-10-26 23:04:18	trump kamala liar	#Kamala
2024-10-26 23:04:42	trump pulls nato russia turn europe apocalyptic war zone beautiful cities flattened countless children would bombed death dont let destroy donaldtrump kamala kamalaharris uselection ww	#trump #donaldtrump #kamala #kamalaharris #nato #uselection #ww3
2024-10-26 23:04:57	another kamala supporter	#Kamala
2024-10-26 23:05:07	harriswins kamala doesnt even understand america republic democracy isnt good lawyer news brainwashing designed protect team trump	#Kamala #TeamTrump2024
2024-10-26 23:05:21	kamala chosen one jesus lord savior angel	#Kamala #jesus #lord #savior #angel
2024-10-26 23:05:27	kamala moron marxist lunatic learned abuse power given	#Kamala
2024-10-26 23:05:31	kamala lol	#kamala
2024-10-26 23:05:32	diddy friends usher beyonc support kamala ok	#Diddy #usher #Beyoncé #Kamala
2024-10-26 23:05:52	kamala beyonce	#kamala #beyonce
2024-10-26 23:06:08	v e kamala	#VOTE #Kamala
2024-10-26 23:08:15	kamala showing marxist operate abuse power get	#Kamala
2024-10-26 23:08:21	donald trump compared running president super bowl cannot man said usa x bigger men throwing football around entertainment doomed election kamala vote	#election #trump #kamala #Vote
2024-10-26 23:09:17	michael obama said go behind husbands backs vote kamala wtf people want without someone lecturing yall desperate definitely lost male since think women baby vessels	#obama #kamala
2024-10-26 23:09:27	kamala vs trump joe rogan	#kamala #trump #JoeRogan
2024-10-26 23:10:00	nos trump doet beide al maanden wat lullen jullie nou weer hij gaat zelfs aan tafel bij de meest corrupte linkse mediastations en maakt ze helemaal af tegenstelling tot elke keer als kamala dr waffel opentrekt zo slecht dat peilingen met meerdere	#Trump #Kamala
2024-10-26 23:10:18	wanna bad literally took whole speech say louder people back darealamberrose beyonce amber rose kamala trump	#Beyonce #AmberRose #Kamala #Trump
2024-10-26 23:10:24	shawnryan million views less hours think cackling kamala could go around round joe rogan dont	#Kamala #JoeRogan
2024-10-26 23:10:38	kamala says middle class family cries abortion serious issues freedom stake joerogan obamas	#Kamala #Obamas
2024-10-26 23:11:00	writing letters kamala believe future wants lead us votefwd	#Kamala
2024-10-26 23:12:39	million views world less hours loves trump cant lose legitimately lets see kamala talk hrs rogan joerogan donald	#kamala #joerogan #DonaldTrump
2024-10-26 23:13:13	probably kamala	#Kamala
2024-10-26 23:13:13	suzcrimi kamala sinister power hungry human yes trump shes much worse	#Kamala #Trump
2024-10-26 23:13:59	kamala hard time lowering prices leftist democrats boycott amazon ill happy pay higher price point	#kamala #BoycottAmazon
2024-10-26 23:14:08	mmpadellan freedoms women years kamala trafficking girls children	#Freedoms #Kamala
2024-10-26 23:14:25	check madhouse morning show uncensored live following platforms x insanethrottle rumble politics podcast r u p k l e c n b w radioshow	#politics #podcast #TRUMP #KAMALA #ELECTION #RADIO #BIKERNEWS #radioshow
2024-10-26 23:15:30	could child whats wrong person oh true kamala walz	#kamala #walz
2024-10-26 23:16:32	kamala voters sick freaks nature harris	#Kamala #Kamala
2024-10-26 23:16:41	kamalahq michelleobama speech worthy nobel prize incredibly powerful words thank speaking behalf many americans believe nd trump term would destroy democracy human rights votela vote save america kamala love michelle obama	#Vote #Vote #SaveAmerica #Kamala #LoveMichelleObama
2024-10-26 23:16:54	kamala beyonce typical left empty promises bait amp switch	#Kamala #Beyonce
2024-10-26 23:17:32	mayor adams refutes kamala harris says trump fascist urges dems dial temperature think hes voting	#Kamala #Trump #Trump2024
2024-10-26 23:17:38	landslide map look like kamala trump l n e	#Kamala #Trump #LANDSLIDE
2024-10-26 23:17:52	throne lies kamala beyonce v e lie	#Kamala #Beyonce #VOTE #lie
2024-10-26 23:18:14	vp potus hahaaaa instead takng hm ut took tp everything leftsts always backfires r u p ever k l never fight f g h	#TRUMP #KAMALA #FightFightFIGHT
2024-10-26 23:18:47	gretchenwhitmer kamala lead vote right	#Kamala #Vote
2024-10-26 23:19:20	words whole new meaning link bruce springsteen kamala	#BruceSpringsteen #Kamala
2024-10-26 23:19:48	kamala supporters lowlife degenerate shit stains society ones uneducated realize whats actually going country kamalahq deportation vote trump vance hates america save	#Kamala #deportation #VoteTrump2024 #Trump2024Vance #KamalaHatesAmerica #TrumpToSaveAmerica
2024-10-26 23:19:52	kamala absolutely wrecked man forever owns never recover	#kamala
2024-10-26 23:19:57	cortessteve anyone consistently disappointed america americans barack obama michelle supposed uplifting every time obamas appear though mom dad sitting talking kamala	#Kamala
2024-10-26 23:20:47	mmpadellan youre cooked hour podcast kamala maybe minutes includes laughing	#Kamala
2024-10-26 23:20:50	thedettimes nfldovkleiman spread word kamala loser	#Kamala
2024-10-26 23:21:50	petebuttigieg oopsie hr petey kamala border czar reals	#Kamala #BorderCzar
2024-10-26 23:22:28	trump orange incompetent sexual predator mental declinea convicted felona lying imbecilefailed businessman conman hustler racist hateful misogynist narcissist forget anything kamala michelle obama	#Trump #Kamala #MichelleObama
2024-10-26 23:23:38	watch pandasub try convince undecided voter vote trump kamala beautiful woman happen rumblevideo	#Trump2024 #Kamala
2024-10-26 23:24:04	another brainless harris tootsie everybody community grown woman finds acceptable abuse traumatize toddler cackling people potus kamala p u	#Harris #HarrisForThePeople #HarrisForPotus2024 #KamalaHarris #KamalaHarris2024 #KamalaHarris4POTUS2024 #Kamala
2024-10-26 23:25:59	agentw suzcrimi kellycutrara cnn msnbc realdonaldtrump spent least hour phone yr old parents law going trumps flaws amp fears clue kamala much closer satan glaring example broken news might well put commie loudspeakers	#Kamala #Satan
2024-10-26 23:26:13	beyonce kamala joke beyonc knows aint gonna win anything shes good trump america heading towards dark ages	#BeyonceForKamala #Kamala
2024-10-26 23:26:25	democrats vote kamala harris kamalaharris vp evilshe wants power control americansshe thinks funny sign destroy peoples lives laughs trump save america michelle obama beyonce kamalahq	#Democrats #KamalaHarris #Kamala #VoteTrump2024ToSaveAmerica #MichelleObama #Beyonce
2024-10-26 23:27:58	vp kamala wants compromise nd amendment happening cant even think straight ronald reagan constitution	#Kamala #2ndAmendment #RonaldReagan #Constitution
2024-10-26 23:28:22	major law enforcement screwup led murder journalist chauncey bailey wasnt kamala harris trump claims keystone cops oakland police department p	#Kamala #Trump #OPD
2024-10-26 23:28:56	kamala harris p u threat democracy really bad fucking idea means guest	#KamalaHarris #KamalaHarris2024 #Kamala #KamalaHarris4POTUS2024 #KamalaThreatToOurDemocracy
2024-10-26 23:29:51	notice every event kamala loses control crowd would woman protect country	#kamala
2024-10-26 23:30:31	holy smokes kamala gets heckled called piece sht booed loudly antiwar protestors kalamazoo mi rally joy gone	#Kamala #rally
2024-10-26 23:30:56	georgialogcabin migrant invasion bankrupt schools hospitals medicare social security bucksexton claytravis tomilahren seanhannity ingrahamangle dbongino dineshdsouza trump maga kamala harris	#Trump2024 #Maga2024 #Kamala #KamalaHarris #KamalaHarris2024
2024-10-26 23:31:55	hurricanehelenevictims kamala	#hurricanehelenevictims #kamala
2024-10-26 23:31:57	un clsico la reina del technicolor mara monts oriunda de barahona repblica dominicana ah hollywood mujeres que triunfan murio en pars francia el clasico garime k mala kerime	#ElClasico #Garime #Kámala #Kerime
2024-10-26 23:31:59	democrats liars kamala	#DemocratsAreLiars #kamala
2024-10-26 23:31:59	kamala trash	#kamala #trash
2024-10-26 23:32:18	hey harris supporters youre furious lied regarding beyonce performing wait see feel realize kamala economy border taxes crime g trump go woke broke	#Harris #Beyonce #Kamala #economy #border #taxes #crime #MAGA #Trump #GoWokeGoBroke
2024-10-26 23:32:54	realdrjaneruby harrisdemocrats straight trash like kamala democrats used democrat trump	#Kamala #Democrats #Trump2024
2024-10-26 23:33:06	mrandyngo see proof could possibly need kamala worked sort job	#Kamala
2024-10-26 23:33:46	kamala beyonce scam scamala	#Kamala #Scam #Scamala
2024-10-26 23:37:18	vp potus unacceptable kamala wants pick tuition bill others made bad decision marxism	#Unacceptable #Kamala #Marxism
2024-10-26 23:37:31	unacceptable kamala wants pick tuition bill others made bad decision marxism	#Unacceptable #Kamala #Marxism
2024-10-26 23:37:50	beyonce kamala linked represent satan shed blood innocent children mockery jesus lamb slain us abortionismurder	#beyonce #kamala #abortionismurder
2024-10-26 23:38:12	kamala americas best pics videos	#re #did #kamala #AmericasBestPicsAndVideos
2024-10-26 23:38:16	brentscher kamalaharris feel small chance following happening team kamala know lose claims trump weaponize doj even though never goes extreme	#Kamala #Kamala #Trump #Trump #Kamala
2024-10-26 23:38:39	democrats new tactic drawing crowds celebs trump mingles directly public kamala relies elite support birthday parties stevie wonder speeches beyonce really way connect americans donald	#Democrats #Trump #Kamala #Americans #DonaldTrump
2024-10-26 23:40:05	somehow theyre tied trump kamala electionresult	#Trump #Kamala #electionresult2024
2024-10-26 23:40:50	trump kamala obama epstein list hurricane milton election tom hanks joe rogan	#Trump #Kamala #Obama #EpsteinList #HurricaneMilton #election #TomHanks #JoeRogan
2024-10-26 23:41:12	donald trump wins michigan goes win presidency impose legal muslim ban im going laugh cheer idiots harris walz kamala rally	#DonaldTrump #Michigan #Muslim #Trump #HarrisWalz #KamalaHarris #Kamala #TrumpRally
2024-10-26 23:41:29	kelliemeyernews beautiful elders deserve moment centuries overdue go k l vote blue asif lives dependonit	#KAMALA #VoteBlueAsifYourLivesDependonit
2024-10-26 23:43:36	neighbors cute kamala skeleton minneapolis	#kamala #minneapolis
2024-10-26 23:43:49	dogrightgirl kamala harris never	#Kamala #KamalaHarris #NeverAgain
2024-10-26 23:44:05	joeroganhq mallymkunmousey kamala needs expand reach boost numbers american people truly understand theyre voting	#Kamala
2024-10-26 23:44:27	photo young kamala serving fries mcdonalds reason record working faking like shes anything boss joe biden told mc donalds frenchfries faker	#kamala #McDonalds #Frenchfries #faker
2024-10-26 23:45:15	person cant even handle bad crowd kamala voters thereyou really think world leader like putin please	#Kamala
2024-10-26 23:45:22	gonna need bigger boat like great horror movie moment show creature struggling generational humorist needs likes follows kamala election conservativecartoons	#kamala #election2024 #conservativecartoons
2024-10-26 23:45:45	kamalaharris kamala destroyed country lets fire job	#Kamala
2024-10-26 23:45:48	kamala apparently campaign incapable telling truth	#Kamala
2024-10-26 23:46:09	kamala harris kamalaharris vp hitler democrats trump vance kennedy gabbard musk	#Kamala #KamalaHarris #Hitler #Democrats #TrumpVanceKennedyGabbardMusk2024
2024-10-26 23:46:42	ladies dont want hear watch full quoteoftheday quotes quotesaboutlife kamala trump kai big winner	#quoteoftheday #quotes #quotesaboutlife #kamala #Trump #KaiForBigWinner
2024-10-26 23:46:58	kamala done rallies going hand sounds desperate trump	#kamala #trump
2024-10-26 23:47:35	kamala yrs job resume track record yr high inflation credit card debt household national illegalimmigration afghanistan debacle ban fracking worldwar endless funds wars pennsylvania autoworkers v e r u p	#Kamala #inflation #Illegalimmigration #Fracking #Pennsylvania #Autoworkers #VOTETRUMP
2024-10-26 23:47:59	democrats move goal posts kamala trump covid vaccine voter	#democrats #kamala #trump #covid #vaccine #VoterID
2024-10-26 23:48:27	kamala female nothing distrust support antifa riots role border crisis lying joe biden health flip flopping issues inability lead country matters h e risfinejustnot r	#Kamala #Antifa #BorderCrisis #JoeBiden #HERisfinejustnotHER
2024-10-26 23:48:44	wtf kamala f r e k diddy combs anyone	#Kamala #FREAKOFF #DiddyCombs
2024-10-26 23:51:06	post contains graphic language donald trump please dont vote piece garbage v e kamala	#DonaldTrump #VOTE #Kamala
2024-10-26 23:51:17	tako izgleda kampanja ki izgublja vsi ne podpirajo kamala racisti sexisti	#Kamala #racist #sexist
2024-10-26 23:51:27	simple like kamala done	#kamala
2024-10-26 23:52:26	mahaalliance kamala female nothing distrust support antifa riots role border crisis lying joe biden health flip flopping issues inability lead country matters h e risfinejustnot r	#Kamala #Antifa #BorderCrisis #JoeBiden #HERisfinejustnotHER
2024-10-26 23:53:11	tristansnell yes early voting nj kamala	#Kamala
2024-10-26 23:53:14	ericldaugh democrats excited border czar kamala wasnt elected cant answer simple questions shes done horrible job last years picked someone else party management dems year	#BorderCzar #Kamala
2024-10-26 23:53:15	gordonj titaniumartnerd phillyinquirer kamala made huge mistake picking shapiro vp might cost election wanted secure michigan muslim vote endorsed trump tonight philadelphia inquirer story	#Kamala
2024-10-26 23:53:19	know donald played businessman tv inherited money hosted game show host actually qualifies president elections vote r e b l u trump kamala harris walz	#donald #elections2024 #VoteRED #VoteBLUE #Trump #Kamala #HarrisWalz
2024-10-26 23:53:35	kamala harris p u cares joe rogan could look like	#KamalaHarris #KamalaHarris2024 #Kamala #KamalaHarris4POTUS2024 #KamalaCaresForUS
2024-10-26 23:53:54	know realdonaldtrump lying lips moving vote harris walz truth reality amp unity protect body family reproduction rights l g b q n freedoms kamala swifties	#Harris #Walz #LGBTQ #Kamala #SwiftiesForKamala
2024-10-26 23:54:31	remembered vote kamala alsobrooksformd repraskin question go save country make america sane	#Kamala
2024-10-26 23:55:01	harris ripped trump campaign beyonc doesnt perform packed rally lied build crowd bait amp switch hoax get votes kamalahoax kamala beyonce f j b	#kamala #harris #BaitAndSwitch #SheLied #NoBeyonceAtKamalaRally #KamalaLied #FJB
2024-10-26 23:55:16	thats woman dozen dem repub women could run circles around inept kamala choose one next time	#Kamala
2024-10-26 23:56:14	vp kamalaharris secretservice explain kamalahq kamalahqlies megynkelly megynkellyshow kamala groped harris vote tim walz save america michelle obama said dope	#KamalaGropedMe #Kamala #Kamala2024 #KamalaHarris #KamalaHarris2024 #VoteKamalaHarrisAndTimWalz2024ToSaveAmerica #VoteKamala #MichelleObama
2024-10-26 23:56:45	never forget kamala democratic party always project accusing others everything democrats actually lie thats offer solutions whatsoever defiyantlyfree put bannon prison navarro	#Kamala #DemocraticParty #Democrats
2024-10-26 23:58:24	kamala harris rally celebrities leave election elecciones	#Kamala #Election2024 #Elecciones2024
