2024-10-26 23:12:16	low energy empty rally trump pay attention polls get vote blue end bullshit	#trump #VoteBlue
2024-10-26 23:12:18	abandoned literalness churchs narrative approached ceremonies scriptures underwear virtuous metaphors served valuable mnemonic devices mormon trump voteblue	#mormon #trump #voteblue
2024-10-26 23:12:20	waiting see voters return marjorie taylor greene wash dc embarrasses us house representatives g p maybe georgias th dist u military army marines election republican trump christian veteran	#GOP #USMilitary #Army #Marines #election #Republican #GOP #MAGA #Trump #Christian #Veteran
2024-10-26 23:12:20	petebuttigieg may want update current events trump vance harris walz	#Trump #TrumpVance2024 #Harris_Walz2024
2024-10-26 23:12:22	doctors say trump unstable serve open letter g	#doctors #Trump #MAGA
2024-10-26 23:12:25	democrat tech burns hole everyones pocket everyday everydecade everycentury vote realdonaldtrump today elonmusk uses money politics trump elon musk	#PoliticsToday #Trump #Elon_Musk
2024-10-26 23:12:26	exciting developments encryption technology paving way secure transactions community governance yosha trump e n g c presale	#Yosha #Trump #MOODENG #MEMECOIN #presale
2024-10-26 23:12:26	take step toward better crypto world yosha presale welcoming believe communitydriven growth transparent practices lets shape future together h r u p e n g c l	#YOSHA #TRUMP #MOODENG #MEMECOIN #PRESALE
2024-10-26 23:12:30	kelliemeyernews kamala could get k people nations fourth populated city trump gets attend rallies rural areas	#Trump
2024-10-26 23:12:51	democrats evil plain simple trump harris team leads max go vote r u p watch joe rogan show	#TRUMP
2024-10-26 23:12:52	could pull impossible take california trump	#Trump
2024-10-26 23:12:54	democrats cheat steal election shot foot every step way man taken bullet country fights peace freedom get em trump trumpzilla world	#DemocratsCheat #Trump #Trumpzilla #Trump2024 #PeaceForTheWorld
2024-10-26 23:12:59	get done vote trump robertkennedyjr	#Trump
2024-10-26 23:13:01	trump g act like theyre worried voter fraud seems always yell loudest crimes committing vote blue	#Trump #MAGA #VoteBlue
2024-10-26 23:13:13	stick sidelines jump yoshas airdrop h r u p e n g c l	#YOSHA #TRUMP #MOODENG #MEMECOIN #PRESALE
2024-10-26 23:13:13	suzcrimi kamala sinister power hungry human yes trump shes much worse	#Kamala #Trump
2024-10-26 23:13:31	insanity vote trump thats im gunna say election	#vote #Trump #Trump2024 #Election2024
2024-10-26 23:13:39	virat kohli shailenzo sstvi trump garime maynata hurrican milton grandefratello shaviers bigg boss tamil telugu season	#shailenzo #sstvi #Trump #Garime #maynata #HurricanMilton #grandefratello #shaviers #BiggBossTamil8 #BiggBossTelugu8 #BiggBossTamilSeason8
2024-10-26 23:13:41	blueheartedly id say kamala harris anywhere iq trump	#Trump
2024-10-26 23:13:56	feedback invaluable help us make yosha best h r u p e n g c l	#YOSHA #TRUMP #MOODENG #MEMECOIN #PRESALE
2024-10-26 23:14:00	space time bent shailenzo sstvi trump garime maynata hurrican milton grandefratello shaviers bigg boss tamil	#shailenzo #sstvi #Trump #Garime #maynata #HurricanMilton #grandefratello #shaviers #BiggBossTamil8
2024-10-26 23:14:08	mtgrepp g trump	#MAGA #Trump #MAGA2024 #Trump2024 #MAGA
2024-10-26 23:14:08	picture crypto project thats making positive impact yosha presale live offering chance part mission values community ethics invest intention h r u p e n g c l	#YOSHA #TRUMP #MOODENG #MEMECOIN #PRESALE
2024-10-26 23:14:10	going tell trump	#Trump2024 #Trump
2024-10-26 23:14:13	join us exploring innovative compliance strategies enhance participation ensuring regulatory adherence yosha trump e n g c presale	#Yosha #Trump #MOODENG #MEMECOIN #presale
2024-10-26 23:14:17	feeling ambitious let yosha help reach new heights h r u p e n g c l	#YOSHA #TRUMP #MOODENG #MEMECOIN #PRESALE
2024-10-26 23:14:19	holy sht look many people turned vote nyc pray majority votes trump	#Trump
2024-10-26 23:14:21	never deleting app trump movement much power behind become unstoppable cant stop whats coming	#Trump
2024-10-26 23:14:25	check madhouse morning show uncensored live following platforms x insanethrottle rumble politics podcast r u p k l e c n b w radioshow	#politics #podcast #TRUMP #KAMALA #ELECTION #RADIO #BIKERNEWS #radioshow
2024-10-26 23:14:31	suriya shailenzo sstvi trump garime hurrican milton shaviers bigg boss tamil telugu season	#shailenzo #sstvi #Trump #Garime #HurricanMilton #shaviers #BiggBossTamil8 #BiggBossTelugu8 #BiggBossTamilSeason8
2024-10-26 23:14:31	feeling adventurous week come join races unlock incredible rewards along way h r u p e n g c l	#YOSHA #TRUMP #MOODENG #MEMECOIN #PRESALE
2024-10-26 23:14:36	voted felon today trump vance g	#Felon #TrumpVance2024 #MAGA2024 #Trump
2024-10-26 23:14:46	lot hardcore trump voters trying spread lie going horrific stuff promising deny holocaust happened dangerous crowd careful vote think democracy	#Trump #Holocaust #VoteForDemocracy
2024-10-26 23:14:51	realtrumpnewsx trump	#Trump
2024-10-26 23:14:51	anyone blames president biden war going decades delusional says trump peaceful candidate flipping crazy obvious zero respect detroit like harris	#detroit #trump #harris
2024-10-26 23:14:53	kamalaharris realdonaldtrump bad memory forgot roe vs wade trump abortion still issue inflation lower historical levels economy better disaster created term jobs remember year crime	#Trump
2024-10-26 23:15:00	elonmusk trump g unfit office	#Trump #MAGA #MAGA2024 #TrumpIsUnfitForOffice
2024-10-26 23:15:08	makes good point heretrump blasts harris michigan rally partying war going nobodys charge fox news trump election	#Trump #election
2024-10-26 23:15:08	kamalahq ok starter mafia boss trump must pay substantial rental us bases greenland usa asked leave artic island paid rented china	#Trump #Greenland #China
2024-10-26 23:15:15	trump elections	#Trump #Elections
2024-10-26 23:15:17	trump putintrump	#trump #putintrump
2024-10-26 23:15:18	ndaymut g trump	#MAGA #Trump #MAGA2024 #Trump2024
2024-10-26 23:15:19	hilarious roast master trump g	#Trump #MAGA
2024-10-26 23:15:23	marionawfal trump	#Trump
2024-10-26 23:15:24	rufais continuous emotional amp sentimental attack realdonaldtrump alarming raises questions much true journalism rufia practices im saying nigerian public figures yet say trump	#Trump2024 #Trump
2024-10-26 23:15:30	security measures crucial protecting assets digital landscape lets prioritize safety together yosha trump e n g c presale	#Yosha #Trump #MOODENG #MEMECOIN #presale
2024-10-26 23:15:32	realjimchanos understand trump mustreadthis narcissist e l u n f r narcissism nfit swingleft	#Trump #Narcissist #DELUSIONAL #FRAUD #Narcissism #UNfit #ETTD
2024-10-26 23:15:34	get ready redefine earning potentialyosha h r u p e n g c l	#YOSHA #TRUMP #MOODENG #MEMECOIN #PRESALE
2024-10-26 23:15:34	intents purposes man literal antichrist flouted every virtue espoused jesus strength youth pamphlet shouldnt mattered ticket ran mormon trump voteblue	#mormon #trump #voteblue
2024-10-26 23:15:36	join vibrant community racing equals joy financial freedom awaits dare h r u p e n g c l	#YOSHA #TRUMP #MOODENG #MEMECOIN #PRESALE
2024-10-26 23:15:37	trump harris	#Trump #Harris
2024-10-26 23:15:39	first cultists want us help deport immigrants bc criminals amp rapists vote criminal adjudicated rapist make sense trump	#trump
2024-10-26 23:15:55	choose project values numbers yosha presale open inviting investors want make meaningful contribution together build something incredible h r u p e n g c l	#YOSHA #TRUMP #MOODENG #MEMECOIN #PRESALE
2024-10-26 23:15:57	trump supporter anyone part g v e n genuinely want know exactly think trumps economic policies work goes tariffstaxes supposed come fruition math	#Trump #MAGAMOVEMENT
2024-10-26 23:16:00	illegal immigrants trump vance vote blue kamala harris	#TrumpVance2024 #Trump #VoteBlue #KamalaHarris
2024-10-26 23:16:10	source bias r donald trump first gay president	#Trump
2024-10-26 23:16:25	kevinlyfather neatly repeating question trump answer bet kamalaharris wouldnt need repeated	#Trump
2024-10-26 23:16:31	nmimpressions f b p usa trump g	#IFBAP #Trump #MAGA
2024-10-26 23:16:33	g p still political party morphed cult trump lifelong republican veteran analyzes experts characteristics u military army marines election christian	#GOP #Trump #Republican #veteran #USMilitary #Army #Marines #election #MAGA #Christian
2024-10-26 23:16:33	development roadmap outlines clear steps community engagement cooperation fostering vibrant ecosystem yosha trump e n g c presale	#Yosha #Trump #MOODENG #MEMECOIN #presale
2024-10-26 23:16:36	iran make mistake responding israels strikes us defense secretary israelattackoniran israel idf r g c hezbollah war gaza hamas iranattackisrael trump netanyahu iranunderattack middle east world	#israelattackoniran #iran #israel #idf #IRGC #Hezbollah #war #gaza #hamas #iranattackisrael #trump #Netanyahu #iranunderattack #MiddleEast #WorldWar3
2024-10-26 23:16:37	empower community share thoughts us h r u p e n g c l	#YOSHA #TRUMP #MOODENG #MEMECOIN #PRESALE
2024-10-26 23:16:37	settle less yosha h r u p e n g c l	#YOSHA #TRUMP #MOODENG #MEMECOIN #PRESALE
2024-10-26 23:16:39	want exciting twist life jump action embrace thrilling adventures filled cash rewards h r u p e n g c l	#YOSHA #TRUMP #MOODENG #MEMECOIN #PRESALE
2024-10-26 23:16:41	trumpwarroom trump	#Trump #Trump2024 #Trump
2024-10-26 23:16:44	trump tanked realdonaldtrump	#Trump
2024-10-26 23:16:44	way church believed could anything struggled understand mormons individually support philandering narcissist began see thought core values mormon voteblue trump	#mormon #voteblue #trump
2024-10-26 23:16:51	selydove captured russians along vyshneve russia ukraine russian ukrainian war real madrid biden trump putin gaza israel inflation china crypto iran	#Russia #Ukraine #Russian #Ukrainian #UkraineRussiaWar #UkraineWar #RealMadrid #Biden #Trump #Putin #Gaza #Israel #inflation #China #Crypto #Iran
2024-10-26 23:17:00	make investment stands change yosha presale opportunity support project thats redefining crypto transparency focus community join us today h r u p e n g c l	#YOSHA #TRUMP #MOODENG #MEMECOIN #PRESALE
2024-10-26 23:17:22	already fun night elon hasnt even arrived yet met kevinposobiec america p c vote early g trump	#AmericaPAC #VoteEarly #MAGA #Trump
2024-10-26 23:17:31	love go trump god bless	#Go #Trump #Go #God #Bless #You
2024-10-26 23:17:32	mayor adams refutes kamala harris says trump fascist urges dems dial temperature think hes voting	#Kamala #Trump #Trump2024
2024-10-26 23:17:33	everytime go grocery store fill car hate kamala even trump answer vote let voices heard g	#Trump #Trump2024 #MAGA #MAGA2024
2024-10-26 23:17:37	transparency governance builds trust among participants ensuring everyone feels valued heard community yosha trump e n g c presale	#Yosha #Trump #MOODENG #MEMECOIN #presale
2024-10-26 23:17:38	landslide map look like kamala trump l n e	#Kamala #Trump #LANDSLIDE
2024-10-26 23:17:40	ready disrupt financial future join yosha h r u p e n g c l	#YOSHA #TRUMP #MOODENG #MEMECOIN #PRESALE
2024-10-26 23:17:42	crypto yosha presale welcoming value integrity positive impact lets build responsible communitydriven future together h r u p e n g c l	#YOSHA #TRUMP #MOODENG #MEMECOIN #PRESALE
2024-10-26 23:17:43	lets make every lap count togetherjoin community earn absolute blast h r u p e n g c l	#YOSHA #TRUMP #MOODENG #MEMECOIN #PRESALE
2024-10-26 23:17:53	pakistanis realize trump win implies drastic reduction pakistani immigration us without west accepting highly fertile country truly implode recently tried assassinate rogan natsecjeff	#Trump #RoganTrump
2024-10-26 23:18:00	hole shailenzo sstvi trump garime maynata hurrican milton grandefratello shaviers bigg boss tamil	#shailenzo #sstvi #Trump #Garime #maynata #HurricanMilton #grandefratello #shaviers #BiggBossTamil8
2024-10-26 23:18:00	cenkuygur theyoungturks maybe take head ass something patriotic vote trump	#Trump
2024-10-26 23:18:02	elonmusk go history books truly peoples champion g trump	#MAGA #Trump
2024-10-26 23:18:04	commie board tik tok action freedom speech tiktok trump vance first amendment	#FreedomOfSpeech #tiktok #TrumpVance2024 #Trump #FirstAmendment
2024-10-26 23:18:06	trump danger democracy u n f oval office ever thread	#Trump #UNFIT
2024-10-26 23:18:08	realdonaldtrump monsieur le prsident trump il faut revoir votre position sur sahara occidental un peuple colonis par maroc	#Trump
2024-10-26 23:18:10	folks ditching putins rapist fuckers fuck trump	#Putin #Trump
2024-10-26 23:18:11	peace war trump	#peace #NoWar #trump
2024-10-26 23:18:14	vp potus hahaaaa instead takng hm ut took tp everything leftsts always backfires r u p ever k l never fight f g h	#TRUMP #KAMALA #FightFightFIGHT
2024-10-26 23:18:27	madapescall done r u p	#TRUMP
2024-10-26 23:18:32	one many reasons voted donald j trump also would never million years vote kamala harris	#Trump #KamalaHarris
2024-10-26 23:18:33	harris promotes optimism tolerance empathy trump hate fear retribution vote candidate whose values reflect whats heart	#Harris #trump
2024-10-26 23:18:36	scottie thank following back twitter machine allows love trump	#Trump
2024-10-26 23:18:47	feeling lucky today race alongside us get ready amazing prizes tons fun h r u p e n g c l	#YOSHA #TRUMP #MOODENG #MEMECOIN #PRESALE
2024-10-26 23:18:48	spectator player yosha h r u p e n g c l	#YOSHA #TRUMP #MOODENG #MEMECOIN #PRESALE
2024-10-26 23:18:49	embracing encryption technology allows us create secure environment users enhancing overall experience yosha trump e n g c presale	#Yosha #Trump #MOODENG #MEMECOIN #presale
2024-10-26 23:19:05	best speech everi think michelleobama one speaker planet destroyed trump much emotion wet eyes amazing woman	#Trump
2024-10-26 23:19:06	orban ungarn e u br ssel vonder leyen trump politik via youtube	#Orban #Ungarn #EU #Brüssel #VonderLeyen #Trump #Politik
2024-10-26 23:19:06	ready reshape future crypto yosha presale live inviting believe transparency community meaningful growth part project thats make difference h r u p e n g c l	#YOSHA #TRUMP #MOODENG #MEMECOIN #PRESALE
2024-10-26 23:19:07	giannia itsmarlamaples realdonaldtrump praying people trump screwed	#Trump
2024-10-26 23:19:28	haha probably went trump g	#Trump #Trump2024 #MAGA #MAGA2024
2024-10-26 23:19:30	looking financial tips join h community learn achieve independence r u p e n g c l	#YOSHA #TRUMP #MOODENG #MEMECOIN #PRESALE
2024-10-26 23:19:31	lesterstra scammer scammed muslim ppl trump put ban oni started develop sympathy muslims mainly due gaza situation atrocious act michigan endorse simply mind boggling thought smarter	#Muslim #Trump #Muslims #Gaza #Michigan
2024-10-26 23:19:35	givetrumpareal befairtoe davidjharrisjr realdonaldtrump potus trump made deal taliban another failure	#Trump
2024-10-26 23:19:39	yes amp fuck trump	#Trump
2024-10-26 23:19:40	hermann hvonwolf trump	#Trump
2024-10-26 23:19:51	regulatory compliance requirement opportunity strengthen community build lasting relationships yosha trump e n g c presale	#Yosha #Trump #MOODENG #MEMECOIN #presale
2024-10-26 23:19:52	pattyfi marrufo days election victory trump ross free ulbricht	#Trump #FreeRossUlbricht
2024-10-26 23:19:54	america fentasyl trump definitely winning election	#Trump
2024-10-26 23:19:55	kamala people explain america trump reels shortsviral viral via youtube harris voters rot hell ive woke queers	#america #trump #reels #shortsviral #viral
2024-10-26 23:19:56	first registered republican day turned feels like trump destroyed g p transformed cult read review experts characteristics u military army marines election christian veteran	#Republican #Trump #GOP #USMilitary #Army #Marines #election #MAGA #Christian #Veteran
2024-10-26 23:19:57	realdonaldtrump fefe fefecoinerc trump joe rogan joerogantrump meme	#trump #JoeRogan #joerogantrump #meme
2024-10-26 23:20:03	ya shailenzo sstvi trump garime hurrican milton shaviers bigg boss tamil telugu season	#shailenzo #sstvi #Trump #Garime #HurricanMilton #shaviers #BiggBossTamil8 #BiggBossTelugu8 #BiggBossTamilSeason8
2024-10-26 23:20:11	posts donald trump slavoj ek western crony capitalism expensive feudalism	#Trump #Žižek #capitalism #feudalism
2024-10-26 23:20:16	join crypto journey purpose yoshas presale open offering chance invest project committed integrity positive community impact lets make better together h r u p e n g c l	#YOSHA #TRUMP #MOODENG #MEMECOIN #PRESALE
2024-10-26 23:20:18	periklesgreat elonmusk trump elon musk make globalist tyranny	#Trump #ElonMusk
2024-10-26 23:20:29	jhonfderecha amn trump	#Trump
2024-10-26 23:20:32	trump earns endorsement highly respected muslim leaders battleground state people know peace harris chaos markhamill aoc rashidatlaib govwhitmer mikerogersformi maddow	#Trump #Harris
2024-10-26 23:20:34	join future financeyoshas airdrop h r u p e n g c l	#YOSHA #TRUMP #MOODENG #MEMECOIN #PRESALE
2024-10-26 23:20:36	us every race opportunity waiting happenjoin lets create magic together h r u p e n g c l	#YOSHA #TRUMP #MOODENG #MEMECOIN #PRESALE
2024-10-26 23:20:40	maybe trump right care crazy	#trump
2024-10-26 23:20:43	thepatriotoasis g r u p rjganley	#MAGA #TRUMP
2024-10-26 23:20:44	nosoupforgeorge sounds like hate coming side wasnt wouldnt get bent shape ball cap maga trumpvanceelonrfk	#Maga #Trump
2024-10-26 23:20:47	trump hitler etdogan netanyahu slovenia slovakia poland netherlands italy spain disney deutschland israel lebanon gaza turkiye ankara black rock erdogan says	#Trump #hitler #etdogan #Netanyahu #Slovenia #slovakia #poland #netherlands #italy #spain #who #disney #Deutschland #israel #lebanon #gaza #turkiye #ankara #BlackRock
2024-10-26 23:20:53	active participation community members drives innovation growth making project truly unique impactful yosha trump e n g c presale	#Yosha #Trump #MOODENG #MEMECOIN #presale
2024-10-26 23:20:56	educate investing h r u ps financial strategies e n g c p l	#YOSHA #TRUMP #MOODENG #MEMECOIN #PRESALE
2024-10-26 23:21:00	nuevo episodio trump trabaja en un mcdonalds critica la pelcula biogrfica de su vida elon musk rifa millones dlares entre votantes abaten al lder hamas espaa pide embargo armas contra israel corea del norte enva tropas rusia	#Trump #ElonMusk
2024-10-26 23:21:00	joe rogan says timing perfect podcast interview trump	#JoeRogan #Trump
2024-10-26 23:21:08	trump thinks america garbagecan fuck way	#Trump #America #garbagecan
2024-10-26 23:21:14	go flow shailenzo sstvi trump garime hurrican milton shaviers bigg boss tamil telugu season	#shailenzo #sstvi #Trump #Garime #HurricanMilton #shaviers #BiggBossTamil8 #BiggBossTelugu8 #BiggBossTamilSeason8
2024-10-26 23:21:15	russian forces control road leading south selydove novodmytrivka russia ukraine war army russians elon musk barcelona real madrid u biden trump putin gaza israel iran	#Russia #Ukraine #UkraineRussiaWar #RussianArmy #Russians #ElonMusk #Barcelona #RealMadrid #RealMadridBarcelona #USA #Biden #Trump #Putin #Gaza #Israel #Iran
2024-10-26 23:21:35	pawlowskimario mean kamalaharris didnt lie thought lying requirement president u afterall trump unacquauinted truth	#USA #Trump
2024-10-26 23:21:35	uncle john trump	#UncleJohn #Trump
2024-10-26 23:21:39	wait luck earn strategically yosha h r u p e n g c l	#YOSHA #TRUMP #MOODENG #MEMECOIN #PRESALE
2024-10-26 23:21:41	settle ordinary experience extraordinary races filled laughter earnings h r u p e n g c l	#YOSHA #TRUMP #MOODENG #MEMECOIN #PRESALE
2024-10-26 23:21:51	righteousdudett um trump rapist	#trump
2024-10-26 23:22:08	muslim arab leaders take stage endorse trump michigan rally updated oct pm mlive michigans largest local news site	#Muslim #Arab #Trump #Michigan
2024-10-26 23:22:09	investment movement yosha presale live inviting see value transparency community focus together lets set new standard crypto h r u p e n g c l	#YOSHA #TRUMP #MOODENG #MEMECOIN #PRESALE
2024-10-26 23:22:13	want personally thank harris supporters called names trumps butt licker stupid texas trailer park trash honestly reaffirming ppl voting trump patriotsunite r u p v n c e f g h	#patriotsunite #Trump2024 #TRUMP #VANCE #FIGHT
2024-10-26 23:22:15	epic trump	#Trump #Trump2024
2024-10-26 23:22:17	msnbc wont quit using lying tactics stop working sadly many still buy lies rhetoric trump st choice democrats always twist truth expect us believe	#Trump
2024-10-26 23:22:19	elonmusk trump	#Trump #Trump2024
2024-10-26 23:22:21	noble act actor experience going sinking ship trump g	#Trump #MAGA
2024-10-26 23:22:23	michigan muslims endorsed trump said would stop war breaking news	#Michigan_Muslims #Trump
2024-10-26 23:22:28	trump orange incompetent sexual predator mental declinea convicted felona lying imbecilefailed businessman conman hustler racist hateful misogynist narcissist forget anything kamala michelle obama	#Trump #Kamala #MichelleObama
2024-10-26 23:22:32	rfkjr trump election	#Rfkjr #Trump #Election2024 #Election
2024-10-26 23:22:34	never thought id find agreeing joe rogan dictators evil dangerous people period theres actually lets clear country trump talking oppose	#Trump #Trump #JoeRogan
2024-10-26 23:22:44	u politics interesting tim cook call trump instead harris charge community note factcheck week	#US #TimCook #Trump #Harris
2024-10-26 23:22:46	marionawfal vote trump	#Trump
2024-10-26 23:22:46	iapolls lol many indy republican registered voters coming online saying voted harris trump	#Harris #Trump
2024-10-26 23:22:46	tired fomo secure spot yosha today h r u p e n g c l	#YOSHA #TRUMP #MOODENG #MEMECOIN #PRESALE
2024-10-26 23:22:48	angelreacts trump	#trump
2024-10-26 23:22:49	twosuh trump	#Trump
2024-10-26 23:22:49	donaldtnews trump	#Trump
2024-10-26 23:22:49	every lap brings new chances win bigrace us today seize opportunities like never h r u p e n g c l	#YOSHA #TRUMP #MOODENG #MEMECOIN #PRESALE
2024-10-26 23:23:01	say nothing shailenzo sstvi trump garime hurrican milton shaviers bigg boss tamil telugu season	#shailenzo #sstvi #Trump #Garime #HurricanMilton #shaviers #BiggBossTamil8 #BiggBossTelugu8 #BiggBossTamilSeason8
2024-10-26 23:23:02	michelle obama calls favoritism trump	#MichelleObama #Trump
2024-10-26 23:23:09	trump access americas best pics videos	#trump #having #access #AmericasBestPicsAndVideos
2024-10-26 23:23:14	want hear features see yosha h r u p e n g c l	#YOSHA #TRUMP #MOODENG #MEMECOIN #PRESALE
2024-10-26 23:23:14	fox news interview georgia voter blows face harris walz trump republicans g liberals u	#HarrisWalz2024 #Trump #Republicans #MAGA #FoxNews #Liberals #USA
2024-10-26 23:23:14	trump sexualchange	#trump #sexualchange
2024-10-26 23:23:27	maga dont mad trump piece garbage	#Maga #Trump
2024-10-26 23:23:34	celebrities coming candidates know im waiting backstreets back go vote election kamala harris trump	#Election2024 #KamalaHarris #Trump
2024-10-26 23:23:37	dont want trump compared hitler tell tone rhetoric	#Trump #Hitler
2024-10-26 23:23:38	hezbollah bombed israels tel nof airbase several drones base israeli forces launched recent attack iran israelattackoniran israel idf r g c war gaza hamas iranattackisrael trump netanyahu iranunderattack	#israelattackoniran #iran #israel #idf #IRGC #Hezbollah #war #gaza #hamas #iranattackisrael #trump #Netanyahu #iranunderattack
2024-10-26 23:23:40	luismanuelcam vote trump today earlyvote wins new jersey	#Trump #earlyvote #NewJersey
2024-10-26 23:23:41	follow lead part yoshas airdrop h r u p e n g c l	#YOSHA #TRUMP #MOODENG #MEMECOIN #PRESALE
2024-10-26 23:23:48	elevate investment game yosha presale open welcoming believe creating transparent ethical crypto ecosystem part future h r u p e n g c l	#YOSHA #TRUMP #MOODENG #MEMECOIN #PRESALE
2024-10-26 23:23:49	us officials confirm statement russian operatives created fake video showing trump mailin ballots destroyed pennsylvania one many foreign efforts aimed undermining election trust	#Russian #Trump #Pennsylvania
2024-10-26 23:23:54	die joe rogan experience ist der groesste und populaerste podcast welt lud beide praesidentschaftsbewerber zu seiner sendung ein nur trump kam harris sagte erst um dann doch wieder abzusagen u wahl joerogantrump b l derspiegel n	#USWahl #Trump #Harris #joerogantrump #welt #BILD #derspiegel #NIUS
2024-10-26 23:23:54	ready adrenaline rush pays handsomely join race lets make serious cash h r u p e n g c l	#YOSHA #TRUMP #MOODENG #MEMECOIN #PRESALE
2024-10-26 23:23:59	maher sucks interviewer rolled right ridiculous much said fascism never understand beautiful smart woman would pick trumps side yes history kind	#Maher #Trump
2024-10-26 23:24:06	elondocs badder president u choose less freedom thats really core thing dont defend personal freedoms toothampnail stolen violently amp consideration hera reminder trump deal	#Trump
2024-10-26 23:24:09	republicans please remember years trump dies idiotic asshole jdvance p u something n e v r happen prevent dont republi cunt	#Republicans #Trump #idiotic #Asshole #POTUS #NEVER #RepubliCunt
2024-10-26 23:24:10	trump wants ukraine surrender putin commie bastard cannot unfit office insane vote blue save freedom u asif lives dependonit ballott	#Trump #TrumpIsUnfitForOffice #TrumpIsInsane #VoteBlueToSaveYourFreedomAndTheUSA #VoteBlueAsifYourLivesDependonit #VoteBlueDownBallott
2024-10-26 23:24:14	trump	#Trump2024 #Trump
2024-10-26 23:24:24	okay bro hi shailenzo sstvi trump garime maynata hurrican milton grandefratello shaviers bigg boss tamil telugu season	#shailenzo #sstvi #Trump #Garime #maynata #HurricanMilton #grandefratello #shaviers #BiggBossTamil8 #BiggBossTelugu8 #BiggBossTamilSeason8
2024-10-26 23:24:39	gaf much ear blown still shot amp see bullet graze actually look slow motion hey anything justify tds valid elections u presidential election trump joe rogan podcast	#Elections2024 #USA #PresidentialElection2024 #Trump #JoeRoganPodcast
2024-10-26 23:24:51	ericldaugh trump hates muslims everyone knows	#Trump
2024-10-26 23:24:54	join movement thats changing gameyosha awaits h r u p e n g c l	#YOSHA #TRUMP #MOODENG #MEMECOIN #PRESALE
2024-10-26 23:24:58	thank part yosha community together well achieve greatness h r u p e n g c l	#YOSHA #TRUMP #MOODENG #MEMECOIN #PRESALE
2024-10-26 23:24:59	join us redefine means racefun times ahead filled fantastic prizes await h r u p e n g c l	#YOSHA #TRUMP #MOODENG #MEMECOIN #PRESALE
2024-10-26 23:25:03	tonymontana bradwhitehous marionawfal v e trump	#VOTE #Trump
2024-10-26 23:25:06	raise hand reserved tickets madison square garden trumprally going empty tomorrow night ha f trump	#MadisonSquareGarden #trumprally #Trump
2024-10-26 23:25:06	r u p weve never close world war iii news retweet	#TRUMP #news #retweet
2024-10-26 23:25:13	staggering ratings trumps joe rogan interview revealed via mailonline comments story amazing harris toast praying huge popular vote trump big mandate change	#Trump #JoeRogan
2024-10-26 23:25:21	invest project choose one mission yosha presale invites part communitycentered valuesdriven crypto journey join us h r u p e n g c l	#YOSHA #TRUMP #MOODENG #MEMECOIN #PRESALE
2024-10-26 23:25:21	petebuttigieg love trump	#Trump
2024-10-26 23:25:23	instant karma foryou kamalaharris trump jdvance mustwatch via youtube	#foryou #kamalaharris #trump #jdvance #mustwatch
2024-10-26 23:25:30	collinrugg leftwing extremists playing insult card desperate polls must irreversible liberal slaves woke culture lot nervousness among democrats friends hollywood media want create bad electoral climate trump	#Trump
2024-10-26 23:25:31	quizs nosotros los cubanos somos incapaz de reflexionar cuba miami trump immigration	#Cubanos #Cuba #Miami #Trump #immigration
2024-10-26 23:25:42	escapee pjsand overcoat trump finally shows mute called penn	#Escapee #Pjs #Trump #mute #Penn
2024-10-26 23:25:52	couldnt agree legacy media rip trump america first	#Trump #AmericaFirst
2024-10-26 23:25:58	g trump	#MAGA #Trump
2024-10-26 23:25:59	republican g p trump denied anthropogenicclimatechange insurance rates rocketing lol one thing completely disqualifies via youtube	#Republican #GOP #MAGA #Trump #Anthropogenicclimatechange
2024-10-26 23:26:01	let others reap rewards claim yosha h r u p e n g c l	#YOSHA #TRUMP #MOODENG #MEMECOIN #PRESALE
2024-10-26 23:26:06	feeling competitive race alongside fellow enthusiasts see much fun money make together h r u p e n g c l	#YOSHA #TRUMP #MOODENG #MEMECOIN #PRESALE
2024-10-26 23:26:08	president trump broke internet new ad maga via youtube	#maga #trump
2024-10-26 23:26:09	michelleobama kamalaharris trump	#Trump
2024-10-26 23:26:10	look shailenzo sstvi trump garime maynata hurrican milton grandefratello shaviers bigg boss tamil telugu season	#shailenzo #sstvi #Trump #Garime #maynata #HurricanMilton #grandefratello #shaviers #BiggBossTamil8 #BiggBossTelugu8 #BiggBossTamilSeason8
2024-10-26 23:26:31	cooperation among stakeholders essential achieving goals ensuring successful future everyone involved yosha trump e n g c presale	#Yosha #Trump #MOODENG #MEMECOIN #presale
2024-10-26 23:26:35	peace strength gt trump	#Trump
2024-10-26 23:26:38	polymarket gives former president trump chance winning next months election cryptobased betting platform investigating source massive bets driving surgeblack card coin bccoin black	#BlackCardCoin #BlackCard #Trump #Polymarket #Election2024
2024-10-26 23:26:39	sassafrass trump win	#trump
2024-10-26 23:26:40	diligentdenizen elonmusk trump wealthy sucking american people	#Trump #American
2024-10-26 23:26:44	yosha make difference crypto landscape join us h r u p e n g c l	#YOSHA #TRUMP #MOODENG #MEMECOIN #PRESALE
2024-10-26 23:26:55	rogan would love kamala dont even need talk politics see right thats hard trump	#trump
2024-10-26 23:26:56	coacht follow trump voters vote	#Trump
2024-10-26 23:27:35	im already voting trump need keep trying convince	#trump
2024-10-26 23:27:38	tik tok kamala h q harris trump j vance elon musk beyonc houston rally thinks ppl support clueless candidate theyre free concert	#TikTok #KamalaHQ #KamalaHarris #Trump #Trump2024 #JDVance #ElonMusk #Beyoncé #HoustonRally
2024-10-26 23:27:38	salute respect doctors nurses work impossible conditions inadequate medical supplies care hundreds thousands wounded civilians heroes gazas last lifeline struggling ease pain heal wounds el cl sico trump	#ElClásico #Trump
2024-10-26 23:27:39	anyone brain see whats happening election trump harris	#election #Trump #Harris
2024-10-26 23:27:44	regularly updating development roadmap keeps us aligned community needs market trends ensuring relevance yosha trump e n g c presale	#Yosha #Trump #MOODENG #MEMECOIN #presale
2024-10-26 23:27:49	rogan trump voiced lord rings comments l r	#LOTR #Trump
2024-10-26 23:27:49	already completed shailenzo sstvi trump garime hurrican milton shaviers bigg boss tamil telugu season	#shailenzo #sstvi #Trump #Garime #HurricanMilton #shaviers #BiggBossTamil8 #BiggBossTelugu8 #BiggBossTamilSeason8
2024-10-26 23:27:53	imagine crypto prioritizes ethics values bbc yosha presale offering chance invest project thats committed making real difference join us h r u p e n g c l	#YOSHA #TRUMP #MOODENG #MEMECOIN #PRESALE
2024-10-26 23:27:58	step guide ruin politicians career anticultists cases trump lyndon la rouche leading erosion us democraticsystem elections choice politics trending wisdom g read	#Trump #LyndonLaRouche #democraticsystem #Elections2024 #choice2024 #politics #trending #wisdom #MAGA2024
2024-10-26 23:28:00	realdonaldtrump vance saiddonald trump total fraud often lie get hes liar watched tv supporters amp police killed injured using big play u fools capitol rioters cannon foder	#Vance #DonaldTrump #Trump #BigLie
2024-10-26 23:28:00	omg theyve finally got dirt trump trouble	#Trump
2024-10-26 23:28:03	together well create legacy empowers future generations h r u p e n g c l	#YOSHA #TRUMP #MOODENG #MEMECOIN #PRESALE
2024-10-26 23:28:08	michigan votes realdonaldtrump wins trump nominate chaldean ambassador iraq usambiraq	#Michigan #Trump #Chaldean
2024-10-26 23:28:08	idea already shailenzo sstvi trump garime hurrican milton shaviers bigg boss tamil telugu season	#shailenzo #sstvi #Trump #Garime #HurricanMilton #shaviers #BiggBossTamil8 #BiggBossTelugu8 #BiggBossTamilSeason8
2024-10-26 23:28:09	ashtonpittman prokamala wouldve raise promotion cant trust main stream media anymore check many sources watch podcasts think critically dont follow herd v e r u p trump rogan	#VOTE #TRUMP2024 #Trump #Rogan
2024-10-26 23:28:14	civil war next december end conversation controlled jews even trump	#Jews #Trump
2024-10-26 23:28:16	join crypto eliteyoshas airdrop gateway h r u p e n g c l	#YOSHA #TRUMP #MOODENG #MEMECOIN #PRESALE
2024-10-26 23:28:16	realalexjones left loved trump	#Trump
2024-10-26 23:28:20	join excitement racing every moment countsthanks amazing rewards program yosha counts h r u p e n g c l	#EveryMomentCounts #YOSHA #TRUMP #MOODENG #MEMECOIN #PRESALE
2024-10-26 23:28:22	major law enforcement screwup led murder journalist chauncey bailey wasnt kamala harris trump claims keystone cops oakland police department p	#Kamala #Trump #OPD
2024-10-26 23:28:26	whos shailenzo sstvi trump garime hurrican milton shaviers bigg boss tamil telugu season	#shailenzo #sstvi #Trump #Garime #HurricanMilton #shaviers #BiggBossTamil8 #BiggBossTelugu8 #BiggBossTamilSeason8
2024-10-26 23:28:43	anyone shailenzo sstvi trump garime hurrican milton shaviers bigg boss tamil telugu season	#shailenzo #sstvi #Trump #Garime #HurricanMilton #shaviers #BiggBossTamil8 #BiggBossTelugu8 #BiggBossTamilSeason8
2024-10-26 23:28:47	fearmongering ignorant rapist con trump doesnt know dick trans lives population distraction healthcare education plans economic real good us nothing thought project	#Trump #Trans #Project2025
2024-10-26 23:28:48	perfectomundo trump maga americafirst	#perfectomundo #trump #maga #americafirst
2024-10-26 23:28:57	idea shailenzo sstvi trump garime hurrican milton shaviers bigg boss tamil telugu season	#shailenzo #sstvi #Trump #Garime #HurricanMilton #shaviers #BiggBossTamil8 #BiggBossTelugu8 #BiggBossTamilSeason8
2024-10-26 23:28:59	looking project shares values yosha presale live inviting investors want back missiondriven cryptocurrency together lets bring real change h r u p e n g c l	#YOSHA #TRUMP #MOODENG #MEMECOIN #PRESALE
2024-10-26 23:29:09	ianonpatriot lets make california beautiful trump president og sol	#Trump
2024-10-26 23:29:09	realdonaldtrump badder president u choose less freedom thats really core thing dont defend personal freedoms toothampnail stolen violently amp consideration reminder trump deal	#Trump
2024-10-26 23:29:12	trump president	#Trump #PresidentTrump
2024-10-26 23:29:14	agree shailenzo sstvi trump garime hurrican milton shaviers bigg boss tamil telugu season	#shailenzo #sstvi #Trump #Garime #HurricanMilton #shaviers #BiggBossTamil8 #BiggBossTelugu8 #BiggBossTamilSeason8
2024-10-26 23:29:24	therickwilson many want wager trump hasnt checked rudy patootie giuliani yet v e	#Trump #VOTE
2024-10-26 23:29:24	kamalaharris todo list consists men tasks trump	#Trump
2024-10-26 23:29:32	small biz owners getting hurt democrats michigan biden administration meet great people novi mi trump rally david zere real americas voice news trumpvance realamvoice americafirstwh lfsb charliekirk	#trump #trumpvance2024 #trump2024
2024-10-26 23:29:34	know anyone shailenzo sstvi trump garime hurrican milton shaviers bigg boss tamil telugu season	#shailenzo #sstvi #Trump #Garime #HurricanMilton #shaviers #BiggBossTamil8 #BiggBossTelugu8 #BiggBossTamilSeason8
2024-10-26 23:29:36	nosoupforgeorge hateful person difference opinion hate dont believe left paid advertising networks trying sell better make america great trump	#Trump
2024-10-26 23:29:36	trump serious episode horrified audience helpless worse lies tells kamalaharris always uses term low iq describes black women big problem woman via youtube	#trump
2024-10-26 23:29:37	harris busca impulso con michelle obama trump arremete contra los inmigrantes kalamazoo estados unidos afp en su bsqueda de votos das las elecciones kamala donald	#Harris #MichelleObama #Trump #Elecciones2020 #KamalaHarris
2024-10-26 23:29:37	realdonaldtrump trump	#Trump #Trump2024
2024-10-26 23:29:38	wait opportunities create racing us yosha join today amazing experiences ahead h r u p e n g c l	#CreateYourOpportunities #YOSHA #TRUMP #MOODENG #MEMECOIN #PRESALE
2024-10-26 23:29:42	blend stand yosha h r u p e n g c l	#YOSHA #TRUMP #MOODENG #MEMECOIN #PRESALE
2024-10-26 23:29:42	teapainusa trounced sadly mistaken trump every major pole hes got positive energy comatose kamala getting booed stage houston guys done	#Trump
2024-10-26 23:30:01	knows shailenzo sstvi trump garime hurrican milton shaviers bigg boss tamil telugu season	#shailenzo #sstvi #Trump #Garime #HurricanMilton #shaviers #BiggBossTamil8 #BiggBossTelugu8 #BiggBossTamilSeason8
2024-10-26 23:30:04	trump calls vigilance enemy within fiery discussion joe rogans podcast rogan politics election immigration read	#Trump #JoeRogan #Politics #2024Election #Immigration
2024-10-26 23:30:06	joerogan loved podcast joeroganhq realdonaldtrump trump	#podcast #joerogan #trump
2024-10-26 23:30:14	choose crypto project stands integrity yosha presale open welcoming want make positive impact industry part something bigger h r u p e n g c l	#YOSHA #TRUMP #MOODENG #MEMECOIN #PRESALE
2024-10-26 23:30:18	trump racist	#Trump #racist
2024-10-26 23:30:18	real donald trump lol r u p n serving mcdonalds shortsfeed ontrending ontrend via youtube	#TRUMPSTUNTS #shortsfeed #trump #no1ontrending #1ontrend
2024-10-26 23:30:23	rpsagainsttrump trump	#Trump
2024-10-26 23:30:29	gigabeers definitely dodged interviews get say anything need trump back stop insanity	#Trump
2024-10-26 23:30:30	trump appears joe rogan experience former president donald appeared nearly three hour episode podcast hosted ufc commentator oan newsroom one america news network today pm	#Trump #JoeRogan
2024-10-26 23:30:31	im cleveland ohio week trump supporters everywhere gathering street corners flags houses dressed decorations loving	#Cleveland #Ohio #Trump #trump
2024-10-26 23:30:35	harness power positivity yosha mindset shapes realitylets make bright h presale trump moodeng memecoin	#YOSHA #Presale #Trump #moodeng #memecoin
2024-10-26 23:30:35	leonardo dicaprio endorsing kamala harris confirmation diddy epstein clients desperately dont want name come trump fearful	#trump #harris
2024-10-26 23:30:44	encryption empowers users providing tools necessary navigate digital world securely confidently yosha trump e n g c presale	#Yosha #Trump #MOODENG #MEMECOIN #presale
2024-10-26 23:30:55	last time trump adversarial interview soft	#Trump
2024-10-26 23:30:55	mean trump actual vote cheating planned election day read words hes transferring meaning conspiracy democratic party like transfers everything knows wrong onto opponents also morons	#Trump
2024-10-26 23:30:55	rise captures spirit resilience grit listen lets keep pushing forward together patriots unite trump	#PatriotsUnite #trump
2024-10-26 23:30:56	amerkan stevievanzandt watch megynkellys interview billmahers show kelly explains logically shes voting trump maher come back hes fascist insult real victims past fascism lefts argument summed nothing emotion	#Trump
2024-10-26 23:31:02	maga g insanity trump rally vance donaldjtrump donaldjtrumpads gop gophouseofrep gopsenate calltoactivism meidastouch occupydemocrats harris walz	#maga #MAGA2024 #MAGAInsanity #TrumpRally #TrumpVance2024 #trump #HarrisWalz
2024-10-26 23:31:03	ready rev life yosha every race brings new possibilities profitlets go fast together h r u p e n g c l	#RevUpYourLife #YOSHA #TRUMP #MOODENG #MEMECOIN #PRESALE
2024-10-26 23:31:04	feeling adventurous dive yoshas airdrop today h r u p e n g c l	#YOSHA #TRUMP #MOODENG #MEMECOIN #PRESALE
2024-10-26 23:31:04	say shailenzo sstvi trump garime hurrican milton shaviers bigg boss tamil telugu season	#shailenzo #sstvi #Trump #Garime #HurricanMilton #shaviers #BiggBossTamil8 #BiggBossTelugu8 #BiggBossTamilSeason8
2024-10-26 23:31:06	least people killed result israeli shelling residential buildings northern gaza strip saturday evening israelattackoniran iran israel idf r g c hezbollah war hamas iranattackisrael trump netanyahu iranunderattack middle east	#israelattackoniran #iran #israel #idf #IRGC #Hezbollah #war #gaza #hamas #iranattackisrael #trump #Netanyahu #iranunderattack #MiddleEast
2024-10-26 23:31:13	lets continue push boundaries redefine success crypto space h r u p e n g c l	#YOSHA #TRUMP #MOODENG #MEMECOIN #PRESALE
2024-10-26 23:31:13	diligentdenizen preview whats come trump wins get ready	#Trump
2024-10-26 23:31:33	real shailenzo sstvi trump garime hurrican milton shaviers bigg boss tamil telugu season	#shailenzo #sstvi #Trump #Garime #HurricanMilton #shaviers #BiggBossTamil8 #BiggBossTelugu8 #BiggBossTamilSeason8
2024-10-26 23:31:39	kamalaharris checked list held office vp dont get flip flop policies talk shit trump entirety campaign cant cheat democratic primary process making biden concede	#Trump
2024-10-26 23:31:43	yosha sky beginning lets reach stars together h presale trump moodeng memecoin	#YOSHA #Presale #Trump #moodeng #memecoin
2024-10-26 23:31:49	already watched em shailenzo sstvi trump garime hurrican milton shaviers bigg boss tamil telugu season	#shailenzo #sstvi #Trump #Garime #HurricanMilton #shaviers #BiggBossTamil8 #BiggBossTelugu8 #BiggBossTamilSeason8
2024-10-26 23:32:02	davidgokhshtein red wave coming david locked days trump president og sol xgem memecoin x crypto g h	#Trump #100xgem #1000xgem #memecoin100x #memecoin1000x #Crypto #Trump2024 #MAGA #MAHA
2024-10-26 23:32:03	swterry tristansnell proudly voting trump rd time	#Trump
2024-10-26 23:32:06	brianstelter bezos made decision protect billion dollar contract company blue origin federal government endorsed vp haris trump would lose r u p bribery	#TRUMP #Bezos #Bribery
2024-10-26 23:32:14	wait opportunity knock create yosha h r u p e n g c l	#YOSHA #TRUMP #MOODENG #MEMECOIN #PRESALE
2024-10-26 23:32:18	hey harris supporters youre furious lied regarding beyonce performing wait see feel realize kamala economy border taxes crime g trump go woke broke	#Harris #Beyonce #Kamala #economy #border #taxes #crime #MAGA #Trump #GoWokeGoBroke
2024-10-26 23:32:31	join us exciting journey yosha together well create vibrant community dreamers h presale trump moodeng memecoin	#YOSHA #Presale #Trump #moodeng #memecoin
2024-10-26 23:32:35	zelenskyy rejected plan un secretary general antnio guterres visit ukraine due attendance weeks brics summit russia israelattackoniran iran israel idf r g c hezbollah war gaza hamas iranattackisrael trump netanyahu iranunderattack	#israelattackoniran #iran #israel #idf #IRGC #Hezbollah #war #gaza #hamas #iranattackisrael #trump #Netanyahu #iranunderattack
2024-10-26 23:32:37	usa g election trump new pollpm	#usa #MAGA #MAGA2024 #Election #Trump #Trump2024
2024-10-26 23:32:37	person much power usgovt govtampmilitary contracts wspace x launch satellites space happening spacex head elonmusk regularly talks wour adversary putin common denominator trump	#SpaceX #Putin #Trump
2024-10-26 23:32:39	feeling adventurous join community racers blast earning money together yosha adventure h r u p e n g c l	#AdventureTogether #YOSHA #TRUMP #MOODENG #MEMECOIN #PRESALE
2024-10-26 23:32:41	anyone tell tiktok censoring trump vance vote blue harris walz	#TrumpVance2024 #VoteBlue #HarrisWalz #trump
2024-10-26 23:32:42	elon musk moron conman likely traitor addtion buys votes like trump gives shit us constitution vote blue harris save america	#ElonMusk #Trump #VoteBlue #VoteHarrisToSaveAmerica
2024-10-26 23:32:44	couldnt done without amazing community thank yosha supporters h r u p e n g c l	#YOSHA #TRUMP #MOODENG #MEMECOIN #PRESALE
2024-10-26 23:32:46	michelle obama tears old trump	#Don_Old #Trump
2024-10-26 23:32:53	apoyar kamalaharris con sus notables limitaciones es tan difcil que el nico recurso les queda atacar trump	#Trump
2024-10-26 23:32:56	leonardo dicaprio che sostiene la harris lennesima dimostrazione del fatto lui e tutte le celebrit sostengono se fanno sotto perch vincesse trump rilascerebbe lista dei pedofili ai festini di diddy epstein	#Harris #Trump #Diddy #Epstein
2024-10-26 23:32:57	braucht jemand ne neue statue trump u figure figures v e	#Trump2024 #Trump #USA #figure #figures #VOTE
2024-10-26 23:33:04	thread required viewing everyone reveals trump man truly unworthy white house never unfitforoffice istoostupid	#NeverTrump #Unfitforoffice #Trump
2024-10-26 23:33:06	lillygriff sharksk michelleobama leesarhoden kamalaharris trump drained washington swamp expose snakes besides bullying weak spineless republicans exposed establishment neocon globalist warmongers rinos joined dems forming uniparty work deep state want	#Trump
2024-10-26 23:33:07	manam kuda try cheddham shailenzo sstvi trump garime hurrican milton shaviers bigg boss tamil telugu season	#shailenzo #sstvi #Trump #Garime #HurricanMilton #shaviers #BiggBossTamil8 #BiggBossTelugu8 #BiggBossTamilSeason8
2024-10-26 23:33:09	screwed trump doesnt win	#Trump
2024-10-26 23:33:10	donald trump g vance save america	#DonaldTrump #MAGA #MAGA2024 #Trump #Trump2024 #TrumpVance2024ToSaveAmerica
2024-10-26 23:33:14	thepatriotoasis munsen trump	#Trump
2024-10-26 23:33:25	donald trump joe rogan experience hier ist der youtubelink u wahl harris joerogantrump welt b l derspiegel n g e c h zdfheute	#USWahl #Trump #Harris #joerogantrump #welt #BILD #derspiegel #NIUS #TAGESSCHAU #zdfheute
2024-10-26 23:33:31	movie lovers shailenzo sstvi trump garime hurrican milton shaviers bigg boss tamil telugu season	#shailenzo #sstvi #Trump #Garime #HurricanMilton #shaviers #BiggBossTamil8 #BiggBossTelugu8 #BiggBossTamilSeason8
2024-10-26 23:33:37	trump earns endorsement highly respected muslim leaders battleground state	#Trump #Muslim
2024-10-26 23:33:37	devincow trump waste human flesh	#Trump
2024-10-26 23:33:45	realdonaldtrump flash rallies almost people every couple days wave american trump flags hold signs friendly manner major street intersections national bellwether county overwhelming response	#FlashRallies #American #Trump
2024-10-26 23:33:51	join ranks winnersyoshas airdrop chance h r u p e n g c l	#YOSHA #TRUMP #MOODENG #MEMECOIN #PRESALE
2024-10-26 23:34:04	yosha redefining means racefun times ahead filled cash prizes await racing h r u p e n g c l	#RedefiningRacing #YOSHA #TRUMP #MOODENG #MEMECOIN #PRESALE
2024-10-26 23:34:04	das de las elecciones en e u los ltimos sondeos electorales siguen dando ganador trump donald creci ms un kamala harris cay datos recolectados por nuestro equipo destacado us hasta hs	#EEUU #Trump
2024-10-26 23:34:07	star academy le live shirt teepublic united states halloween kamala harris trump	#StarAcademyLeLive #shirt #teepublic #United_States #Halloween #KamalaHarris #Trump
2024-10-26 23:34:07	yosha every day new opportunity lets embrace change thrive together h presale trump moodeng memecoin	#YOSHA #Presale #Trump #moodeng #memecoin
2024-10-26 23:34:07	kamalaharris maga crunch trump election	#Trump #Election2024
2024-10-26 23:34:09	trump party mcd	#trump
2024-10-26 23:34:20	trump praises xi ruling iron fist sees nd admin working america	#trump #Xi #America
2024-10-26 23:34:26	via michigans muslim community muslims stand president trump promises peace war one imams said supporting donald promised end middle east ukraine mlive	#Michigan #Trump #MiddleEast #Ukraine
2024-10-26 23:34:36	ham bro karenge shailenzo sstvi trump garime hurrican milton shaviers bigg boss tamil telugu season	#shailenzo #sstvi #Trump #Garime #HurricanMilton #shaviers #BiggBossTamil8 #BiggBossTelugu8 #BiggBossTamilSeason8
2024-10-26 23:34:37	fourth reich nazis g looks like duck walks quacks probably hey trump call people fat amp ugly look mirror youll see pathetic creature creatures need bras	#Reich #Nazis #MAGA #Trump
2024-10-26 23:34:47	wrong people claim parry joy truth bubbling top trump realdonaldtrump foxnews elonmusk	#Trump
2024-10-26 23:34:52	michaelkeaton goes viral telling g hard truth trump evil rally donald fascist unfit office lifetimeof lies elon musk russian asset traitor vote blue save freedom u	#MAGA #Trump #evil #TrumpRally #DonaldTrumpIsAFascist #TrumpIsUnfitForOffice #DonaldTrumpLifetimeofLies #Elon_Musk #ElonMuskIsARussianAsset #ElonMuskIsATraitor #VoteBlueToSaveYourFreedomAndTheUSA
2024-10-26 23:34:55	every day updates shailenzo sstvi trump garime hurrican milton shaviers bigg boss tamil telugu season	#shailenzo #sstvi #Trump #Garime #HurricanMilton #shaviers #BiggBossTamil8 #BiggBossTelugu8 #BiggBossTamilSeason8
2024-10-26 23:35:09	passive actively earn yosha h r u p e n g c l	#YOSHA #TRUMP #MOODENG #MEMECOIN #PRESALE
2024-10-26 23:35:14	redpillgoku trump	#Trump
2024-10-26 23:35:15	hey g p america first trump vance wake used youre lied daily n trdump tariffs affect us prices trade via youtube	#MAGA #GOP #AmericaFirst #TrumpVance2024 #Trump #WakeUp #Used #SIMPINForTrdump #Tariffs
2024-10-26 23:35:16	voice matters lets make yosha platform serves everyone h r u p e n g c l	#YOSHA #TRUMP #MOODENG #MEMECOIN #PRESALE
2024-10-26 23:35:17	trump admits learned trees used water mid truly dumbest fucker ever lead america	#trump #America
2024-10-26 23:35:17	want add excitement life race yosha today watch earnings soar soars h r u p e n g c l	#ExcitementSoars #YOSHA #TRUMP #MOODENG #MEMECOIN #PRESALE
2024-10-26 23:35:18	lol youd almost think real didnt know even kamala wouldnt stupid enough say stuff loud oh wait joe rogan podcast harris trump	#Trump
2024-10-26 23:35:22	happened shailenzo sstvi trump garime hurrican milton shaviers bigg boss tamil telugu season	#shailenzo #sstvi #Trump #Garime #HurricanMilton #shaviers #BiggBossTamil8 #BiggBossTelugu8 #BiggBossTamilSeason8
2024-10-26 23:35:39	still contend trump nightmare democrats fault put hillary better likable candidates would beaten hillarys turn tapped antihillary sentiment began year migraine	#Trump #Democrats
2024-10-26 23:35:43	definitely sounds right vance joe rogan trump	#vance #JoeRogan #trump
2024-10-26 23:35:51	game changer mi want peace trump	#Trump
2024-10-26 23:36:06	amerkan stevievanzandt megynkelly billmaher think harris win despite polls depite incompetence powers shadows run things allow trump back theyll whatever takes dont trust elections thats assuming kill day	#Harris #Trump
2024-10-26 23:36:12	ready disrupt status quo join yosha h r u p e n g c l	#YOSHA #TRUMP #MOODENG #MEMECOIN #PRESALE
2024-10-26 23:36:19	potential second trump term source fear concern amp infect nd bring gate opportunities democratic parties emerge united states otherwise kamala wins chapter democracy closed	#Trump
2024-10-26 23:36:20	live nj media usual lying g trump rogan	#MAGA #Trump #RoganTrump
2024-10-26 23:36:20	feel energy success yosha lets channel ambitions action h presale trump moodeng memecoin	#YOSHA #Presale #Trump #moodeng #memecoin
2024-10-26 23:36:25	beyonce knows pick winner kamala harris trump	#Beyonce #KamalaHarris #Trump
2024-10-26 23:36:30	realdonaldtrump threatening itll fun maga suimon magamon sui meme trump g	#Sui #Meme #Trump #MAGA
2024-10-26 23:36:33	watch races participate earn money join yosha ride life h r u p e n g c l	#ParticipateAndEarn #YOSHA #TRUMP #MOODENG #MEMECOIN #PRESALE
2024-10-26 23:36:33	help save america vote trump trumpvance	#Trump
2024-10-26 23:36:35	biden houses met first session th congress january house failed elect speaker rules govern ted vaill trump	#biden #trump
2024-10-26 23:36:47	realdonaldtrump course trump vance election day	#Trump #Trump2024 #Trump2024Vance #Election #Election2024 #ElectionDay
2024-10-26 23:36:48	trump maga conservative republican gop djt fake christian national security compromized cozying dictators amp creating new one elonmusk giving us military satalites information derived clearance launches	#trump #trump2024 #maga #conservative #republican #FakeChristian #NationalSecurity #Compromized
2024-10-26 23:36:57	maga amp trump fucked global laughing stock	#Trump #TrumpIsAGlobalLaughingStock
2024-10-26 23:37:07	trump rally madison square garden features elon musk dana white see full speaker list usa today	#Trump #Trump
2024-10-26 23:37:10	analyzed years trump political speeches violent rhetoric increased dramatically u russia biden ukraine war palestine gaza israel	#Analyzed #Years #Trump #Political #Speeches #Violent #Rhetoric #Increased #Dramatically #USA #Russia #Biden #Ukraine #War #Palestine #Gaza #Israel
2024-10-26 23:37:12	war peace issue november th trump victory landslide vote opportunity mobilize policies improve united states world beyond rapid mobilization implement lyndon	#Trump #UnitedStates
2024-10-26 23:37:16	hope trump	#Trump
2024-10-26 23:37:26	sound like words confident political outsider sounds desperate likely lie late game attempt pick fear driven votes suppose fair trump harris good luck america	#Trump #Harris #America
2024-10-26 23:37:31	hillary clinton madison square garden trump rally g	#MadisonSquareGarden #Trump #MAGA
2024-10-26 23:37:37	well wins positive maybe reagan era ends amp people stop voting interests r u p n trump serving mcdonalds shortsfeed ontrending ontrend via youtube	#TRUMPSTUNTS #shortsfeed #trump #no1ontrending #1ontrend
2024-10-26 23:37:40	hey trump many gop states giving abortion people decide claim actually happened upheld womans right choose	#trump #gop #Abortion
2024-10-26 23:37:42	eelcobvr democracy dies darkness right back dawn trump never	#Trump
2024-10-26 23:37:45	trump team train g vance fyp america first drain swamp	#Trump #Trump2024 #TeamTrump #TrumpTrain #MAGA #TrumpVance #TrumpVance2024 #fyp #AmericaFirst #DrainTheSwamp
2024-10-26 23:37:45	someone shailenzo sstvi trump garime hurrican milton shaviers bigg boss tamil telugu season	#shailenzo #sstvi #Trump #Garime #HurricanMilton #shaviers #BiggBossTamil8 #BiggBossTelugu8 #BiggBossTamilSeason8
2024-10-26 23:37:55	first episode steven j show live days trump hoorays join epic adventure politics religion gaming films whatever else stumble talking g dark vance last stand	#MAGA #DarkMAGA #Trump #Trump2024Vance #TrumpTheLastStand
2024-10-26 23:38:01	lets turn washington red trump vote fight	#Trump #Vote #fight
2024-10-26 23:38:05	tmz funny democrats always going trumps affair support woman screwed married man twice age launched career two high end jobs car heelsup harris supports hypocrites fake outrage	#Democrats #Trump #Harris
2024-10-26 23:38:16	thank greenday promoting importance voting awesome concert arlington tx month ago today voted take president gas bitch h way baby elecciones trump joe rogan latinos punk r f k g ted cruz v e	#MAHA #Elecciones2024 #Trump #JoeRogan #LatinosForTrump #punk #RFK #MAGA #TedCruz #VOTE
2024-10-26 23:38:16	conservative trump g election f p trending politics jesus wokeness republican cancel culture viral	#Conservative #Trump #MAGA2024 #Election2024 #FYP #Trending #Politics #Jesus #GOP #Wokeness #Republican #CancelCulture #Viral
2024-10-26 23:38:16	brentscher kamalaharris feel small chance following happening team kamala know lose claims trump weaponize doj even though never goes extreme	#Kamala #Kamala #Trump #Trump #Kamala
2024-10-26 23:38:24	ditch ordinary embrace extraordinary yosha h r u p e n g c l	#YOSHA #TRUMP #MOODENG #MEMECOIN #PRESALE
2024-10-26 23:38:27	inimitable stevekornacki msnbc nbcnewscnbc polls kamala harris lags trump national pv amp battleground state average longer popular	#KamalaHarris #Trump
2024-10-26 23:38:30	next four years awesome trump g	#Trump #MAGA
2024-10-26 23:38:34	th trng cui tun sw sau bin ng chc mi ngi vui v hnh phc bn gia nh thn yu ca mnh good luck b c x shailenzo sstvi trump garime maynata hurrican milton flugoku grandefratello shaviers bigg boss tamil	#BTC #X #shailenzo #sstvi #Trump #Garime #maynata #HurricanMilton #Flugoku #grandefratello #shaviers #BiggBossTamil8
2024-10-26 23:38:39	democrats new tactic drawing crowds celebs trump mingles directly public kamala relies elite support birthday parties stevie wonder speeches beyonce really way connect americans donald	#Democrats #Trump #Kamala #Americans #DonaldTrump
2024-10-26 23:38:46	trump vance	#TrumpVance2024 #Trump #Trump2024
2024-10-26 23:38:48	elonmusk supporting ugly excuse human besides immigrant anything bad say fellow immigrants explain mei think hypocrite workst e l putin owns trump elon musk	#TESLA #PutinOwnsTrump #PutinOwnsElon #PutinOwnsMusk #Trump
2024-10-26 23:38:51	kamalaharris drop race endorse trump	#Trump
2024-10-26 23:38:55	makracker elisestefanik newyorkgop incestors rapist trump	#Trump
2024-10-26 23:38:56	hustlebitch dont think trump pay celebrities endorse	#Trump
2024-10-26 23:39:01	suimon realdonaldtrump dm r u p	#TRUMP
2024-10-26 23:39:04	trump says america dumptrash etc hes referring followers	#Trump
2024-10-26 23:39:04	youre american go vote trump	#American #trump
2024-10-26 23:39:18	adventure awaits yosha tokens step forward lets explore new horizons together h presale trump moodeng memecoin	#YOSHA #Presale #Trump #moodeng #memecoin
2024-10-26 23:39:27	crypto evolvingwill evolve yosha h r u p e n g c l	#YOSHA #TRUMP #MOODENG #MEMECOIN #PRESALE
2024-10-26 23:39:57	craigsw hughbothwell jherbatov rkdoctr scientiapercept rorywantstoknow takethathistory jmiglesias warpentity jatapps warpox galcondude melanie pckt covertcuttlefi dipolarpilot sdafs christgodtweet feargodbro cleisthenes nosciencedenial jayconcerto spikeinthemidge hankstern flaffenbam doubledoublejon thecolossis thedukeistheman laughchem rayowen atheismisdead jordanbassior crispycurry andyguy rfirethief rockandanchor umfpt painesreason jan setophaga fairytalejedi maloj onychom nuckchorris bonjourfoii adrianturner pauldubuisson paulvcooper mel atheismcringe much mass killing past carried behalf gods demagogues see trump	#Trump
2024-10-26 23:40:05	somehow theyre tied trump kamala electionresult	#Trump #Kamala #electionresult2024
2024-10-26 23:40:37	zero evidence trump bought supplies georgia storm victims however divert plenty local resources away rescues order facilitate visit	#trump #Georgia
2024-10-26 23:40:39	play safe take leap yoshas airdrop h r u p e n g c l	#YOSHA #TRUMP #MOODENG #MEMECOIN #PRESALE
2024-10-26 23:40:50	trump kamala obama epstein list hurricane milton election tom hanks joe rogan	#Trump #Kamala #Obama #EpsteinList #HurricaneMilton #election #TomHanks #JoeRogan
2024-10-26 23:40:50	repmtg mtgreenee g trump vance rally donald marjorie taylor greene really pathetic toast	#GA14 #TrumpVance2024 #TrumpRally #DonaldTrump #MAGA #MarjorieTaylorGreene #Trump
2024-10-26 23:40:54	arsenalrep f b p usa trump g	#IFBAP #Trump #MAGA
2024-10-26 23:41:07	harris jeopardizing muslim vote maintain support israels gaza genocide marks one significant political moral failures recent american history democratic party weakest point yet trump	#Gaza #Harris #Trump
2024-10-26 23:41:08	dive future yosha together well make splash crypto ocean h presale trump moodeng memecoin	#YOSHA #Presale #Trump #moodeng #memecoin
2024-10-26 23:41:12	donald trump wins michigan goes win presidency impose legal muslim ban im going laugh cheer idiots harris walz kamala rally	#DonaldTrump #Michigan #Muslim #Trump #HarrisWalz #KamalaHarris #Kamala #TrumpRally
2024-10-26 23:41:31	donaldjtrumpjr trump	#Trump #Trump2024
2024-10-26 23:41:42	border czar kamala democrats get family robbed beaten killed vote realdonaldtrump secure deport criminal illegals trump save america pittsburghpg phillyinquirer freep journalsentinel ajc theobserver lasvegassun	#BorderCzarKamala #Democrats #TrumpToSaveAmerica #Trump #Trump2024
2024-10-26 23:41:43	would really though leonardo support trump cuz love girls much younger theres something consistent leo dating environment u	#Leonardo #Trump #USA
2024-10-26 23:41:50	yosha dreams meet reality join us turn aspirations achievements h presale trump moodeng memecoin	#YOSHA #Presale #Trump #moodeng #memecoin
2024-10-26 23:42:10	hillelneuer im ive paying close attention voting trump	#Trump
2024-10-26 23:42:15	trump sale cheap	#Trump #ForSaleCheap
2024-10-26 23:42:18	dont watch others succeedjoin yosha thrive h r u p e n g c l	#YOSHA #TRUMP #MOODENG #MEMECOIN #PRESALE
2024-10-26 23:42:21	cnn final nationwide poll donald trump kamala harris election	#Trump #Harris #Election2024
2024-10-26 23:42:22	get bad selves trump joe rogan maga americafirst	#trump #JoeRogan #maga #americafirst
2024-10-26 23:42:30	elevate crypto journey yosha lets soar new heights together h presale trump moodeng memecoin	#YOSHA #Presale #Trump #moodeng #memecoin
2024-10-26 23:42:36	lakotaman definitely rapist trump	#Trump
2024-10-26 23:42:40	kttruther americanhubener sethrogen lol course democrats like want stoned maybe wont notice hollywood liberals scatter roaches trump releases epstein list	#Trump
2024-10-26 23:42:45	patrickbetdavid think americas mom dad dont listen racist sexist trump	#Trump
2024-10-26 23:42:46	alexbruesewitz realdonaldtrump trump	#Trump #Trump2024
2024-10-26 23:42:56	weave todays cartoon auspol u politics trump	#auspol #USPolitics #Trump
2024-10-26 23:43:02	everything trump analyzed phone lock screen yet nobody cares kammies	#Trump
2024-10-26 23:43:08	really strong take kamala harris whats sad unlike trump believe mental horsepower master issues jeffrey says hasnt made priority shows amp severely impairing voters arent policy wonks sense	#KamalaHarris #Trump
2024-10-26 23:43:19	acaso la ansiedad econmica entre los votantes obreros rurales reaccin cultural contra las minoras explican mejor coalicin electoral de trump su xito en morris p fiorina hoover institution	#Trump
2024-10-26 23:43:19	im worried reproductive freedom beginning trump gets office whats going stop taking away rights stopf r e kamala harris	#ReproductiveFreedom #Trump #FREEDOM #MeToo #KamalaHarris2024
2024-10-26 23:43:21	stop waiting changebe change yoshas airdrop h r u p e n g c l	#YOSHA #TRUMP #MOODENG #MEMECOIN #PRESALE
2024-10-26 23:43:23	discover endless possibilities yosha adventure crypto starts herelets go h presale trump moodeng memecoin	#YOSHA #Presale #Trump #moodeng #memecoin
2024-10-26 23:43:26	yep everything fine kamala way campaign ending safe say gonna lose badly trump vance america first	#Trump #Trump2024 #Trump2024Vance #AmericaFirst
2024-10-26 23:43:44	joe rogan really pulled ufc ppv shirt podcast trump u f c	#Trump #UFC #MMA
2024-10-26 23:43:45	realdonaldtrump r u p	#TRUMP #TRUMP #TRUMP #TRUMP #TRUMP #TRUMP
2024-10-26 23:43:50	cbdoge women falling propaganda anymore msm worried boys girls sports sending kids pointless war caused current administrations fecklessness want border closed took family members vote trump	#Trump
2024-10-26 23:44:10	wann sa herrmann gring eigentlich im deutschen bundestag und fr welche partei jens spahn der schlimmste rechtspopulist dt christdemokratie parlament seit donald trump	#Spahn #Trump
2024-10-26 23:44:11	trump supporter woman hater mel gibson	#Trump #MelGibson
2024-10-26 23:44:12	washingtonpost general election poll virginia harris trump washington post b lv	#B #Trump #Harris #Election2024
2024-10-26 23:44:13	madison square garden g n trump j f k jr back future hello e r red october surprise	#MadisonSquareGarden #MSG #NY #Trump #JFKJr #BackToTheFuture #HelloGEORGE #RedOctober #OctoberSurprise
2024-10-26 23:44:20	drefanzor really michelle trump ducking interviews cowering guess didnt see hour conversation joerogan million plus views less hours multiple rallies last month alone	#Trump
2024-10-26 23:44:42	rpsagainsttrump heard directly joerogan trump man baby	#Trump #ManBaby
2024-10-26 23:44:42	say let maga dance fuckers fuck trump	#Trump
2024-10-26 23:44:43	trump arremete contra beyonc la prensa el voto anticipado en un mitin mchigan ey r news election beyonce	#EyRNews #Election2024 #Trump #Beyonce
2024-10-26 23:44:46	youtube r u p	#徐海喬 #TRUMP
2024-10-26 23:44:58	recheck shailenzo sstvi trump garime maynata hurrican milton grandefratello shaviers bigg boss tamil telugu season	#shailenzo #sstvi #Trump #Garime #maynata #HurricanMilton #grandefratello #shaviers #BiggBossTamil8 #BiggBossTelugu8 #BiggBossTamilSeason8
2024-10-26 23:45:03	trump fk jill stein	#trump
2024-10-26 23:45:04	fuel ambition yosha tokens together well ignite path success h presale trump moodeng memecoin	#YOSHA #Presale #Trump #moodeng #memecoin
2024-10-26 23:45:10	jamesdunlap jojofromjerz agree realized talking trump	#Trump
2024-10-26 23:45:10	r e v trump c rallies weekend politics donald via youtube	#MORE #MASSIVE #Trump #CAR #Weekend #Politics #DonaldTrump
2024-10-26 23:45:22	follow crowd lead yosha h r u p e n g c l	#YOSHA #TRUMP #MOODENG #MEMECOIN #PRESALE
2024-10-26 23:45:23	mark calendars tomorrow night trump holding rally madison square garden nyc many people raiklin mentions scheduled speak odds demand state legislators	#Trump
2024-10-26 23:45:27	kamala harris yeah beyonce endorsed willingly husband jayz list trump	#KamalaHarris #Trump
2024-10-26 23:45:30	realrfkjr sounds like didnt actually watch trump weaving someone slipping whalebludder honest question hows trumpsear look close im sure youve nibbled little conspiracies time	#Trump #weaving #whalebludder #trumpsear #conspiracies
2024-10-26 23:45:32	repeat shailenzo sstvi trump garime maynata hurrican milton grandefratello shaviers bigg boss tamil telugu season	#shailenzo #sstvi #Trump #Garime #maynata #HurricanMilton #grandefratello #shaviers #BiggBossTamil8 #BiggBossTelugu8 #BiggBossTamilSeason8
2024-10-26 23:45:56	realxanderxjork kari lake great candidate obeying trump worshipping cruelty toward migrants thanks vote blue harris walz	#trump #VoteBlue #HarrisWalz
2024-10-26 23:45:56	face trump supporter waited hours orange clown yesterday yepthe g movement ownes libs madison square garden hitler	#Trump #MAGA #MadisonSquareGarden #Hitler
2024-10-26 23:46:03	join yosha revolution today together well reshape future finance h presale trump moodeng memecoin	#YOSHA #Presale #Trump #moodeng #memecoin
2024-10-26 23:46:11	college wrestler past present must support trump	#Trump
2024-10-26 23:46:28	feeling left yoshas airdrop ticket crypto elite h r u p e n g c l	#YOSHA #TRUMP #MOODENG #MEMECOIN #PRESALE
2024-10-26 23:46:35	g cult trump kamala harris michelle obama donald protector back every part body also	#MAGACult #Trump #KamalaHarris #MichelleObama
2024-10-26 23:46:40	presidentialelection trump harris	#presidentialelection #trump #harris
2024-10-26 23:46:42	ladies dont want hear watch full quoteoftheday quotes quotesaboutlife kamala trump kai big winner	#quoteoftheday #quotes #quotesaboutlife #kamala #Trump #KaiForBigWinner
2024-10-26 23:46:48	trump two contradictory messages one michigan muslims telling would stop war another zionists know want something get opposite	#Trump #MichiganMuslims #Trump #Michigan_Muslims
2024-10-26 23:46:52	make mcdonalds great yelp comments trump worked drivethru good disabled	#Trump
2024-10-26 23:46:57	reuters super le soutien de toutes ces stars pour kamala harris je ne peux mempcher dun certain malaise au souvenir dhillary clinton qui ct starsystme justement avait port prjudice via lamricain moyen trump reste hlas encore fort sondage election roslyn	#KamalaHarris #Trump #Election2024
2024-10-26 23:46:57	dostabker patpubs cant see left corrupt wed rather someone conviction look ask youre voting facts also convictions turned like rest trump	#facts #Trump
2024-10-26 23:46:58	kamala done rallies going hand sounds desperate trump	#kamala #trump
2024-10-26 23:46:58	dont know beyonce isnt going perform free front little peasants beneath support continue fall kamala harris lies trump israel iran madison square garden new york make america great maga	#Trump #Israel #Trump
2024-10-26 23:46:58	kamalahq trump stiffs everyone ask rudygiuliani anyone else worked	#Trump
2024-10-26 23:46:59	yosha every moment opportunity lets seize day make count h presale trump moodeng memecoin	#YOSHA #Presale #Trump #moodeng #memecoin
2024-10-26 23:46:59	vote trump end foreign interventionby city london clear warnings supporters joebiden kamalaharris intend rampage streets american cities lose intentional replay us color	#Trump #American
2024-10-26 23:47:00	jesus hes old trump unfit office	#trump #TrumpIsUnfitForOffice
2024-10-26 23:47:00	elecciones en estados unidos kamala harris donald trump quin ganar este de noviembre te pierdas la transmisin especial con yoeliramirez ramirezpaco jmnaveja raulfriaslucio	#Elecciones2024 #EstadosUnidos #KamalaHarris #Trump
2024-10-26 23:47:04	pure facts trump rally realdonaldtrump foxnews	#TrumpRally #Trump
2024-10-26 23:47:06	would one know whether joerogan laughing absurdity trump claim tacit agreement like joe flinch challenging anything someone says believes absurd	#Trump
2024-10-26 23:47:10	hey washingtonpost realize trump million supporters entire rightwing media ecosystemyour nonendorsement de facto endorsement right shame	#Trump
2024-10-26 23:47:19	new general election tracking poll harris trump tipp lv	#New #A #Trump #Harris #Election2024
2024-10-26 23:47:23	join revolutionyoshas airdrop magic happens h r u p e n g c l	#YOSHA #TRUMP #MOODENG #MEMECOIN #PRESALE
2024-10-26 23:47:25	immeme looks like lines r u p rallies	#TRUMP
2024-10-26 23:47:33	pismob michelleobama kamalaharris wow venezuelan legal immigrants support trump live getting many people made us leave venezuela theyre living next neighbors ruining image	#Venezuelan #Trump
2024-10-26 23:47:37	set watch us election count next week fellow political tragics going nail biter close call ive never wanted see anyone kicked curb much want trump democracy damned wins u	#USElection2024 #Trump
2024-10-26 23:47:38	rogan poll hours left saturday afternoon historic rogantrump interview friday october trump g h	#Trump #Trump2024 #TrumpWon #MAGA #MAGA2024 #MAHA
2024-10-26 23:47:41	spectatorindex hes right need trump better world america weaker ever biden harris iran attempted assassinate president respond warned attack israel yet anyway hope wins election	#Trump
2024-10-26 23:47:41	bubblebathgirl moment someone says cant believe would vote trump simply reply im voting first amendment freedom speech second right defend life family	#Trump #Trump
2024-10-26 23:47:44	unleash potential yosha together well break barriers achieve greatness h presale trump moodeng memecoin	#YOSHA #Presale #Trump #moodeng #memecoin
2024-10-26 23:47:44	aprotectsa mollyploofkins must one people hillary mentioned brainwashed leaders gaslighting msm complicit trump speaks mind know stand rather treated like mushroom fed joyous bs ill take chances	#Trump #Trump2024
2024-10-26 23:47:45	ivankanews trump	#Trump
2024-10-26 23:47:48	las encuestas muestran una ligera ventaja para trump pero diferencias en los estados clave siguen siendo muy ajustadas veo ms probable victoria de que kamala harris prximos das cualquier cosa puede suceder	#encuestas #Trump #Trump #KamalaHarris
2024-10-26 23:47:55	marklevinshow trump refuse criticize russia arming iran hezbollah north korea would anyone cares peace middle east europe achieving global stability trust team obviously compromised foreignpolicy	#Trump #foreignpolicy #Russia #Iran #Hezbollah
2024-10-26 23:47:59	democrats move goal posts kamala trump covid vaccine voter	#democrats #kamala #trump #covid #vaccine #VoterID
2024-10-26 23:48:02	alsobrooksformd sick overrun illegal aliens sucking social services dry nothing left higher taxes putting things back shelf cause cant afford fuel groceries vote larry hogan trump	#IllegalAliens #SocialServices #HigherTaxes #Vote #LarryHogan #Trump
2024-10-26 23:48:12	r u p trump baby g h never tramp	#TRUMP #MAGA #MAHA
2024-10-26 23:48:14	trump pathetic alleged followers gets less likes reality doesnt match hype	#Trump
2024-10-26 23:48:18	lets follow eachother goal k g r u p trump vance e c z keep texas red	#MAGA #MAGA2024 #MAGA #TRUMP #TrumpVance2024 #TEDCRUZ #KeepTexasRed
2024-10-26 23:48:26	trump elon mus wokeculture stfubyaleo exclusive way see look inside obama administration via youtube	#Trump #ElonMus #Wokeculture #stfubyaleo
2024-10-26 23:48:30	would leader democracy want generals like hitler trump reportedly told john kelly wished kind loyalty hitlers known following orders matter dark say wants	#Trump
2024-10-26 23:48:37	meanwhile back michigan trump fails show keeping maga waiting hrs depart	#Michigan #Trump
2024-10-26 23:48:38	yosha partner progress lets build brighter future together h presale trump moodeng memecoin	#YOSHA #Presale #Trump #moodeng #memecoin
2024-10-26 23:48:42	truth trump military tribunals bioweapons fake news genocide treason crimes humanity child trafficking deepstate vaccines martiallaw e b ukraine covid antarctica chemtrails hightreason illuminati federalreserve bankingcartel	#Truth #trump #MilitaryTribunals #bioweapons #FakeNews #genocide #Treason #CrimesAgainstHumanity #ChildTrafficking #deepstate #vaccines #martiallaw #EBS #Ukraine #covid19 #Antarctica #chemtrails #hightreason #illuminati #federalreserve #bankingcartel
2024-10-26 23:48:57	shailenzo trump garime hurrican milton grandefratello shaviers bigg boss tamil telugu season	#shailenzo #Trump #Garime #HurricanMilton #grandefratello #shaviers #BiggBossTamil8 #BiggBossTelugu8 #BiggBossTamilSeason8
2024-10-26 23:49:19	election wont stop end world contrary popular belief still vote trump kamala harris pdiddy endoftheworld jesus lord	#trump #KamalaHarris #pdiddy #endoftheworld #JesusIsLord
2024-10-26 23:49:19	omg wonder old man showed rally trump vance realdonaldtrump elonmusk teamtrump cbdoge trumpwarroom	#Trump2024Vance #Trump #Trump2024
2024-10-26 23:49:23	teslasynopsis freedom mean trump	#Trump
2024-10-26 23:49:25	self boosting shailenzo sstvi trump garime maynata hurrican milton grandefratello shaviers bigg boss tamil telugu season	#shailenzo #sstvi #Trump #Garime #maynata #HurricanMilton #grandefratello #shaviers #BiggBossTamil8 #BiggBossTelugu8 #BiggBossTamilSeason8
2024-10-26 23:49:37	loud explosion heard nahariyya drone alerts israelattackoniran iran israel idf r g c hezbollah war gaza hamas iranattackisrael trump netanyahu iranunderattack middle east world	#israelattackoniran #iran #israel #idf #IRGC #Hezbollah #war #gaza #hamas #iranattackisrael #trump #Netanyahu #iranunderattack #MiddleEast #WorldWar3
2024-10-26 23:49:42	transform financial journey yosha time change nowjoin us h presale trump moodeng memecoin	#YOSHA #Presale #Trump #moodeng #memecoin
2024-10-26 23:49:45	trump treasonous fascistic narcissistic sociopath dementia vote harris election politics today walz rally trumps revenge r umputin belongs prison vance existential threat derangement syndrome	#Election #PoliticsToday #HarrisWalz #TrumpRally #Trump #Trump2024 #TrumpsRevenge2024 #tRUmputinBelongsInPrison #Trump2024Vance #TrumpIsAnExistentialThreat #TrumpDerangementSyndrome
2024-10-26 23:49:49	alsobrooksformd angela wants kill babies g vote larry trump	#KillBabies #GOD #Vote #Larry #Trump
2024-10-26 23:49:56	except one shailenzo sstvi trump garime maynata hurrican milton grandefratello bigg boss tamil telugu season	#shailenzo #sstvi #Trump #Garime #maynata #HurricanMilton #grandefratello #BiggBossTamil8 #BiggBossTelugu8 #BiggBossTamilSeason8
2024-10-26 23:50:02	seems housegop senategop ok trump draft dodging coward putting attacking general milley others military gutless fukin cowards sit say nothing support people serve country scumbag	#Trump #GeneralMilley #DraftDodgingScumbag
2024-10-26 23:50:15	trumpwarroom trump vance	#Trump #Trump2024 #TrumpVance2024
2024-10-26 23:50:28	find community yosha tokens together well create network innovators h presale trump moodeng memecoin	#YOSHA #Presale #Trump #moodeng #memecoin
2024-10-26 23:50:34	trump makes pitch gen z men cnn	#Trump #Trump
2024-10-26 23:50:36	hope win last match shailenzo sstvi trump garime maynata hurrican milton grandefratello shaviers bigg boss tamil telugu season	#shailenzo #sstvi #Trump #Garime #maynata #HurricanMilton #grandefratello #shaviers #BiggBossTamil8 #BiggBossTelugu8 #BiggBossTamilSeason8
2024-10-26 23:50:39	told kamala harris campaign party joy yet yelling child stroller amp calling trump hitler	#KamalaHarris #Trump
2024-10-26 23:50:41	economic anxiety cultural backlash key trumps support morris p fiorina hoover institution	#Trump
2024-10-26 23:50:44	fun interaction audience ever dumped political beliefs trump election u	#Trump #Election #USA
2024-10-26 23:50:52	glennssf thewakeninq yes run longer hide g r u p	#MAGA2024 #TRUMP
2024-10-26 23:50:52	corrupt hillary prison trump clear danger clinton please open eyes fascist present country	#Hillary #Trump
2024-10-26 23:50:53	trump praises chinese president controlling citizens iron fist dictator day one	#trump
2024-10-26 23:51:01	realdonaldtrump never big trump rig trumps fake electors several states tried speak michigan included months election trumpgop trying replace real recorded tallies report	#Trump
2024-10-26 23:51:03	head israeli opposition yair lapid since beginning war soldiers injured killed israelattackoniran iran israel idf r g c hezbollah gaza hamas iranattackisrael trump netanyahu iranunderattack	#israelattackoniran #iran #israel #idf #IRGC #Hezbollah #war #gaza #hamas #iranattackisrael #trump #Netanyahu #iranunderattack
2024-10-26 23:51:06	sounds like ayman throwing election trump highlights blaming kamala harris israel hamas war americas sitting potus think f g gonna better muslims muslim ban msnbc	#Ayman #Trump #KamalaHarris #IsraelHamasWar #TFG #MuslimBan
2024-10-26 23:51:09	good morning dont need watch today shailenzo sstvi trump garime maynata hurrican milton grandefratello shaviers bigg boss tamil telugu season	#shailenzo #sstvi #Trump #Garime #maynata #HurricanMilton #grandefratello #shaviers #BiggBossTamil8 #BiggBossTelugu8 #BiggBossTamilSeason8
2024-10-26 23:51:12	gabbard talking hypocrite tulsi says r u p blood hands saviour flipping get possible position administration typical gabbards style politics pure h c e	#Gabbard #hypocrite #Tulsi #TRUMP #TulsiGabbard #HYPOCRISIE
2024-10-26 23:51:21	donald trump got americas best pics videos	#donald #trump #got #AmericasBestPicsAndVideos
2024-10-26 23:51:27	jack trades trump g	#Trump #MAGA2024
2024-10-26 23:51:34	trump unfit office trumpisunwell	#TrumpIsUnfitForOffice #trump #trumpisunwell
2024-10-26 23:51:38	mjtruthultra pray trump protect vote	#PrayForTrump #ProtectTrump #Vote #Trump
2024-10-26 23:51:42	experience thrill growth yosha lets nurture dreams watch flourish h presale trump moodeng memecoin	#YOSHA #Presale #Trump #moodeng #memecoin
2024-10-26 23:51:44	trump elon musk	#trump #ElonMusk
2024-10-26 23:51:52	billmaher bet wont post clip megynkelly schools audience come back hes fascist heres kamalaharris fascism looks like harris trump	#fascist #Harris #Trump
2024-10-26 23:51:58	voted early person trump sent help straight republican ticket	#Trump
2024-10-26 23:52:00	rogan trump	#Rogan #RoganTrump #Trump #Trump2024
2024-10-26 23:52:01	conservblue kamalaharris definitely dont speak americans trump	#Trump
2024-10-26 23:52:02	g trump u	#MAGA24 #Trump #Trump2024 #USA
2024-10-26 23:52:16	wondering photo donald trump ruin campaign come soon internut daily	#Trump
2024-10-26 23:52:22	soaked trump trumprally donaldtrump govote vote earlyvoti via youtube	#trump #trumprally #donaldtrump #govote #vote #earlyvoti
2024-10-26 23:52:24	stevelovesammo thanks steve need followers follow back equine everyone go trump	#Trump
2024-10-26 23:52:37	yoshas journey begun excited whats come h r u p e n g c l	#YOSHA #TRUMP #MOODENG #MEMECOIN #PRESALE
2024-10-26 23:53:06	yosha every token tells story join us part something extraordinary h presale trump moodeng memecoin	#YOSHA #Presale #Trump #moodeng #memecoin
2024-10-26 23:53:08	vote r u p	#TRUMP
2024-10-26 23:53:19	know donald played businessman tv inherited money hosted game show host actually qualifies president elections vote r e b l u trump kamala harris walz	#donald #elections2024 #VoteRED #VoteBLUE #Trump #Kamala #HarrisWalz
2024-10-26 23:53:20	seems like someones song releasing shailenzo sstvi trump garime maynata hurrican milton grandefratello shaviers bigg boss tamil telugu season	#shailenzo #sstvi #Trump #Garime #maynata #HurricanMilton #grandefratello #shaviers #BiggBossTamil8 #BiggBossTelugu8 #BiggBossTamilSeason8
2024-10-26 23:53:32	trump us debt ballooned	#Trump
2024-10-26 23:53:34	partner celebrate hateful lying felon fascist realdonaldtrump loses election disappears ugly bits history along tyrannical buddies kamala harris trans rights human vote blue going back trump fasc	#KamalaHarris #TransRightsAreHumanRights #VoteBlue #NotGoingBack #Trump #fasc
2024-10-26 23:53:52	dont player shailenzo sstvi trump garime maynata hurrican milton grandefratello shaviers bigg boss tamil telugu season	#shailenzo #sstvi #Trump #Garime #maynata #HurricanMilton #grandefratello #shaviers #BiggBossTamil8 #BiggBossTelugu8 #BiggBossTamilSeason8
2024-10-26 23:53:54	trump caring people think good anyone cares first family distant nd supporters way behind dead last care fir wants votes fact truth	#Trump #Fact #Truth
2024-10-26 23:53:57	embrace future yosha tokens together well shape world possibilities h presale trump moodeng memecoin	#YOSHA #Presale #Trump #moodeng #memecoin
2024-10-26 23:54:01	trump cooking fries mcdonalds kamala never harris via youtube	#trump #harris
2024-10-26 23:54:11	sahilkapur really serial loser trump age riddled dementia behind bars	#Trump
2024-10-26 23:54:14	johnpavlovitz vote trump	#Trump
2024-10-26 23:54:15	video game shailenzo sstvi trump garime maynata hurrican milton grandefratello shaviers bigg boss tamil telugu season	#shailenzo #sstvi #Trump #Garime #maynata #HurricanMilton #grandefratello #shaviers #BiggBossTamil8 #BiggBossTelugu8 #BiggBossTamilSeason8
2024-10-26 23:54:29	chart course yosha lets navigate crypto seas together h presale trump moodeng memecoin	#YOSHA #Presale #Trump #moodeng #memecoin
2024-10-26 23:54:32	catbarnes keep kicking ass youre gorgeous hypnotic eyes absolutely amazing body beyond smart daring confident amp piss liberals words fun watch women trump	#WomenForTrump #trump
2024-10-26 23:54:35	stop shailenzo sstvi trump garime maynata hurrican milton grandefratello shaviers bigg boss tamil telugu season	#shailenzo #sstvi #Trump #Garime #maynata #HurricanMilton #grandefratello #shaviers #BiggBossTamil8 #BiggBossTelugu8 #BiggBossTamilSeason8
2024-10-26 23:54:40	lets discuss yosha empower communities worldwide voice matters h r u p e n g c l	#YOSHA #TRUMP #MOODENG #MEMECOIN #PRESALE
2024-10-26 23:54:47	realdonaldtrump instead tax tips higher wages republicans said repeal replace neither give health healthcare task jfkjr reasonable federal abortion bill people f g h trump	#FIGHT #Trump #MAGA
2024-10-26 23:54:52	vazhnews king reza pahlavi netanyahu trump	#ایران #اسرائیل #KingRezaPahlavi #Netanyahu #Trump #Trump2024
2024-10-26 23:54:54	actor mandy patinkin sat nsla member robert william kelly jd former deputy assistant secretary defense discuss trumps behavior led leave republican party leadership matters trump harris military	#LeadershipMatters #Trump #Harris #Military
2024-10-26 23:55:11	davebirkett time block dave trump	#Trump
2024-10-26 23:55:14	trump jre thousands something foxnewsdads calling sons asking find youtube channel cable see need computer dadon phoneno cant watch flip phone dad	#trump #jre #foxnewsdads
2024-10-26 23:55:18	realdonaldtrump lets go trump	#Trump #Trump2024
2024-10-26 23:55:22	wow trump really old decaying god brain gone body failing heard speak recently	#Trump
2024-10-26 23:55:35	god bless veterans veteran president trump go	#Veterans #Veteran #PresidentTrump #GoTrump #Trump
2024-10-26 23:55:36	humanhumane president trump knowledge man head amazing tired ass dem party worried abortions terminating pregnancy important issue facing united states wake america joe rogan	#Trump #Dem #Abortions #TheUnitedStates #WakeUpAmerica #JoeRogan
2024-10-26 23:55:39	globalnews another bs liberal propaganda machine speak canadians full shit trump poilievre	#Trump #Poilievre
2024-10-26 23:55:44	maryltrump politics last plus yrs failed ppl theyre desperately seeking messiah turn around want hope amp awful trump hes still seen inequality social ills much common unequal societies richard wilkinson	#Trump #inequality
2024-10-26 23:55:52	yandydiaz la monte de trump est aussi fulgurante que jadis dhitler cependant les visions sont compltement diffrentes celles et tenter comparer en tant leader fait partie des amalgames douteux amres dailleurs normand devrait	#Trump #Hitler #Hitler #Trump
2024-10-26 23:56:09	frighteningly could true trumps longtime obsequiousness putin inexplicable amp embarrassing hisamp especially jdvancespush us abandon ukraine deplorable dangerous kamala harris decrying china tariffswalz long love c p even alarming	#Trump #Putin #Ukraine #KamalaHarris #CCP
2024-10-26 23:56:15	jemelehill jeffbezos wanting stay good side trump elected sure jeff isnt concerned kamalaharris retaliate shes built way recognizes truth	#Trump
2024-10-26 23:56:19	awaken potential yosha together well rise shine crypto world h presale trump moodeng memecoin	#YOSHA #Presale #Trump #moodeng #memecoin
2024-10-26 23:56:25	realdonaldtrump vote trump bigg boss telugu shailenzo sstvi garime maynata hurrican milton grandefratello shaviers tamil n dvs z flugoku	#BiggBossTelugu8 #shailenzo #sstvi #Trump #Garime #maynata #HurricanMilton #grandefratello #shaviers #BiggBossTamil8 #INDvsNZ #Flugoku
2024-10-26 23:56:34	g r u pvance	#MAGA #TRUMP
2024-10-26 23:56:36	donhollandpro trumplola obviously best president lifetime trump ben vandaag gegaan op het trommelen voor orange man bad going big rid ajuu	#Trump
2024-10-26 23:56:38	youre counting trump g tried overthrow government january governed laws brilliant	#Trump #MAGA
2024-10-26 23:56:39	axelkaiser le crean este sujeto que es evidente su adoracin al desgastado odioso mentiroso criminal golpista de trump read	#trump
2024-10-26 23:56:56	protection family values probably real reason decided endorse trump	#Trump
2024-10-26 23:57:05	join movement yosha tokens together well redefine success crypto h presale trump moodeng memecoin	#YOSHA #Presale #Trump #moodeng #memecoin
2024-10-26 23:57:10	realdonaldtrump slogantoobigtorig trumps narcissist sociopathy display hes unable accept lost everyone knows selfserving sicknessgreedlustforpower shown election corruption fake electorsgeorgiacall amp lastditch coup attempt	#Trump #Narcissist #Sociopathy
2024-10-26 23:57:20	thats sure cant stand kamala trump r u p n donald vote red	#Trump2024 #Trump #TRUMPTRAIN #DonaldTrump #VoteRed
2024-10-26 23:57:31	building strong foundation compliance ensures project remains sustainable trustworthy eyes regulators yosha trump e n g c presale	#Yosha #Trump #MOODENG #MEMECOIN #presale
2024-10-26 23:57:42	mouse house darn haitians many cats trump madison square garden	#Trump #MadisonSquareGarden
2024-10-26 23:57:44	capitol violence via youtube yankees dodgers l b n f h w e raw vikings u trump cubs brewers twins royals cardinals eagles giants jets dolphins falcons chiefs raiders steelers browns packers c r fox news	#Capitol #Violence #Yankees #Dodgers #MLB #NFL #NBA #NHL #WWERaw #Vikings #USA #Trump #MeToo #Cubs #Brewers #Twins #Royals #Cardinals #Eagles #Giants #Jets #Dolphins #Falcons #Chiefs #Raiders #Steelers #Browns #Packers #NASCAR #FoxNews #CNN
2024-10-26 23:57:52	san antonio spurs coach gregg popovich calls donald trump pathetic danger country discussing upcoming election wonders supporters could possibly thinking n b v e g harris walz kamala	#NBA #VOTE #Trump #MAGA #HarrisWalz2024 #KamalaHarris2024
2024-10-26 23:58:00	yosha dreams within reach lets turn aspirations achievements together h presale trump moodeng memecoin	#YOSHA #Presale #Trump #moodeng #memecoin
2024-10-26 23:58:03	defiyantlyfree anything resembles hitler rally im gonna say scene versus one trump hold g tomorrow like left says	#Hitler #Trump #MSG
2024-10-26 23:58:07	early voting texas trump	#Trump2024 #trump
2024-10-26 23:58:17	atrupar chimed say trump real enemyof thepeople people vs	#Trump #EnemyofThepeople #ThePeopleVs
2024-10-26 23:58:30	really hope time trump wins election days democrats hate america actually leave country would great u welcome stay choose donald president	#Trump #election2024 #Democrats #America #USA #DonaldTrump #President
2024-10-26 23:58:34	ignite journey yosha tokens together well blaze new trails crypto h presale trump moodeng memecoin	#YOSHA #Presale #Trump #moodeng #memecoin
2024-10-26 23:58:34	engaging community fosters sense belonging encouraging everyone contribute unique perspectives yosha trump e n g c presale	#Yosha #Trump #MOODENG #MEMECOIN #presale
2024-10-26 23:58:45	tjdogmanr cinrui jameswa auggiebenson gabinga gigi tjlakers kevingills satanthedevil livinhafrota bulldogspirit gracejoypeace earthing virgilanti curvypumpkind sandieelliott patriotpunkin wave america g trump patriots	#MAGA2024 #Trump #Patriots
2024-10-26 23:58:52	maga magarally trump	#maga #magarally #trump #Trump2024
2024-10-26 23:58:52	kamalaharris keep fighting trump helps	#Trump #Trump2024
2024-10-26 23:58:56	elonmusk biden harris administration tear country apart propagate lies trump worst thing ever happen america	#Biden #Harris #Trump #America
2024-10-26 23:59:06	trump maga cult fake christian republican conservative trumpers fakeshooter rnc gop	#trump #trump2024 #maga #cult45 #FakeChristian #republican #conservative #trumpers #fakeshooter
2024-10-26 23:59:10	sounds familiar convinced could never happen said taken page book well heres proof literally dictator meinkemp facist jews regime trump maga lie vote	#dictator #meinkemp #facist #jews #regime #trump #maga #lie #vote
2024-10-26 23:59:17	repmtg mtgreenee georgia white supremacists neo nazis marjorie taylor greene trump attract	#Georgia #WhiteSupremacists #NeoNazis #MarjorieTaylorGreene #Trump
2024-10-26 23:59:18	harriswins body wants hear michelle husband r u p	#TRUMP
2024-10-26 23:59:26	trump politics americas best pics videos	#trump #politics #AmericasBestPicsAndVideos
2024-10-26 23:59:44	ltima hora donald trump advierte que nunca hemos estado tan cerca de una tercera guerra mundial resaltando la gravedad situacin actual en poltica exterior	#Trump #DonaldTrump
2024-10-26 23:59:48	wwsolanacoin israel directly attacking iran desperate khameini could well resort nuclear weapons trump right world never closer w	#Israel #Iran #khameini #nuclear #Trump #WW3
2024-10-26 23:59:59	ago whatever trump teemo make great	#Trump #Teemo #MakeTeemoGreatAgain
