2024-10-26 14:58:53	u america jesus lord g realdonaldtrump elonmusk pennsylvania georgia arizona michigan texas nevada wisconsin ohio california alaska colorado utah arkansas louisiana missouri tennessee north carolina montana wyoming nebraska new jersey york	#USA #America #JesusIsLord #MAGA #Pennsylvania #Georgia #Arizona #Michigan #Texas #Nevada #Wisconsin #Ohio #California #Alaska #Colorado #Utah #Arkansas #Louisiana #Missouri #Tennessee #NorthCarolina #Montana #Wyoming #Nebraska #NewJersey #NewYork
2024-10-26 15:01:47	great interview highly recommend watch kamala harris tim walz u election donald trump j vance thetyronemagnus lovelyti white house joebiden trumpvance elections pennsylvania	#KamalaHarris #TimWalz #USA #2024election #DonaldTrump #JDVance #WhiteHouse #joebiden #trumpvance2024 #2024elections #Pennsylvania
2024-10-26 15:03:12	pennsylvania	#Pennsylvania
2024-10-26 15:03:29	national anthem lights u america g realdonaldtrump elonmusk pennsylvania georgia arizona michigan texas nevada wisconsin ohio california alaska colorado utah arkansas louisiana missouri tennessee north carolina	#USA #America #MAGA #Pennsylvania #Georgia #Arizona #Michigan #Texas #Nevada #Wisconsin #Ohio #California #Alaska #Colorado #Utah #Arkansas #Louisiana #Missouri #Tennessee #NorthCarolina
2024-10-26 15:03:33	election watch lancastercounty pennsylvania uncovers suspected voter fraud officials reveal apparent incidents alleged via youtube	#Election2024 #Pennsylvania #VoterFraud
2024-10-26 15:07:45	going backwhen fight win vote make plan let voice heard matters election pennsylvania wisconsin michigan north carolina florida georgia nevada arizona defeat trump g	#WereNotGoingBack #Election2024 #Pennsylvania #Wisconsin #Michigan #NorthCarolina #Florida #Georgia #Nevada #Arizona #DefeatTrump #MAGA
2024-10-26 15:09:08	ohio oklahoma oregon pennsylvania rhode island south carolina dakota plz put mail ballot back later oct th must give post office time get tabulation center harris walz vote blue	#Ohio #Oklahoma #Oregon #Pennsylvania #RhodeIsland #SouthCarolina #SouthDakota #HarrisWalz #VoteBlueDownBallot
2024-10-26 15:09:39	timwalz dominican community pennsylvania think first time vice presidential candidate gone allentown thank	#Pennsylvania
2024-10-26 15:10:21	joe rogan amp donald j trump vote early r f k jr aapl nvda tsla amc amzn btc slv nevada pennsylvania wisconsin michigan virginia georgia north carolina	#Trump2024 #RFKJr #Nevada #Pennsylvania #Wisconsin #Michigan #Virginia #Georgia #NorthCarolina
2024-10-26 15:11:24	well elonmusk sending pa obviously lies trying get pennsylvania go blue puppet elected need trump ever vance trumps revenge last stand	#Pennsylvania #Trump #Trump2024 #Trump2024Vance #TrumpsRevenge2024 #Trump2024TheLastStand
2024-10-26 15:12:19	stunning security failure us agents miss venezuelan gang tattoos scan refugee approvals trump r f k jr aapl nvda tsla amc amzn btc slv nevada pennsylvania wisconsin michigan virginia georgia north carolina	#Trump2024 #RFKJr #Nevada #Pennsylvania #Wisconsin #Michigan #Virginia #Georgia #NorthCarolina
2024-10-26 15:13:05	kamala harris breaking news masses people waking thinking vote virginia amish megan kelly kid rock days never trump blue asif lives dependonit georgia pennsylvania florida wisconsin arizona nevada texas michigan	#KamalaHarris2024 #BreakingNews #Vote #NeverTrump #VoteBlueAsifYourLivesDependonit #Georgia #Pennsylvania #Florida #Wisconsin #Arizona #Nevada #Texas #Michigan
2024-10-26 15:13:40	realalexjones election rigging vote already way know answer virginia forcing noncitizen voters back harris biden judiciary involving state electionsnow look pennsylvania lancaster county	#Election2024 #Vote2024 #Virginia #Election #HarrisBiden #Judiciary #Pennsylvania #LancasterCounty
2024-10-26 15:15:56	harris supporter toddler terrorizer g h u texas oklahoma pennsylvania iowa ohio colorado mississippi georgia virginia west north carolina tennessee florida utah new york united states america	#MAGA #MAHA #USA #Texas #Oklahoma #Pennsylvania #Iowa #Ohio #Colorado #Mississippi #Georgia #Virginia #WestVirginia #NorthCarolina #Tennessee #Florida #Utah #NewYork #UnitedStates #NorthAmerica
2024-10-26 15:17:01	going back fight win vote make plan let voice heard matters election pennsylvania wisconsin michigan north carolina florida georgia nevada arizona defeat trump g	#WereNotGoingBack #WhenWeFightWeWin #WhenWeVoteWeWin #MakeAPlanToVote #LetYourVoiceBeHeard #YourVoteMatters #Election2024 #Pennsylvania #Wisconsin #Michigan #NorthCarolina #Florida #Georgia #Nevada #Arizona #DefeatTrump #MAGA
2024-10-26 15:21:15	pennsylvania county investigating fraudulent voter applications voterregistration voterfraud colorado	#Pennsylvania #Voterregistration #Voterfraud #Colorado
2024-10-26 15:21:45	fact check kamala pennsylvania michigan arizona nevada georgia wisconsin helene f e failure tylerperry president trumps policies delivered black americans	#FactCheckKamala #Pennsylvania #Michigan #Arizona #Nevada #Georgia #Wisconsin #Helene #FEMAFailure
2024-10-26 15:22:21	enforcement removal operations ero philadelphia removes guatemalan citizen wanted child abuse violence women power harrisburg pennsylvania guatemala immigration	#Harrisburg #Pennsylvania #Guatemala #Immigration
2024-10-26 15:22:30	johnfetterman writing postcards morning repcartwright joebidens hometown scranton pennsylvania	#Scranton #Pennsylvania
2024-10-26 15:24:27	proud volunteers couldnt without month want spotlight benvalimont pennsylvania volunteer ben fwdpa team bright example roll sleeves work together build	#Pennsylvania
2024-10-26 15:26:25	fyp viral trending algorithm wisconsin arizona florida michigan pennsylvania northcarolina georgia vote govote election trump kamala news worldnews beyonce chaos houston texas support usa america realtalk justsaying truth	#fyp #viral #trending #algorithm #wisconsin #arizona #florida #michigan #pennsylvania #northcarolina #georgia #vote #govote #election #trump #kamala #news #worldnews #beyonce #chaos #houston #texas #support #usa #america #realtalk #justsaying #truth
2024-10-26 15:26:45	outofstate donors like hedge fund paul singer texas donated million ct dave davemccormickpa keystone renewal pac lng rights trying buy pennsylvania wont let pasen	#Pennsylvania #pasen
2024-10-26 15:27:10	pennsylvania wisconsin michigan texas houston los angeles northcarolina ohio iowa minnesota electionday everyone love unity g n	#Pennsylvania #Wisconsin #Michigan #texas #Houston #LosAngeles #northcarolina #ohio #iowa #Minnesota #electionday2024 #everyone #love #unity #DIGNITY
2024-10-26 15:27:21	billion man elonmuskaoc since shower millions pennsylvania thedemocrats stingy butter factories cnn msnbc antipropaganda daily amazing cries float money americans wont say billions dumped baltic red sea	#Pennsylvania
2024-10-26 15:27:54	fyp viral trending algorithm wisconsin arizona florida michigan pennsylvania northcarolina georgia vote govote election trump kamala news worldnews vanessaguillen theatlantic misinformation lies usa america video realtalk justsaying truth	#fyp #viral #trending #algorithm #wisconsin #arizona #florida #michigan #pennsylvania #northcarolina #georgia #vote #govote #election #trump #kamala #news #worldnews #vanessaguillen #theatlantic #misinformation #lies #usa #america #video #realtalk #justsaying #truth
2024-10-26 15:29:09	suspect shot women philadelphia septa bus captured delaware u marshals middletown pennsylvania	#USMarshals #USMS #Middletown #Delaware #Philadelphia #Pennsylvania
2024-10-26 15:29:59	another outofstate hedge fund billionaire ken griffin supports ct dave davemccormickpa trying buy senate seat pennsylvania cant trust mccormick p e n	#Pennsylvania #PASEN
2024-10-26 15:32:14	pennsylvania voterfraud	#Pennsylvania #voterfraud
2024-10-26 15:32:17	state union pennsylvania north carolina michigan wisconsin georgia florida vote blue kamala harris donald trump voteforkamala joe rogan cfb america first republicans democrats washington post	#Pennsylvania #NorthCarolina #Michigan #Wisconsin #Georgia #Florida #VoteBlue #KamalaHarris #DonaldTrump #Voteforkamala #JoeRogan #Cfb #AmericaFirst #Republicans #Democrats #Vote #WashingtonPost
2024-10-26 15:32:30	florida billionaire thomas peterffy another outofstate donor ct dave davemccormickpa trying buy pennsylvania wont let p e n cant trust mccormick	#Pennsylvania #PASEN
2024-10-26 15:34:59	backer musk billionaire also donating millions ct dave davemccormickpa course outofstate trying buy pennsylvania p e n wont let cant trust mccormick	#Pennsylvania #PASEN
2024-10-26 15:35:33	days left election day republicans republican party j vance pennsylvania michigan u democracy arizona northcarolinaflood elon musk wisconsin fanfare free speech l e g limmigrants border crisis time stand get vote	#Republicans #RepublicanParty #JDVance #Pennsylvania #Michigan #USDemocracy #Arizona #northcarolinaflood #ElonMusk #USA #Wisconsin #fanfare #FreeSpeech #ILLEGALimmigrants #BorderCrisis
2024-10-26 15:36:00	philly pennsylvania pittsburgh democrats mc cormickfor senate conservatives work america first davemccormickpa leaders followers tax tips maga	#Philly #Pennsylvania #Pittsburgh #noDemocrats #McCormickforSenate #ConservativesWork #AmericaFirst #NoTaxOnTips #maga
2024-10-26 15:38:01	remember uihleins jan th scandal bussing people insurrection well donating ct dave davemccormickpa trying buy pennsylvania p e n wont let cant trust mccormick	#Pennsylvania #PASEN
2024-10-26 15:38:22	spirit halloweens halloween halloweenspirit halloweenwreath carlisle pennsylvania	#Halloween #halloween #halloween2024 #halloweenspirit #halloweenwreath #Carlisle #Pennsylvania
2024-10-26 15:39:56	know jeff yass well sycophant spent million years election trying buy pennsylvania p e n course donated ct dave davemccormickpa wont let cant trust mccormick	#Pennsylvania #PASEN
2024-10-26 15:41:12	justice department announces four cases brought election threats task force colorado arizona florida pennsylvania day elections voting	#Colorado #Arizona #Florida #Pennsylvania #ElectionDay #Elections #Voting
2024-10-26 15:42:17	another outofstate billionaire donor ct dave davemccormickpa trying buy pennsylvania p e n wont let cant trust mccormick	#Pennsylvania #PASEN
2024-10-26 15:43:51	fun voting upcoming election kamala harris yay everybody michigan pennsylvania nevada arizona north carolina south lets go check streetpollss video tik tok	#Election2024 #KamalaHarris #Kamala #Michigan #Pennsylvania #Nevada #Arizona #NorthCarolina #SouthCarolina #TikTok
2024-10-26 15:45:01	oh look another sexual abuser steve wynn paid million victim donor ct dave davemccormickpa trying buy pennsylvania p e n wont let cant trust mccormick	#Pennsylvania #PASEN
2024-10-26 15:45:49	caught real time cheating ballots handled away electionfraud voterfraud pennsylvania	#electionfraud #cheating #voterfraud #pennsylvania
2024-10-26 15:48:52	voter id bizarre argument would want people trump r f k jr aapl nvda tsla amc amzn btc slv nevada pennsylvania wisconsin michigan virginia georgia north carolina	#Trump2024 #RFKJr #Nevada #Pennsylvania #Wisconsin #Michigan #Virginia #Georgia #NorthCarolina
2024-10-26 15:49:02	illegal mc cormick pennsylvania bob casey wont work democratsdont liberal socialistsareadisgrace dump democrats joe rogan leadership tax tips pittsburgh save america first philadelphia scranton chidren world wide votes	#illegal #McCormick #Pennsylvania #BobCaseyWontWork #DemocratsdontWork #LiberalSocialistsareadisgrace #DumpDemocrats #JoeRogan #Leadership #NoTaxOnTips #Pittsburgh #saveAmerica #AmericaFirst #Philadelphia #Scranton #SaveTheChidrenWorldWide #PennsylvaniaVotes
2024-10-26 15:52:50	wow polymarket spreads posting wisconsin point spread trump michigan georgia pennsylvania north carolina	#Wisconsin #Michigan #Georgia #Pennsylvania #NorthCarolina
2024-10-26 15:54:19	november th take back america amp revive american dream forgotten citizens country vote early trump realdonaldtrump jdvance elonmusk day u g pennsylvania georgia arizona michigan texas nevada wisconsin	#TakeBackAmerica #VoteEarly #VoteTrump #TakeBackDay #VoteTrump #USA #MAGA #Pennsylvania #Georgia #Arizona #Michigan #Texas #Nevada #Wisconsin
2024-10-26 15:56:22	pennsylvania officials investigating fraudulent voter registration applications lancaster county voterregistration	#Voterregistration #Pennsylvania
2024-10-26 15:57:59	fantastic entrance next senator pennsylvania davemccormickpa flexicontweets bethlehem pa ft senjoniernst toddyoungin rogermarshallmd election g h	#Election2024 #Pennsylvania #MAGA #MAHA
2024-10-26 15:59:11	gust wind whipped thru leaves starting fall wont long year old trees bare pennsylvania	#Pennsylvania
2024-10-26 15:59:22	trumpwarroom joerogan realdonaldtrump farmers tariffs undecided voters swing states pennsylvania p wisconsin w north carolina n c georgia g michigan vote charlotte philly atlanta milwaukee pittsburgh know harris walz blue preserve rights	#Farmers #Tariffs #Undecided #UndecidedVoters #SwingStates #Pennsylvania #PA #Wisconsin #WI #NorthCarolina #NC #Georgia #GA #Michigan #Vote #VotersCharlotteNC #Philly #Atlanta #Milwaukee #Pittsburgh #MAGA #TheMoreYouKnow #Harris_Walz2024 #VoteBlueToPreserveYourRights
2024-10-26 16:00:26	pa office vocational rehabilitation ovr hiring interested joining ovrs mission questions please contact email dschmidgalpagov phone u p starts careers jobs employer design engineer pennsylvania	#IUPStartsCareers #IUPJobs #Employer #Design #Engineer #Pennsylvania
2024-10-26 16:03:31	diddys friend leonardo decaprio supports harris trump pennsylvania vance	#Trump2024 #Pennsylvania #TrumpVance2024
2024-10-26 16:07:29	shenanigans pennsylvania voterfraud beat cheat stay vigilant ds might help situation saying	#shenanigans #Pennsylvania #voterfraud #BeatTheCheat #StayVigilant #IDs
2024-10-26 16:07:34	magaincwarroom vance lies undecided voters swing states pennsylvania p wisconsin w north carolina n c georgia g michigan vote charlotte philly atlanta milwaukee pittsburgh know harris walz blue preserve rights	#VanceLies #Undecided #UndecidedVoters #SwingStates #Pennsylvania #PA #Wisconsin #WI #NorthCarolina #NC #Georgia #GA #Michigan #Vote #VotersCharlotteNC #Philly #Atlanta #Milwaukee #Pittsburgh #MAGA #TheMoreYouKnow #Harris_Walz2024 #VoteBlueToPreserveYourRights #SwingVoters
2024-10-26 16:10:33	magaincwarroom undecided voters swing states pennsylvania p wisconsin w north carolina n c georgia g michigan vote charlotte philly atlanta milwaukee pittsburgh know harris walz blue preserve rights montana	#Undecided #UndecidedVoters #SwingStates #Pennsylvania #PA #Wisconsin #WI #NorthCarolina #NC #Georgia #GA #Michigan #Vote #VotersCharlotteNC #Philly #Atlanta #Milwaukee #Pittsburgh #MAGA #TheMoreYouKnow #Harris_Walz2024 #VoteBlueToPreserveYourRights #SwingVoters #Montana
2024-10-26 16:10:56	fight win vote make plan let voice heard counts election pennsylvania wisconsin michigan north carolina florida georgia nevada arizona defeat trump g	#WhenWeFightWeWin #WhenWeVoteWeWin #LetYourVoiceBeHeard #YourVoteCounts #Election2024 #Pennsylvania #Wisconsin #Michigan #NorthCarolina #Florida #Georgia #Nevada #Arizona #DefeatTrump #MAGA
2024-10-26 16:13:35	trumpwarroom jdvance racist says wut undecided voters swing states pennsylvania p wisconsin w north carolina n c georgia g michigan vote charlotte philly atlanta milwaukee pittsburgh know harris walz blue preserve rights	#Racist #Undecided #UndecidedVoters #SwingStates #Pennsylvania #PA #Wisconsin #WI #NorthCarolina #NC #Georgia #GA #Michigan #Vote #VotersCharlotteNC #Philly #Atlanta #Milwaukee #Pittsburgh #MAGA #TheMoreYouKnow #Harris_Walz2024 #VoteBlueToPreserveYourRights
2024-10-26 16:14:33	jobs failed epically way clown charge food truck much less us military foreign affairs god awful pennsylvania virginia wisconsin gop arizona asheville	#Pennsylvania #Virginia #Wisconsin #Arizona #Asheville
2024-10-26 16:19:05	stop steal america lost repeat voter fraud occured saw tv trumps bigger count pennsylvania live votes amp bidens smaller real time swapped around like taa daaaa right front eyes	#StopTheSteal #VoterFraud #Trumps #Pennsylvania #Bidens
2024-10-26 16:23:09	trump unfit office ok arrived hours late rally finish joe rogan interview donald fascist pennsylvania presidentialelection	#TrumpIsUnfitForOffice #DonaldTrumpIsAFascist #Pennsylvania #Presidentialelection
2024-10-26 16:25:03	undecided voters swing states pennsylvania p wisconsin w north carolina n c georgia g michigan vote charlotte philly atlanta milwaukee pittsburgh know harris walz blue preserve rights montana	#Undecided #UndecidedVoters #SwingStates #Pennsylvania #PA #Wisconsin #WI #NorthCarolina #NC #Georgia #GA #Michigan #Vote #VotersCharlotteNC #Philly #Atlanta #Milwaukee #Pittsburgh #MAGA #TheMoreYouKnow #Harris_Walz2024 #VoteBlueToPreserveYourRights #SwingVoters #Montana
2024-10-26 16:27:34	wow kamala harris supporters attacking children election democrats hate speech trump vance michigan pennsylvania	#KamalaHarris #Election2024 #Democrats #HateSpeech #Trump2024Vance #Trump #Michigan #Pennsylvania
2024-10-26 16:30:11	id rather stand god hand trump comrade kamala g h u texas oklahoma pennsylvania iowa ohio colorado mississippi georgia virginia west north carolina tennessee florida utah new york united states america	#MAGA #MAHA #USA #Texas #Oklahoma #Pennsylvania #Iowa #Ohio #Colorado #Mississippi #Georgia #Virginia #WestVirginia #NorthCarolina #Tennessee #Florida #Utah #NewYork #UnitedStates #NorthAmerica
2024-10-26 16:31:23	us presidential race exceptionally close vice president kamala harris former donald trump polling near tie roughly popular support currently slight advantage key battleground states like pennsylvania	#KamalaHarris #Trump #Pennsylvania
2024-10-26 16:39:16	winning dowd believes harris claim victory despite de via youtube answer musk kamala points nonpartisan poles battleground states gamblers put money go vote pennsylvania america wisconsin n c	#pennsylvania #America #Wisconsin #NYC
2024-10-26 16:39:31	voter fraud pennsylvania realdonaldtrump jdvance need lawyers l u f c viral	#Pennsylvania #Lawyers #LUFC #viral2024
2024-10-26 16:40:21	poga tnman made bridge helene disaster g h u texas oklahoma pennsylvania iowa ohio colorado mississippi georgia virginia west north carolina tennessee florida utah new york united states america	#Helene #MAGA #MAHA #USA #Texas #Oklahoma #Pennsylvania #Iowa #Ohio #Colorado #Mississippi #Georgia #Virginia #WestVirginia #NorthCarolina #Tennessee #Florida #Utah #NewYork #UnitedStates #NorthAmerica
2024-10-26 16:40:38	dont believe everything see viral video rippedup pennsylvania ballots fake russianmade intelligence agencies say russia russian disinformation	#ViralVideo #Pennsylvania #ballots #fake #Russian #Russia #RussianDisinformation
2024-10-26 16:45:00	u intelligence officials say russian operatives attempting interfere american election behind fake video supposedly showing someone tearing ballots pennsylvania war ukraine	#US #election #Pennsylvania #War_in_Ukraine
2024-10-26 16:46:58	speaking billionaire sycophants jeff yass giving money buy pennsylvania ct dave davemccormickpa cant trust mccormick	#Pennsylvania
2024-10-26 16:47:31	pennsylvania hows things going	#Pennsylvania
2024-10-26 16:48:24	new hampshire flipped red come onnnn wisconsin michigan minnesota carolina georgia pennsylvania virginia illinois mexico freedoms life depends vote trump newhampshire	#trump #trump2024 #newhampshire #wisconsin #michigan #minnesota #pennsylvania
2024-10-26 16:48:42	fetterman talks trumps popularity support pennsylvania anybody spends time driving around see intensity astonishing trump rogan kamala election h harris g u	#Pennsylvania #Trump #RoganTrump #Kamala #Election #MAHA #KamalaHarris2024 #Trump2024 #MAGA #USA #Election2024 #USA
2024-10-26 16:48:53	fetterman calls trumps support pennsylvania astonishing see intensity r u p e n c kamala h blacks black men nascar f g bitcoin l v b us times	#Fetterman #Trump #Pennsylvania #TRUMP #TRUMP2024 #DEMS #DNC #Kamala2024 #Kamala #HISPANIC #Blacks #BlackMen #Nascar #UFC #GOP #RNC #NRA #Bitcoin #GOLD #AMMO #MOVIES #BORDER #USA #us #NYTimes
2024-10-26 16:51:20	dont want conscience haley voter tells cnn trump said made vote democrat first time c n donald philadelphia pennsylvania presidentialelection	#CNN #DonaldTrump #Philadelphia #Pennsylvania #Presidentialelection
2024-10-26 16:51:48	swamping vote baby big rig chester county pennsylvania	#TooBigToRig #ChesterCounty #Pennsylvania
2024-10-26 16:53:24	president trump stopping havana express cuban kitchen amp bakery las vegas r f k jr aapl nvda tsla amc amzn btc slv nevada pennsylvania wisconsin michigan virginia georgia north carolina	#Trump2024 #RFKJr #Nevada #Pennsylvania #Wisconsin #Michigan #Virginia #Georgia #NorthCarolina
2024-10-26 16:54:28	trump intensity fetterman calls trumps support pennsylvania astonishing see vote early	#TrumpIntensity #Pennsylvania #VoteEarlyForTrump
2024-10-26 16:54:32	crying foul ab vote fraud appears g ats trying steal pennsylvania election fake amish registrations projection	#VoteFraud #MAGAts #Pennsylvania #FakeAmishRegistrations #Projection
2024-10-26 16:55:41	trumpwarroom joerogan maybe pennsylvania take listen	#pennsylvania
2024-10-26 16:55:56	lets go pennsylvania bring home democracy country needs harriswalz	#pennsylvania #harriswalz2024
2024-10-26 16:56:15	pennsylvania organizing game hit hundreds thousands doors today getting done ground	#GroundGame #Pennsylvania
2024-10-26 16:58:39	gas breaks l f g pennsylvania trump	#LFG #Pennsylvania #Trump2024
2024-10-26 17:01:29	mark cuban dumped trump back harris via youtube pennsylvania michigan wisconsin texas florida arizona georgia nevada california alabama alaska colorado delaware idaho illinois iowa kansas maine maryland north carolina c b	#pennsylvania #Michigan #Wisconsin #Texas #Florida #Arizona #Georgia #Nevada #California #Alabama #Alaska #Colorado #Delaware #Idaho #Illinois #Iowa #Kansas #Maine #Maryland #NorthCarolina #CBC
2024-10-26 17:02:29	thedemocrats cheating lancaster county pennsylvania board elections announced staff members identified approximately suspected fraudulent voter registration applications dropped election office	#Lancaster #Pennsylvania
2024-10-26 17:02:42	going back fight win vote make plan let voice heard matters pennsylvania wisconsin michigan north carolina florida georgia nevada arizona defeat trump g harris walz	#Pennsylvania #Wisconsin #Michigan #NorthCarolina #Florida #Georgia #Nevada #Arizona #defeatTrump #MAGA #VoteHarrisWalz
2024-10-26 17:02:56	washington post union staffers revolt decision endorse presidential candidate blame bezos r u p e h n c black men nascar f g congress b times michigan pennsylvania north carolina arab	#TRUMP2024 #DEMS #HISPANIC #BlackMen #Nascar #UFC #GOP #RNC #NRA #congress #BORDER #USA #NYTimes #Michigan #Pennsylvania #NorthCarolina #Arab
2024-10-26 17:03:54	kamalaharris next days poor people democrats republicans independents must mobilize vote realdonaldtrump running save republic kamala planned open border bring another million illegals turn usa rd world country pennsylvania g	#Pennsylvania #GA
2024-10-26 17:03:57	make plan vote let voice heard matters pennsylvania wisconsin michigan north carolina florida georgia nevada arizona defeat trump g harris walz votebluedownballot	#Pennsylvania #Wisconsin #Michigan #NorthCarolina #Florida #Georgia #Nevada #Arizona #defeatTrump #MAGA #voteHarrisWalz #votebluedownballot
2024-10-26 17:04:16	harris polling nyc lowest decades democratic nominee nyt poll trump r u p e h n c black men nascar f g congress b times michigan pennsylvania north carolina arab	#Trump #TRUMP2024 #DEMS #HISPANIC #BlackMen #Nascar #UFC #GOP #RNC #NRA #congress #BORDER #USA #NYTimes #Michigan #Pennsylvania #NorthCarolina #Arab
2024-10-26 17:04:23	pennsylvania wisconsin michigan north carolina florida georgia nevada arizona defeat trump g vote harris walz votebluedownballot	#Pennsylvania #Wisconsin #Michigan #NorthCarolina #Florida #Georgia #Nevada #Arizona #defeatTrump #MAGA #voteHarrisWalz #votebluedownballot
2024-10-26 17:05:06	young voter turned harris pandering seems like abortion thing im allowed care trump r u p e h n c black men nascar f g b times michigan pennsylvania north carolina arab	#Trump #TRUMP2024 #DEMS #HISPANIC #BlackMen #Nascar #UFC #GOP #RNC #NRA #BORDER #USA #NYTimes #Michigan #Pennsylvania #NorthCarolina #Arab
2024-10-26 17:05:51	toddler terrorizer identifiedjordan sierra bowen california g h u texas oklahoma pennsylvania iowa ohio colorado mississippi georgia virginia west north carolina tennessee florida utah new york united states america	#MAGA #MAHA #USA #Texas #Oklahoma #Pennsylvania #Iowa #Ohio #Colorado #Mississippi #Georgia #Virginia #WestVirginia #NorthCarolina #Tennessee #Florida #Utah #NewYork #UnitedStates #NorthAmerica
2024-10-26 17:06:30	focus politics restoring genuine integrity quality growth making election crucial minnesotans care states future u g minnesota kansas georgia pennsylvania read tik tok	#USA #MAGA #Minnesota #Kansas #Georgia #Pennsylvania #TikTok
2024-10-26 17:08:25	pup key checking mt washington neighborhood pittsburgh swing state pennsylvania see coast guard vessels rivers feels like security president biden	#Pittsburgh #Pennsylvania
2024-10-26 17:10:02	ways kamala harris promotes chaos energy message trump r u p e h n c black men nascar f g congress b times michigan pennsylvania north carolina arab	#Kamala #Harris #Trump #TRUMP2024 #DEMS #HISPANIC #BlackMen #Nascar #UFC #GOP #RNC #NRA #congress #BORDER #USA #NYTimes #Michigan #Pennsylvania #NorthCarolina #Arab
2024-10-26 17:10:51	saturday mood days kamala harris masses waking thinking vote never trump rogan beyonc hillary blue ballot houston asif lives dependonit georgia pennsylvania wisconsin arizona nevada texas michigan	#SaturdayMood #KamalaHarris2024 #Vote #NeverTrump #VoteBlueDownBallot #VoteBlueAsifYourLivesDependonit #Georgia #Pennsylvania #Wisconsin #Arizona #Nevada #Texas #Michigan
2024-10-26 17:12:06	elon musk dana white appear historic trump g rally r u p e h n c black men nascar f congress b times michigan pennsylvania north carolina arab	#Elon #Musk #DanaWhite #Trump #MSG #Trump #TRUMP2024 #DEMS #HISPANIC #BlackMen #Nascar #UFC #GOP #RNC #NRA #congress #BORDER #USA #NYTimes #Michigan #Pennsylvania #NorthCarolina #Arab #Michigan #Pennsylvania
2024-10-26 17:14:03	campaigns strategic fight raising money spending right places year candidate crazy amount swing states specifically pennsylvania election could well come trump harris	#pennsylvania #election2024 #election #trump #harris
2024-10-26 17:14:54	gop real worker looks like dress pretend pennsylvania mc donalds	#Pennsylvania #McDonalds
2024-10-26 17:15:38	harris warns voters trump impose national abortion ban donald abortionlaw pennsylvania nobody believes hawk tuah lies	#Abortion #DonaldTrump #Abortionlaw #Pennsylvania
2024-10-26 17:16:35	might emergency alert fayette county icorrs public safety dispatch pennsylvania active event wildfire listen gt osint breakingnews	#Pennsylvania #osint #breakingnews
2024-10-26 17:16:44	kamalaharris madam since take vp crimes risen black neighborhoods due poverty women turned prostitution feed family failed last yrs failure next realdonaldtrump fix child abuse fast pennsylvania	#Pennsylvania
2024-10-26 17:18:13	kamalaharris policies schools send parents jail children truancy one swipe pen michigan whitmer democrats realdonaldtrump school student trump detroit california u communist pennsylvania wisconsin elections	#Michigan #Whitmer #Democrats #Parents #SchoolStudent #Trump2024 #Detroit #California #US #Communist #Pennsylvania #Wisconsin #Elections
2024-10-26 17:18:49	heres truth behind stimuluscheck meets eye dont bamboozled election pennsylvania wisconsin michigan north carolina florida georgia nevada arizona defeat trump g	#stimuluscheck #Election2024 #Pennsylvania #Wisconsin #Michigan #NorthCarolina #Florida #Georgia #Nevada #Arizona #DefeatTrump #MAGA
2024-10-26 17:19:24	iphone drivers licenses coming many us states however paytoplay state pennsylvania never prominent waiting bribes apple joshshapiropa phillymayor pasenatecerd pahousegop	#Pennsylvania #Apple
2024-10-26 17:21:16	pennsylvania wisconsin michigan north carolina florida georgia nevada arizona defeat trump g epection	#Pennsylvania #Wisconsin #Michigan #NorthCarolina #Florida #Georgia #Nevada #Arizona #defeatTrump #MAGA #Epection2024
2024-10-26 17:22:35	wow brilliant timeless idea g h u texas oklahoma pennsylvania iowa ohio colorado mississippi georgia virginia west north carolina tennessee florida utah new york united states america	#MAGA #MAHA #USA #Texas #Oklahoma #Pennsylvania #Iowa #Ohio #Colorado #Mississippi #Georgia #Virginia #WestVirginia #NorthCarolina #Tennessee #Florida #Utah #NewYork #UnitedStates #NorthAmerica
2024-10-26 17:25:28	fetterman pennsylvania trump senfetterman support	#fetterman #pennsylvania #Trump2024
2024-10-26 17:26:04	housegop senategop maga florida georgia north carolina pennsylvania texas	#maga #Florida #Georgia #NorthCarolina #Pennsylvania #texas
2024-10-26 17:27:39	breaking elonmusk realdonaldtrump democrats blue states average iq harris walz r n vs trump people g arizona cal forna oregon michigan new york pennsylvania wisconsin	#democrats #Blue #HarrisWalz2024 #Democrats #RINO #Trump2024 #WeThePeople #MAGA #Arizona #CalForna #Oregon #Michigan #NewYork #Pennsylvania #Wisconsin
2024-10-26 17:30:49	seen eyes harrisburg pennsylvania local volunteers supported busloads people arriving northeast effort going win commonwealth harriswins demjewishpa	#Harrisburg #Pennsylvania
2024-10-26 17:32:01	dont want conscience haley voter tells cnn trump said made vote democrat first time c n kamala harris donald fascist philadelphia pennsylvania presidentialelection	#CNN #KamalaHarris2024 #DonaldTrumpIsAFascist #Philadelphia #Pennsylvania #Presidentialelection
2024-10-26 17:36:36	go please take poll consider following harris walz pennsylvania arizona michigan nevada georgia republicans trump veterans criminal trumpis fraud destroy g p	#HarrisWalz2024 #HarrisWalz #Pennsylvania #Arizona #Michigan #Nevada #Georgia #RepublicansAgainstTrump #VeteransAgainstTrump #TrumpIsACriminal #TrumpisAFraud #DestroyTheGOP
2024-10-26 17:39:48	video major case voter fraud registration announced pennsylvania voterregistration voterfraud	#VoterFraudRegistration #Pennsylvania #Voterregistration #Voterfraud
2024-10-26 17:40:30	pennsylvania county halts potentially fraudulent voter registration forms election v e p scottpresler	#Election2024 #VOTE #Pennsylvania #PA
2024-10-26 17:40:31	pennsylvania come hike elonmusk im sure handle traffic lines crowds event tonight trying force go love appreciate commonsense much thanks speaking pa everything youre	#pennsylvania
2024-10-26 17:40:51	toddler terrorizer actor hired kamala shes ca jordan sierra bowen g h u texas oklahoma pennsylvania iowa ohio colorado mississippi georgia virginia north carolina tennessee florida utah new york united states america	#MAGA #MAHA #USA #Texas #Oklahoma #Pennsylvania #Iowa #Ohio #Colorado #Mississippi #Georgia #Virginia #NorthCarolina #Tennessee #Florida #Utah #NewYork #UnitedStates #NorthAmerica
2024-10-26 17:41:25	pennsylvania trump country	#Pennsylvania #TrumpCountry
2024-10-26 17:45:14	trump vote early r f k jr aapl nvda tsla amc amzn btc slv nevada pennsylvania wisconsin michigan virginia georgia north carolina	#Trump2024 #RFKJr #Nevada #Pennsylvania #Wisconsin #Michigan #Virginia #Georgia #NorthCarolina
2024-10-26 17:46:42	timrunshismouth left didnt get fetterman hoping took office right stroke pennsylvania voted trump votes cancelled massive fraudpagop	#Pennsylvania
2024-10-26 17:47:19	rock island county illinoisvoting machine changing votes kamala g h u texas oklahoma pennsylvania iowa ohio colorado mississippi georgia virginia west north carolina tennessee florida utah new york united states america	#MAGA #MAHA #USA #Texas #Oklahoma #Pennsylvania #Iowa #Ohio #Colorado #Mississippi #Georgia #Virginia #WestVirginia #NorthCarolina #Tennessee #Florida #Utah #NewYork #UnitedStates #NorthAmerica
2024-10-26 17:49:38	entire indian community came legally voting trump g h u texas oklahoma pennsylvania iowa ohio colorado mississippi georgia virginia west north carolina tennessee florida utah new york united states america	#MAGA #MAHA #USA #Texas #Oklahoma #Pennsylvania #Iowa #Ohio #Colorado #Mississippi #Georgia #Virginia #WestVirginia #NorthCarolina #Tennessee #Florida #Utah #NewYork #UnitedStates #NorthAmerica
2024-10-26 17:52:31	v e vote early georgia northcarolina michigan wisconsin pennsylvania arizona trump	#VOTE #VoteEarly #Georgia #Northcarolina #Michigan #Wisconsin #Pennsylvania #Arizona #Trump2024
2024-10-26 17:53:26	austin maryland n j new jersey p pennsylvania	#Austin #Maryland #NJ #NewJersey #PA #Pennsylvania
2024-10-26 17:54:12	proven wrong true harris warns voters trump impose national abortion ban donald abortionlaw pennsylvania	#Abortion #DonaldTrump #Abortionlaw #Pennsylvania
2024-10-26 17:54:33	dont stress hanging christmas lights year let us take care contact schedule installation make holiday season sparkle jtaroofing roofing christmaslightinstallation homerenovation newjersey pennsylvania	#jtaroofing #roofing #christmaslightinstallation #homerenovation #newjersey #pennsylvania
2024-10-26 17:57:48	dad uncles brothers grandpaswhere youyou promised protect women lives america republicans dem voice independent u texas georgia florida arizona pennsylvania michigan wisconsin ohio minnesota nevada nebraska montana	#America #Republicans #DemVoice1 #Independent #USA #Texas #Georgia #Florida #Arizona #Pennsylvania #Michigan #Wisconsin #Ohio #Minnesota #Nevada #Nebraska #Montana #USA
2024-10-26 18:00:17	philadelphia phillies star game blue reefblack fifty available homegame newdrop mlb philadelphiaphillies ringthebell pennsylvania allstargame	#newdrop #homegame #mlb #philadelphiaphillies #phillies #ringthebell #philadelphia #pennsylvania #1996 #allstargame #blue #reefblack #59fifty
2024-10-26 18:00:39	breaking elonmusk speak trump rally tomorrow madison square garden g h u texas oklahoma pennsylvania iowa ohio colorado mississippi georgia virginia west north carolina tennessee florida utah new york united states america	#MAGA #MAHA #USA #Texas #Oklahoma #Pennsylvania #Iowa #Ohio #Colorado #Mississippi #Georgia #Virginia #WestVirginia #NorthCarolina #Tennessee #Florida #Utah #NewYork #UnitedStates #NorthAmerica
2024-10-26 18:00:49	listos para nuestra house party latinos con kamala venezolanos pittsburgh pennsylvania	#HouseParty #LatinosConKamala #VenezolanosConKamala #Pittsburgh #Pennsylvania
2024-10-26 18:03:03	fetterman calls trumps support pennsylvania astonishing see intensity donald trump presidentialelection	#DonaldTrump #Pennsylvania #Presidentialelection
2024-10-26 18:03:08	wild billionaires bill gates worth plus billion would happy take away says rich america pay taxes pennsylvania michigan women republican farmer texas	#Pennsylvania #Michigan #Women #Republican #Farmer #Texas
2024-10-26 18:07:12	imagine da like philadelphia pittsburgh would actually see pennsylvania flip way citizens vote change jdshuttlesworth werent area long ago answer prayer keep taking authority ephesians	#Pennsylvania #AnswerToPrayer
2024-10-26 18:07:34	philadelphia enquider kamala harris phillys updates pennsylvania	#philadelphiaEnquider #KamalaHarris2024 #PhillysUpdates #Pennsylvania
2024-10-26 18:11:35	hi thisonmy first day podcasting discuss cheating pennsylvania p kamala harris biden authorizing u smilitary use lethal forceshoot amp killamericans soil rules patriotstrump	#Pennsylvania #PA #Kamala #Harris #DoD5249 #USmilitary #LethalForce #US #Patriots #Trump2024
2024-10-26 18:12:35	kamala experiencing mental breakdown campaign implodes g h u texas oklahoma pennsylvania iowa ohio colorado mississippi georgia virginia west north carolina tennessee florida utah new york united states america	#MAGA #MAHA #USA #Texas #Oklahoma #Pennsylvania #Iowa #Ohio #Colorado #Mississippi #Georgia #Virginia #WestVirginia #NorthCarolina #Tennessee #Florida #Utah #NewYork #UnitedStates #NorthAmerica
2024-10-26 18:15:20	im excited state college pennsylvania many g patriots ready support president trump november th going red days	#StateCollege #Pennsylvania #MAGA #Trump #November5th
2024-10-26 18:16:30	fraudulent voter registrations seized pennsylvania voterregistration	#Pennsylvania #Voterregistration
2024-10-26 18:16:45	come p e n l v get vote early lock harris walz blue ballot	#PENNSYLVANIA #HarrisWalz2024 #VoteBlueUpAndDownTheBallot
2024-10-26 18:18:29	alaska arizona arkansas florida georgia idaho indiana iowa kansas kentucky louisiana texas mississippi missouri montana nebraska nevada north carolina south dakota ohio oklahoma pennsylvania tennessee	#Alaska #Arizona #Arkansas #Florida #Georgia #Idaho #Indiana #Iowa #Kansas #Kentucky #Louisiana #Texas #Mississippi #Missouri #Montana #Nebraska #Nevada #NorthCarolina #SouthCarolina #NorthDakota #Ohio #Oklahoma #Pennsylvania #SouthDakota #Tennessee
2024-10-26 18:19:18	sorry wisconsin dont take personally probably meant pennsylvania	#Wisconsin #Pennsylvania
2024-10-26 18:21:42	vote blue undecidedvoters harris walz pennsylvania arizona michigan nevada georgia republicansagainst trump veterans trumpisacriminal trumpisafraud destroy g p project agenda voteblue screwthe messageto mybodymychoice	#VoteBlue #undecidedvoters #HarrisWalz2024 #Pennsylvania #Arizona #Michigan #Nevada #Georgia #RepublicansagainstTrump #VeteransAgainstTrump #Trumpisacriminal #trumpisafraud #DestroyTheGOP #Project2025 #Agenda47 #Voteblue2024 #ScrewtheGOP #MessagetoMAGA #Mybodymychoice
2024-10-26 18:21:44	democrats brought us war europe unrest middle east donald trump return peace prosperity pennsylvania georgia nevada wisconsin michigan	#Pennsylvania #Georgia #Nevada #Wisconsin #Michigan
2024-10-26 18:23:11	visited incredible kinzua viaduct pennsylvania mustsee admirers engineering feats absolutely jawdropping travel g p scifi	#Travel #Pennsylvania #GPT #scifi #KinzuaViaductPennsylvania #Engineering
2024-10-26 18:25:11	pennsylvania p l h fascism deportations pay attention vote blue stop criminal dictator harris walz obviously	#Pennsylvania #POLISH #Fascism #deportations #VoteBlueToStopACriminalDictator #HarrisWalzObviously
2024-10-26 18:26:23	last election saw obvious issues claiming biden pennsylvania took short drive see overwhelming support trump state pull shit year little experiment	#election #Pennsylvania #Trump
2024-10-26 18:27:10	breaking news unemployment rate inflation low g p growth worlds best stock markets joe biden cut deficit lets go vote kamala harris pennsylvania nevada georgia michigan north carolina texas florida wisconsin	#Unemployment #Inflation #GDP #Stock #JoeBiden #deficit #KamalaHarris #Pennsylvania #Nevada #Georgia #Michigan #NorthCarolina #Texas #Florida #Wisconsin
2024-10-26 18:27:33	rfk jr amp tulsi gabbard reclaim america tour live omaha nebraska vote early r u p trump f k aapl nvda tsla amc amzn btc slv nevada pennsylvania wisconsin michigan virginia georgia north carolina	#TRUMP2024 #Trump2024 #RFKJr #Nevada #Pennsylvania #Wisconsin #Michigan #Virginia #Georgia #NorthCarolina
2024-10-26 18:29:23	pennsylvania p election luzernecc	#Pennsylvania #PA #Election2024
2024-10-26 18:32:25	pennsylvania check ballots omg thank much alert	#Pennsylvania #CheckYourBallots
2024-10-26 18:33:15	arizona michigan georgia north carolina pennsylvania swing state polls voting ambassador	#Arizona #Michigan #Georgia #NorthCarolina #Pennsylvania #SwingStatePolls #VotingAmbassador
2024-10-26 18:34:56	get distracted eyes prize go county election board bank vote asap pennsylvania trump g america first	#BankYourVote #Pennsylvania #Trump2024 #Trump #MAGA #AmericaFirst
2024-10-26 18:36:48	atrupar michigan rally wisconsin pennsylvania georgia texas arizona	#MichiganRally #Michigan #Wisconsin #Pennsylvania #Georgia #Texas #Arizona
2024-10-26 18:37:20	philadelphia n q u r e newspaper organization real guts true integrity amp societys best interest heart news top g p l v presidential election kamala harris tim walz	#PhiladelphiaINQUIRER #PhiladelphiaINQUIRERNews #TopRATINGS #PENNSYLVANIA #2024PresidentialElection #KamalaHarrisAndTimWalz
2024-10-26 18:38:57	popbase rt kamala illegals murdering american girls beyonce pennsylvania	#Kamala #Pennsylvania
2024-10-26 18:39:00	historic elk county courthouse ridgway beautiful old building pennsylvania	#Pennsylvania
2024-10-26 18:39:54	vanguard hiring senior investment analyst manager due diligence malvern pa k brynmawrcollege iupedu pitttweet pennstate templeuniv drexeluniv wharton penn carnegiemellon rutgersu unc investments pennsylvania	#hiring #investments #Pennsylvania
2024-10-26 18:41:15	toddler tetrorizer paid act kamalas rally dnc g h u texas oklahoma pennsylvania iowa ohio colorado mississippi georgia virginia west north carolina tennessee florida utah new york united states america	#MAGA #MAHA #USA #Texas #Oklahoma #Pennsylvania #Iowa #Ohio #Colorado #Mississippi #Georgia #Virginia #WestVirginia #NorthCarolina #Tennessee #Florida #Utah #NewYork #UnitedStates #NorthAmerica
2024-10-26 18:44:31	mattturck rt nato davos corrupt failed governments destroying farmers nbcs avoid truth across europe destroyed pennsylvania story wont see cnn	#nato #Pennsylvania
2024-10-26 18:46:00	trump repeats false claims rampant cheating election loves lying fools still believe old liar lol seniors saturday service pennsylvania georgia wisconsin nevada north carolina	#Seniors #SaturdayService #Pennsylvania #Georgia #Wisconsin #Nevada #NorthCarolina
2024-10-26 18:55:36	days election day heard find polling place make plan register vote democracy p go pennsylvania	#Election #RegisterToVote #Election2024 #Democracy #PA #GoVotePA #Pennsylvania #IVote
2024-10-26 18:57:54	bye kamala fetterman calls trumps support pennsylvania astonishing see intensity donald trump presidentialelection	#DonaldTrump #Pennsylvania #Presidentialelection
2024-10-26 19:02:36	lancaster county da investigating attempted fraudulent voter registration applications voterregistration pennsylvania	#Voterregistration #Pennsylvania
2024-10-26 19:03:30	dem senator pennsylvania fetterman youve said trump special connection people one hundred percent see appeals state theres difference understanding also	#Pennsylvania #Trump
2024-10-26 19:03:50	carl schultz reminiscing j f ks visit johnstown pennsylvania wjactv wtajnews history	#JFK #Johnstown #Pennsylvania
2024-10-26 19:04:20	goal end homeless amp hunger crisis going stop funding wars limiting foreign aid put america first vote early trump u g pennsylvania georgia arizona michigan texas nevada wisconsin ohio california	#AmericaFirst #VoteEarly #VoteTrump #USA #America #MAGA #Trump2024 #Pennsylvania #Georgia #Arizona #Michigan #Texas #Nevada #Wisconsin #Ohio #California
2024-10-26 19:10:15	trump vs harris president poll pennsylvania rating tossup r response bias moe lv polled statewide conducted phone kamala	#Trump #KamalaHarris #Pennsylvania
2024-10-26 19:10:16	casey vs mccormick senate poll pennsylvania rating tilt dem tossup r response bias moe lv polled statewide conducted phone	#Pennsylvania
2024-10-26 19:10:41	trump rally state college pennsylvania penn hours hes scheduled speak coming earlier novi michigan paid millions performers necessary fill arena either	#TrumpRally #Pennsylvania #PennState
2024-10-26 19:11:56	whats going pennsylvania maybe johnfetterman governor investigate	#Pennsylvania
2024-10-26 19:12:06	send alfeiagood ginagina eduke davidnwilson dandupraw pghgopcommittee pennsylvania	#Pennsylvania
2024-10-26 19:12:41	tristansnell yessir mail last weekend pivotal montgomery cty outside philadelphia lets gooo pennsylvania g v vote blue save america fly eagles	#Philadelphia #Pennsylvania #GOTV #VoteBlueToSaveAmerica #FlyEaglesFly
2024-10-26 19:13:10	look jordan sierra bowens payments dnc g h u texas oklahoma pennsylvania iowa ohio colorado mississippi georgia virginia west north carolina tennessee florida utah new york united states america	#MAGA #MAHA #USA #Texas #Oklahoma #Pennsylvania #Iowa #Ohio #Colorado #Mississippi #Georgia #Virginia #WestVirginia #NorthCarolina #Tennessee #Florida #Utah #NewYork #UnitedStates #NorthAmerica
2024-10-26 19:21:27	pennsylvania election	#Pennsylvania #election2024
2024-10-26 19:25:42	voter fraud election pennsylvania	#VoterFraud #Election #Fraud #Pennsylvania
2024-10-26 19:26:13	lets go pennsylvania return vote mail ballots asap every counts	#Pennsylvania #EveryVoteCounts
2024-10-26 19:26:41	union strong pennsylvania	#UnionStrong #Pennsylvania
2024-10-26 19:26:50	leadingreport senfettermanpas observation highlights strong grassroots backing realdonaldtrump pennsylvania level support could significant impact upcoming elections showing crucial shaping political landscape	#Pennsylvania #Pennsylvania
2024-10-26 19:29:11	dem senator fetterman pennsylvania trump	#Fetterman #Pennsylvania #Trump
2024-10-26 19:35:26	trump win gonna manipulated presidential election dont forget tried assassinate pennsylvania rally us agencies never want come power	#Pennsylvania
2024-10-26 19:44:00	washington post didnt endorse kamala harris michigan pennsylvania trump	#Michigan #Pennsylvania #Trump
2024-10-26 19:46:59	howardmortman awesome writing postcards home repcartwright pennsylvania right watching joebiden greet us volunteers even virtually uplifting	#Pennsylvania
2024-10-26 19:48:19	trumpwarroom trump lies everything undecided voters swing states pennsylvania p wisconsin w north carolina n c georgia g michigan vote charlotte philly atlanta milwaukee pittsburgh know harris walz blue preserve rights	#TrumpLiesAboutEverything #Undecided #UndecidedVoters #SwingStates #Pennsylvania #PA #Wisconsin #WI #NorthCarolina #NC #Georgia #GA #Michigan #Vote #VotersCharlotteNC #Philly #Atlanta #Milwaukee #Pittsburgh #MAGA #TheMoreYouKnow #Harris_Walz2024 #VoteBlueToPreserveYourRights
2024-10-26 19:50:57	trump rally pennsylvania state college p	#TrumpRally #Pennsylvania #StateCollegePA
2024-10-26 19:51:15	thnks red bubble client purchas card view top sorry th giant watrmrk dosnt appear purchasd products art landscape p pennsylvania blue knob ai lois bryan laurel highlands	#RedBubble #art #landscape #PA #Pennsylvania #BlueKnob #BlueKnob #NotAi #LoisBryan #LaurelHighlands
2024-10-26 19:51:21	voter fraud pennsylvania	#VoterFraud #Pennsylvania
2024-10-26 19:51:27	oh geez deductive reasoning dont fail know theyre caughtcheating g h u texas oklahoma pennsylvania iowa ohio colorado mississippi georgia virginia north carolina tennessee florida utah new york united states america	#MAGA #MAHA #USA #Texas #Oklahoma #Pennsylvania #Iowa #Ohio #Colorado #Mississippi #Georgia #Virginia #NorthCarolina #Tennessee #Florida #Utah #NewYork #UnitedStates #NorthAmerica
2024-10-26 19:51:55	pennsylvania october	#Pennsylvania
2024-10-26 19:53:10	chairmanwhatley laraleatrump truethevote gop rncvoteprotect pennsylvania scottpresler governorshapiro	#Pennsylvania
2024-10-26 19:53:28	flashback trump view r f k jr aapl nvda tsla amc amzn btc slv nevada pennsylvania wisconsin michigan virginia georgia north carolina	#Trump2024 #RFKJr #Nevada #Pennsylvania #Wisconsin #Michigan #Virginia #Georgia #NorthCarolina
2024-10-26 19:54:10	pennsylvania gen z zfor trump persistence	#Pennsylvania #GenZ #GenZforTrump #Trump2024 #ThePersistence
2024-10-26 19:54:27	teamtrump trumpwarroom undecided voters swing states pennsylvania p wisconsin w north carolina n c georgia g michigan vote charlotte philly atlanta milwaukee pittsburgh know harris walz blue preserve rights montana	#Undecided #UndecidedVoters #SwingStates #Pennsylvania #PA #Wisconsin #WI #NorthCarolina #NC #Georgia #GA #Michigan #Vote #VotersCharlotteNC #Philly #Atlanta #Milwaukee #Pittsburgh #MAGA #TheMoreYouKnow #Harris_Walz2024 #VoteBlueToPreserveYourRights #SwingVoters #Montana
2024-10-26 19:55:06	p pennsylvania	#PA #Pennsylvania
2024-10-26 19:56:21	oh baby tell true pfizer ceo facing life prison covid vaccines g h u texas oklahoma pennsylvania iowa ohio colorado mississippi georgia virginia west north carolina tennessee florida utah new york united states america	#MAGA #MAHA #USA #Texas #Oklahoma #Pennsylvania #Iowa #Ohio #Colorado #Mississippi #Georgia #Virginia #WestVirginia #NorthCarolina #Tennessee #Florida #Utah #NewYork #UnitedStates #NorthAmerica
2024-10-26 19:56:35	please dont wait pennsylvania	#Pennsylvania
2024-10-26 19:58:17	teamtrump trumpwarroom made china undecided voters swing states pennsylvania p wisconsin w north carolina n c georgia g michigan vote charlotte philly atlanta milwaukee pittsburgh know harris walz blue preserve rights	#China #Undecided #UndecidedVoters #SwingStates #Pennsylvania #PA #Wisconsin #WI #NorthCarolina #NC #Georgia #GA #Michigan #Vote #VotersCharlotteNC #Philly #Atlanta #Milwaukee #Pittsburgh #MAGA #TheMoreYouKnow #Harris_Walz2024 #VoteBlueToPreserveYourRights #SwingVoters
2024-10-26 19:59:43	usbornnraised johnfetterman pennsylvania border state history based immigrants like oh william penn prisoner home country youre allowed learn	#Pennsylvania #border #immigrants #William #Penn #prisoner
2024-10-26 19:59:56	e n pennsylvania check ballots make certain accepted	#ATTENTION #Pennsylvania
2024-10-26 20:00:57	e n pennsylvania sure track ballots	#ATTENTION #Pennsylvania
2024-10-26 20:04:34	scrantonmayor teamkamala timwalz govtimwalz epochtimes kamalahq scrantoncitygov kamalaharris teamsters elonmusk teamstersharris tmstrsstoptrump thedemocrats teamtrump realdonaldtrump thejointstaff whcos secdef padems pagop genflynn lauraloomer abandonbiden watch vp nominee attacks jdvance childcare defends kamalaharriss proposal ban price gouging rally scranton pennsylvania follow original footage presidential candidates running mates election	#Pennsylvania #Election2024
2024-10-26 20:05:13	feds looking russian interference key battleground bucks county pennsylvania russia f b donald trump democrats	#Russia #Pennsylvania #FBI #DonaldTrump #Democrats
2024-10-26 20:06:19	pickin amp grinnin sunny afternoon grateful day fall farm country life autumn farming savingshepherd simplelife video autumnvibes thankful rural landscape amish countrylife countryliving horse videooftheday travel pennsylvania u	#fall #farm #country #life #autumn #farming #savingshepherd #simplelife #video #autumnvibes #grateful #thankful #rural #landscape #Amish #countrylife #countryliving #horse #videooftheday #travel #Pennsylvania #USA
2024-10-26 20:07:43	bucks county pennsylvania russian actors made fake video showing destruction mailin ballots trump fbi says armchairlv	#Pennsylvania
2024-10-26 20:08:48	franklin county pennsylvania today talking rural voters supporting kamalaharris timwalz entire democratic ticket ten days go	#Pennsylvania #rural
2024-10-26 20:08:55	fox news trump vance harris walz vote ajc georgia atlblackstar atlnewsfirst wsbtv georgianaacp north carolina mark robinson pennsylvania wisconsin michigan foxandfriends texas ukraine pakistan luriefavors urbanviewradio rodimusprime	#FoxNews #Trump #TrumpVance2024 #HarrisWalz2024 #Vote #Georgia #NorthCarolina #MarkRobinson #Pennsylvania #Wisconsin #Michigan #Texas #Ukraine #Pakistan
2024-10-26 20:09:00	exploring delaware water gap stroudsburg pennsylvania ttot travelgumbo archives travelers	#Exploring #DelawareWaterGap #Stroudsburg #Pennsylvania #ttot
2024-10-26 20:09:28	robertkennedyjr h make america heathy trump wisconsin w pennsylvania philly pittsburgh erir harrisburg allentown eagles flyers ers	#MAHA #Trump2024 #Wisconsin #WI #Pennsylvania #Philly #Pittsburgh #Erir #Harrisburg #allentown #Philly #Eagles #Flyers #76ers
2024-10-26 20:09:46	watch live president trump rally state college pennsylvania via youtube p	#TrumpRally #Trump #Trump2024 #Pennsylvania #PA
2024-10-26 20:12:39	vote black twitter luriefavors georgianaacp pennsylvania texas wisconsin michigan georgia	#Vote #BlackTwitter #Pennsylvania #Texas #Wisconsin #Michigan #Georgia
2024-10-26 20:13:24	pennsylvania vote blue	#Pennsylvania #PennsylvaniaVoteBlue
2024-10-26 20:13:35	michigan muslims endorse donald j trump president promises peace war r f k jr aapl nvda tsla amc amzn btc slv nevada pennsylvania wisconsin virginia georgia north carolina	#Trump2024 #RFKJr #Nevada #Pennsylvania #Wisconsin #Michigan #Virginia #Georgia #NorthCarolina
2024-10-26 20:15:09	l v e trump holds rally state college pennsylvania ganjingworld live	#LIVE #Trump #StateCollege #Pennsylvania #ganjingworld
2024-10-26 20:18:13	temporary hardship regular peoplenot corporations make money ever pennsylvania georgia north carolina wisconsin michigan trump tariffs	#Pennsylvania #Georgia #NorthCarolina #Wisconsin #Michigan #TrumpTariffs
2024-10-26 20:18:31	trump love hitler used g p republicans south carolina north florida pennsylvania michigan nebraska omaha montana georgia alabama mississippi louisiana iowa ohio maryland arizona virginia via msnbc	#Trump #MAGA #GOP #Republicans #SouthCarolina #NorthCarolina #Florida #Pennsylvania #Michigan #Nebraska #Omaha #Montana #Georgia #Alabama #Mississippi #Louisiana #Iowa #Ohio #Maryland #Arizona #Virginia
2024-10-26 20:20:30	aj mcmullen middle school markleysburg one week two hygiene products drive north carolina needs hurricane season weve good start uniontown pennsylvania	#Uniontown #Pennsylvania
2024-10-26 20:23:04	lets go pennsylvania philadelphia l f g kamala harris p u nydems nyforkamala padems	#Pennsylvania #Philadelphia #LFG #KamalaHarris4POTUS2024
2024-10-26 20:27:09	democrats beware kamala harris loses pennsylvania opposition senator fetterman pas popular governor running mate might reason fettermans stance could cost votes keystone state elections	#Fetterman #Pennsylvania #Elections
2024-10-26 20:27:23	harris walz democrats deliver vote blue ballot election save democracy freedom u north carolina georgia arizona pennsylvania michigan wisconsin nevada new hampshire maine virginia	#HarrisWalz #HarrisWalz2024 #DemocratsDeliver #VoteBlue #VoteBlueDownBallot #Election2024 #VoteBlueToSaveDemocracy #Vote2024 #VoteBlueToSaveYourFreedomAndTheUSA #NorthCarolina #Georgia #Arizona #Pennsylvania #Michigan #Wisconsin #Nevada #NewHampshire #Maine #Virginia
2024-10-26 20:29:17	philahelphia pennsylvania democrat controlled	#Philahelphia #Pennsylvania #Democrat
2024-10-26 20:30:59	davemccormickpa know already remember bush trump admin board exxon another money hungry sycophant left pennsylvania	#Pennsylvania
2024-10-26 20:34:31	usa elections pennsylvania democrats republicans others change th october votes credits votehubus map u election trump harris	#Pennsylvania #USAElection #Trump #Harris
2024-10-26 20:34:54	better watch pennsylvania closely	#Pennsylvania
2024-10-26 20:35:09	davemccormickpa uh hey maga pennsylvania	#Pennsylvania
2024-10-26 20:35:10	trump monster americans want pettyminded dirty little senile man president mystery georgia wisconsin pennsylvania michigan north carolina nevada arizona	#Georgia #Wisconsin #Pennsylvania #Michigan #NorthCarolina #Nevada #Arizona
2024-10-26 20:36:46	davemccormickpa uh oh ct dave pennsylvania p e n	#Pennsylvania #PASEN
2024-10-26 20:37:05	big problem kamala pennsylvania dems gop early vote also totals huge r u p momentum keep scottpresler	#Kamala #Pennsylvania #TRUMP
2024-10-26 20:37:30	rsbnetwork trump holds rally state college pennsylvania	#Trump #State #College #Pennsylvania
2024-10-26 20:39:20	story kamala harris arresting parent sick child mind blowing trump r f k jr aapl nvda tsla amc amzn btc slv nevada pennsylvania wisconsin michigan virginia georgia north carolina	#Trump2024 #RFKJr #Nevada #Pennsylvania #Wisconsin #Michigan #Virginia #Georgia #NorthCarolina
2024-10-26 20:40:04	remember greg kelly say dina powell mccormick ct dave davemccormickpa pennsylvania p e n	#Pennsylvania #PASEN
2024-10-26 20:41:18	video tucker pennsylvania	#Pennsylvania
2024-10-26 20:42:00	shippensburgu professors new book looks pennsylvania environmental history via alleghenyfront apscufsu c	#professor #Pennsylvania #environmental #history #ICYMI
2024-10-26 20:42:31	obviously war france except trumps dangerous psychotic head god help kids gets elected texas florida pennsylvania michigan north carolina maryland wisconsin georgia arizona south gen z college football picks	#Trump #Texas #Florida #Pennsylvania #Michigan #NorthCarolina #Maryland #Wisconsin #Georgia #Arizona #NorthCarolina #SouthCarolina #GenZ #CollegeFootballPicks
2024-10-26 20:43:31	town hall elon musk lancaster pennsylvania tonight pm et p philly penn state sign amp info	#Lancaster #Pennsylvania #PA #Philly #PennState
2024-10-26 20:43:54	oldie goodie joerogan joeroganhq pennsylvania election cheating	#Pennsylvania #election #cheating
2024-10-26 20:45:55	senator amazed support pennsylvania knew israel could cause drama democratic family feud progressives party	#Pennsylvania #Progressives #DemocraticParty
2024-10-26 20:46:47	scrantonmayor teamkamala timwalz govtimwalz epochtimes kamalahq scrantoncitygov kamalaharris teamsters elonmusk teamstersharris tmstrsstoptrump thedemocrats teamtrump realdonaldtrump thejointstaff whcos secdef padems pagop genflynn lauraloomer abandonbiden jdvance lackcountycr watch attacks issue socialsecurity hes interrupted second progaza protester evening scranton pa follow original footage pennsylvania election	#Pennsylvania #Election2024
2024-10-26 20:46:59	phillys firefighters union backs senbobcaseys rival senate race representing pas largest city endorses davemccormickpa pennsylvania	#Pennsylvania
2024-10-26 20:47:14	pennsylvania vote bob casey us senate protect social security	#Pennsylvania #VoteBobCasey #VoteBobCasey #SocialSecurity
2024-10-26 20:49:30	professional book editor philadelphia amwriting authorsoftwitter writingcommunity pennsylvania	#amwriting #authorsoftwitter #writingcommunity #philadelphia #pennsylvania
2024-10-26 20:50:12	early voting trump pennsylvania g	#Pennsylvania #MAGA2024
2024-10-26 20:51:14	fed judge dismissed claimelons mil giveaways violated election laws g h u texas oklahoma pennsylvania iowa ohio colorado mississippi georgia virginia west north carolina tennessee florida utah new york united states america	#MAGA #MAHA #USA #Texas #Oklahoma #Pennsylvania #Iowa #Ohio #Colorado #Mississippi #Georgia #Virginia #WestVirginia #NorthCarolina #Tennessee #Florida #Utah #NewYork #UnitedStates #NorthAmerica
2024-10-26 20:52:20	disgusting amp corrupt already working around destroy america nov election fraud people pennsylvania god bless battle hymn republic wont able steal time ballot harvesting help u save trump right mules	#ElectionFraud #WeThePeople #Pennsylvania #GodBlessAmerica #BattleHymnOfTheRepublic #TheyWontBeAbleToStealItThisTime #BallotHarvesting #SoHelpUSGod #SaveTheRepublic #TrumpWasRight #2000Mules
2024-10-26 20:53:54	trumpwarroom fat clown pretended bework closed mc donalds undecided voters swing states pennsylvania p wisconsin w north carolina n c georgia g michigan vote charlotte philly atlanta milwaukee pittsburgh know	#McDonalds #Undecided #UndecidedVoters #SwingStates #Pennsylvania #PA #Wisconsin #WI #NorthCarolina #NC #Georgia #GA #Michigan #Vote #VotersCharlotteNC #Philly #Atlanta #Milwaukee #Pittsburgh #MAGA #TheMoreYouKnow
2024-10-26 20:55:26	pennsylvania p	#Pennsylvania #PA
2024-10-26 20:57:50	trump rally vance pennsylvania tonight v e vote red save america g	#TrumpRally #TrumpVance #Pennsylvania #Tonight #VOTE #VoteRed #SaveAmerica #MAGA
2024-10-26 20:57:55	trump rally pennsylvania	#TrumpRally #Pennsylvania #Trump2024
2024-10-26 21:02:51	beautiful fall day high school college football bethlehem pennsylvania	#bethlehem #pennsylvania #football
2024-10-26 21:05:54	youre damn right trump pennsylvania	#Trump2024 #Pennsylvania
2024-10-26 21:07:51	danscavino pennsylvania trump president g scottpresler	#Pennsylvania #TrumpForPresident #MAGA
2024-10-26 21:08:52	kamala faces backlash pennsylvania black voters speak sabby sabs harris jill stein green party trump third abandon im speaking world salad baby time poetry john hulse	#SabbySabs #KamalaHarris #JillStein #GreenParty #Trump #ThirdParty #AbandonHarris #ImSpeaking #WorldSalad #Pennsylvania #BabyBabyAllTheTime #poetry #JohnHulse
2024-10-26 21:09:25	allentown police investigating shooting victim found muhlenberg college campus safety reportedly shot news crime p pennsylvania	#News #Crime #Allentown #PA #Pennsylvania
2024-10-26 21:10:29	hello erie pennsylvania bernie rally g v kamalaharris live stream penn state u philly temple swarthmore p apol papolitics scranton allentown pittsburgh philadelphia votes e harris walz	#Erie #Pennsylvania #GOTV #PennState #UPenn #Philly #Temple #Swarthmore #PApol #EriePA #papolitics #Scranton #Allentown #Pittsburgh #Philadelphia #PAVotes #VOTE #HarrisWalz2024
2024-10-26 21:13:38	lancaster pa tonight last day request mail ballot october th vote early person pennsylvania	#VoteEarly #Pennsylvania
2024-10-26 21:15:54	catnap penn going decide election vote amish pennsylvania trump	#Amish #vote #penn #pennsylvania #trump
2024-10-26 21:19:44	astonishing democrat sen fetterman blown away intensity support trump musk pennsylvania	#Fetterman #Trump #Musk #Pennsylvania
2024-10-26 21:20:23	trump pennsylvania	#Trump #Pennsylvania
2024-10-26 21:21:24	meet toddler terrorizer g h u texas oklahoma pennsylvania iowa ohio colorado mississippi georgia virginia west north carolina tennessee florida utah new york united states america	#MAGA #MAHA #USA #Texas #Oklahoma #Pennsylvania #Iowa #Ohio #Colorado #Mississippi #Georgia #Virginia #WestVirginia #NorthCarolina #Tennessee #Florida #Utah #NewYork #UnitedStates #NorthAmerica
2024-10-26 21:22:54	republicans harris pennsylvania calls trump calling america garbage	#RepublicansForHarris #Pennsylvania #TrumpCallingAmericaAGarbageCan
2024-10-26 21:23:08	pennsylvania trump vance election integrity	#Pennsylvania #TrumpVance2024 #Election2024 #ElectionIntegrity
2024-10-26 21:23:31	republicans caught cheatingapparently big way pennsylvania major scandal emerging election lancaster	#Republicans #Pennsylvania #Election2024 #LancasterOut
2024-10-26 21:23:58	tbonier pennsylvania democrats going vote person election day	#Pennsylvania
2024-10-26 21:25:15	diddy ohio iowa alaska arizona tennessee melania b c pennsylvania north carolina utah evangelicals harris colorado nevada gate wisconsin nebraska maine weird trump kansas texas florida epstein client list dump west virginia	#Diddy #Ohio #Iowa #Alaska #Arizona #Tennessee #Melania #BBC #Pennsylvania #NorthCarolina #Utah #EvangelicalsForHarris #Colorado #Nevada #DiddyGate #Wisconsin #Nebraska #Maine #weirdTrump #Kansas #Texas #Florida #EpsteinClientList #DumpTrump #WestVirginia
2024-10-26 21:29:14	pennsylvania michigan	#Pennsylvania #Michigan
2024-10-26 21:29:50	putin pennsylvania nebraska north carolina weird g iowa ohio l b q south tennessee florida texas evangelicals harris michigan arizona colorado nevada music kansas indiana massachusetts alabama dance montana maine	#Putin #Pennsylvania #Nebraska #NorthCarolina #WeirdMAGA #Iowa #Ohio #LGBTQ #SouthCarolina #Tennessee #Florida #Texas #EvangelicalsForHarris #Michigan #Arizona #Colorado #LGBTQ #Nevada #music #Kansas #Indiana #Massachusetts #Alabama #dance #Montana #Maine
2024-10-26 21:31:23	p swing voters cant stand trump holly otterbein focus group via youtube pennsylvania	#PA #Trump #Pennsylvania
2024-10-26 21:31:49	union strong u w michigan pennsylvania nevada	#UnionStrong #UAW #Michigan #Pennsylvania #Nevada
2024-10-26 21:32:49	meet pennsylvania nuns falsely accused voterfraud cnnpolitics battleground state papoli	#nuns #voterfraud #Pennsylvania #BattlegroundState #papoli
2024-10-26 21:32:52	old lady wyoming pennsylvania foodies iowa ohio evangelicals harris north carolina south potato wisconsin tennessee man texas florida family maine michigan dump trump arizona colorado nevada weird kansas utah	#oldLady #Wyoming #Pennsylvania #foodies #Iowa #Ohio #EvangelicalsForHarris #NorthCarolina #SouthCarolina #potato #Wisconsin #Tennessee #OldMan #Texas #Florida #family #Maine #Michigan #DumpTrump #Arizona #Colorado #Nevada #DumpTrump #WeirdTrump #Kansas #Utah
2024-10-26 21:36:17	nevada arizona new mexico pennsylvania michigan georgia north carolina vote presidential election trump save america never kamala	#Nevada #Arizona #NewMexico #Pennsylvania #Michigan #Georgia #NorthCarolina #Vote #2024PresidentialElection #VoteTrump #Trump2024 #VoteToSaveAmerica #NeverKamala
2024-10-26 21:38:43	president trump holds rally state college pennsylvania penn r f k jr aapl nvda tsla amc amzn btc slv nevada wisconsin michigan virginia georgia north carolina	#Trump2024 #RFKJr #Nevada #Pennsylvania #Wisconsin #Michigan #Virginia #Georgia #NorthCarolina
2024-10-26 21:38:51	yup letting everyone know harris walz kamala vote blue freedom body choice going back screw gop message magats stronger together pennsylvania pittsburgh arizona michigan nevada georgia	#HarrisWalz2024 #HarrisWalz #Kamala2024 #VoteBlue2024 #Freedom #MyBodyMyChoice #NotGoingBack #ScrewTheGop #Message #HarrisWalz #StrongerTogether #NotGoingBack #Pennsylvania #Pittsburgh #Arizona #Michigan #Nevada #Georgia
2024-10-26 21:39:34	live president trump state college pennsylvania text	#Pennsylvania
2024-10-26 21:39:38	arizona michigan georgia nevada north carolina pennsylvania wisconsin timmys got lot issues loading gun	#Arizona #Michigan #Georgia #Nevada #NorthCarolina #Pennsylvania #Wisconsin
2024-10-26 21:40:04	pennsylvania donald j trump fighter stephenm asks pa commit making sure get president realdonaldtrump back office toobigtorig	#Pennsylvania #toobigtorig
2024-10-26 21:40:16	video major case voter fraud registration announced pennsylvania voterregistration voterfraud dump dems	#VoterFraudRegistration #Pennsylvania #Voterregistration #Voterfraud #DumpTheDems
2024-10-26 21:40:18	theres trump rally state college pa today undecided voters swing states pennsylvania p wisconsin w north carolina n c georgia g michigan vote charlotte philly atlanta milwaukee pittsburgh know harris walz	#Undecided #UndecidedVoters #SwingStates #Pennsylvania #PA #Wisconsin #WI #NorthCarolina #NC #Georgia #GA #Michigan #Vote #VotersCharlotteNC #Philly #Atlanta #Milwaukee #Pittsburgh #MAGA #TheMoreYouKnow #Harris_Walz2024
2024-10-26 21:42:40	focus group results independent p swing voters cant stand trump holly otterbein via youtube pennsylvania	#PA #pennsylvania
2024-10-26 21:43:02	day philadelphia founded commonwealth pennsylvania unitedstates	#commonwealth #pennsylvania #unitedstates #philadelphia
2024-10-26 21:43:51	election fraud pennsylvania	#ElectionFraud #Pennsylvania
2024-10-26 21:44:33	live president trump state college pennsylvania rally	#Pennsylvania #TrumpRally
2024-10-26 21:44:55	florida michigan wisconsin pennsylvania georgia united states vote harris walz	#Florida #Michigan #Wisconsin #Pennsylvania #Georgia #United_States #VoteHarrisWalz2024
2024-10-26 21:45:36	maga alert live donald trump holds rally state college pa pennsylvania	#pennsylvania #maga2024 #trump2024
2024-10-26 21:46:11	georgia pennsylvania	#georgia #Pennsylvania
2024-10-26 21:47:07	good work bring home pennsylvania	#Pennsylvania
2024-10-26 21:49:42	fairytale wagon ride autumn falltravel pennsylvania via youtube	#falltravel #pennsylvania
2024-10-26 21:50:25	teamtrump penn state amp pennsylvania vote usa president trump republican congress college p pagop realdonaldtrump jdvance gop foxnews	#PennState #StateCollege #PA #Pennsylvania
2024-10-26 21:50:52	heavy frost amp freeze possible across areas pennsylvania new jersey maryland virginia south carolina severeweather weather	#NewJersey #Pennsylvania #SouthCarolina #Severeweather #Weather
2024-10-26 21:51:39	kamala harris stop crazy republican extremists forcing americans live horrific project pennsylvania georgia women nevada seniors wisonsin arizona north carolina michigan	#KamalaHarris #Republican #Americans #Project2025 #Pennsylvania #Georgia #Women #Nevada #Seniors #Wisonsin #Arizona #NorthCarolina #Michigan
2024-10-26 21:53:18	live watch president trump realdonaldtrump state college pennsylvania	#Pennsylvania
2024-10-26 21:54:27	lancaster jehovahs witness elder sentenced prison molesting congregant children lancasterjehovah pennsylvania download	#Lancasterjehovah #Pennsylvania
2024-10-26 21:56:56	livestream erie pennsylvania bernie sanders kamala harris trump good example kids even many republicans agree threat democracy hope protecting climate cares people billionaires	#Pennsylvania #BernieSanders #KamalaHarris #Kamala #Harris
2024-10-26 21:57:03	magaincwarroom undecided voters swing states pennsylvania p wisconsin w north carolina n c georgia g michigan vote charlotte philly atlanta milwaukee pittsburgh know harris walz blue preserve rights	#Undecided #UndecidedVoters #SwingStates #Pennsylvania #PA #Wisconsin #WI #NorthCarolina #NC #Georgia #GA #Michigan #Vote #VotersCharlotteNC #Philly #Atlanta #Milwaukee #Pittsburgh #MAGA #TheMoreYouKnow #Harris_Walz2024 #VoteBlueToPreserveYourRights
2024-10-26 22:00:51	colorado pennsylvania officials investigating incidents voter fraud voterfraud voterregistration	#Colorado #Voterfraud #Pennsylvania #Voterregistration
2024-10-26 22:01:04	video donald trump meets muslim community hamtramck pennsylvania	#DonaldTrump #Pennsylvania
2024-10-26 22:07:33	magaincwarroom e jean carroll undecided voters swing states pennsylvania p wisconsin w north carolina n c georgia g michigan vote charlotte philly atlanta milwaukee pittsburgh know harris walz	#UndecidedVoters #SwingStates #Pennsylvania #PA #Wisconsin #WI #NorthCarolina #NC #Georgia #GA #Michigan #Vote #VotersCharlotteNC #Philly #Atlanta #Milwaukee #Pittsburgh #MAGA #TheMoreYouKnow #Harris_Walz2024
2024-10-26 22:12:07	new castle pa fireworks capital america know light night skies support realdonaldtrump shines even brighter ps lets honest better trump plan americas th independence day trumpbus pennsylvania	#trumpbus #pennsylvania
2024-10-26 22:13:05	trltmp said hrris fracking day born campaignspeeches trump kamalaforthewin kamala harris pennsylvania p swingstate battleground state idiocracy vote fascism voteagainstidiocy	#campaignspeeches #trump #kamalaforthewin #KamalaHarris2024 #fracking #Pennsylvania #PA #swingstate #BattlegroundState #idiocracy #VoteAgainstFascism #voteagainstidiocy
2024-10-26 22:13:20	pa swing voters cant stand trump u democracy election pennsylvania	#USDemocracy #USElection2024 #Pennsylvania
2024-10-26 22:15:41	lets go pennsylvania	#Pennsylvania
2024-10-26 22:18:08	amish pennsylvania g h trump	#Amish #Pennsylvania #MAGA #MAHA #AmishForTrump
2024-10-26 22:18:13	gmannheim alamoalamo atensnut texas turning blue vote trump tells f youre welcome ted cruz red save america vance michigan pennsylvania wisconsin nevada georgia north carolina arizona election rogan	#VoteTedCruz #VoteRedToSaveAmerica #VoteTrumpVance2024 #Michigan #Pennsylvania #Wisconsin #Nevada #Georgia #NorthCarolina #Arizona #Election2024 #RoganTrump #TrumpVance2024
2024-10-26 22:21:27	trump unfit office america arizona michigan texas pennsylvania philadelphia georgia nevada wisconsin going forward vote kamala harris tim walz	#TrumpIsUnfitForOffice #America #Arizona #Michigan #Texas #Pennsylvania #Philadelphia #Georgia #Nevada #Wisconsin #VoteKamalaHarrisAndTimWalz2024
2024-10-26 22:22:16	pay attention pennsylvania	#Pennsylvania
2024-10-26 22:22:36	things washington post wa po melt wont report work fascist party dictator trump rigging republicans musk bezos orban wannabe pennsylvania	#WashingtonPost #WaPoMeltDown #Pennsylvania
2024-10-26 22:22:52	old trump loves lying continually mindless fools north carolina michigan pennsylvania georgia nevada wisonsin arizona	#NorthCarolina #Michigan #Pennsylvania #Georgia #Nevada #Wisonsin #Arizona
2024-10-26 22:25:11	fall walk penn treaty park philadelphia pennsylvania autumn fallvibes fallcolors fallleaves nature fallinphilly fallinpa fallphotography visitphilly visitpa photography youtube penntreatypark	#Fall #Walk #PennTreatyPark #Philadelphia #Pennsylvania #autumn #fallvibes #fallcolors #fallleaves #nature #fallinphilly #fallinpa #fallphotography #visitphilly #visitpa #photography #youtube
2024-10-26 22:26:05	trumpwarroom magaincwarroom whats con lyin today undecided voters swing states pennsylvania p wisconsin w north carolina n c georgia g michigan vote charlotte philly atlanta milwaukee pittsburgh know	#DonTheCon #Undecided #UndecidedVoters #SwingStates #Pennsylvania #PA #Wisconsin #WI #NorthCarolina #NC #Georgia #GA #Michigan #Vote #VotersCharlotteNC #Philly #Atlanta #Milwaukee #Pittsburgh #MAGA #TheMoreYouKnow
2024-10-26 22:26:43	law native american tribes members lands profits exempt state taxation without express authorization congress j e b ndemoc r apologizing indians connecticut newhampshire nevada arizona pennsylvania	#JOEBIDEN #democRATS #indians #connecticut #newhampshire #nevada #arizona #pennsylvania
2024-10-26 22:26:51	oh funny heard trump say pennsylvania rally left detroit happyi guess would realdonaldtrump seriously vote yaall blue protect womens rights people asif lives dependonit	#Pennsylvania #vote #VoteBlue2024ProtectWomensRights #VoteBlue2024People #VoteBlueAsifYourLivesDependonit
2024-10-26 22:27:38	magaincwarroom whats con lyin today undecided voters swing states pennsylvania p wisconsin w north carolina n c georgia g michigan vote charlotte philly atlanta milwaukee pittsburgh know	#DonTheCon #Undecided #UndecidedVoters #SwingStates #Pennsylvania #PA #Wisconsin #WI #NorthCarolina #NC #Georgia #GA #Michigan #Vote #VotersCharlotteNC #Philly #Atlanta #Milwaukee #Pittsburgh #MAGA #TheMoreYouKnow
2024-10-26 22:29:44	potus things amp vp kamalaharris grew national debt personal americans due high costs everything harris walz isnt happening border czar kamala failed america pennsylvania ban fracking trump	#HarrisWalz2024 #BorderCzarKamala #Pennsylvania #Trump2024
2024-10-26 22:30:08	cnn many idiots america even taking donald trump toupee serious state college pennsylvania said friend plant say cant simply put two words together without barefaced lie sunday morning	#America #DonaldTrump #StateCollege #Pennsylvania #Trump #SundayMorning
2024-10-26 22:31:11	magaincwarroom whats con lyin today remember infrastructure undecided voters swing states pennsylvania p wisconsin w north carolina n c georgia g michigan vote charlotte philly atlanta milwaukee pittsburgh	#DonTheCon #Infrastructure #Undecided #UndecidedVoters #SwingStates #Pennsylvania #PA #Wisconsin #WI #NorthCarolina #NC #Georgia #GA #Michigan #Vote #VotersCharlotteNC #Philly #Atlanta #Milwaukee #Pittsburgh #MAGA
2024-10-26 22:32:44	g v kamala harris gorgeous pennsylvania weekend whats voting plan yes kam make mistake win good trouble joyful warriors	#GOTV #KamalaHarris #Pennsylvania #voting #YesWeKam #MakeNoMistakeWeWillWin #GoodTrouble #JoyfulWarriors
2024-10-26 22:32:54	elonmusk trump well top pennsylvania polls keep democracy america independent stop trouble spots conflicts wars world powerful leader needed president	#Pennsylvania #Trump
2024-10-26 22:32:56	womens rights abortion women whose pregnancy go wrong causing death without medical care doctors prison saving lives trump michelle obama arizona pennsylvania georgia michigan nevada north carolina wisconsin	#Trump #MichelleObama #Arizona #Pennsylvania #Georgia #Michigan #Nevada #NorthCarolina #Wisconsin
2024-10-26 22:35:48	anyone pennsylvania tell anything senbobcasey ever done yrs expects votes name hell im voting davemccormickpa	#Pennsylvania
2024-10-26 22:37:02	bernie sanders berniesanders live erie pennsylvania donald trump kamala harris democracy u	#BernieSanders #Erie #Pennsylvania #DonaldTrump #Trump #KamalaHarris #Democracy #USA
2024-10-26 22:37:42	unprecedented peace prosperity trump promises give young people shot american dream live vote save america penn state g pennsylvania realdonaldtrump trumpwarroom	#VoteTrumpToSaveAmerica #PennState #MAGA #Pennsylvania
2024-10-26 22:40:23	pennsylvania halloween	#1 #Pennsylvania #Halloween
2024-10-26 22:41:27	repdean clueless happening pennsylvania kamala policies help citizens pa n b c trump last stand g wpht	#Pennsylvania #Kamala #MSNBC #Trump2024TheLastStand #MAGA
2024-10-26 22:41:48	philadelphia eagles flyers steelers steeler nation philly pennsylvania allentown cleveland	#Philadelphia #PhiladelphiaEagles #Eagles #Flyers #Steelers #SteelerNation #Philly #Pennsylvania #Allentown #Cleveland
2024-10-26 22:41:54	live president trump state college pennsylvania	#Pennsylvania
2024-10-26 22:42:13	republicans trying nullify vaporise meaning peoples votes everywhere thats pennsylvania democrats voting day mustsee jamie raskin deals crushing blow via youtube	#Pennsylvania
2024-10-26 22:43:15	make plan vote pennsylvania v e blue	#Pennsylvania #VOTE #VoteBlue
2024-10-26 22:44:41	nuestro house party latinos por kamala pittsburgh pennsylvania	#HouseParty #LatinosPorKamala #Pittsburgh #Pennsylvania
2024-10-26 22:45:46	zzyzyx context election pennsylvania north carolina michigan ohio florida nevada arizona georgia	#election2024 #Pennsylvania #NorthCarolina #michigan #ohio #florida #Nevada #Arizona #Georgia
2024-10-26 22:48:28	p pennsylvania harris walz democrats early voting pa models showing underperforming republican vote numbers rural areas meeting exceeding turnout percentages like georgia nevada arizona	#PA #Pennsylvania #HarrisWalz #Democrats
2024-10-26 22:48:41	vote trump vance early pennsylvania right	#VoteTrumpVance2024 #VoteEarly #Pennsylvania
2024-10-26 22:49:11	boloudon pennsylvania lets frack	#Pennsylvania #LetsFrack
2024-10-26 22:49:26	lets make american great go vote hey national champions missed intro trump vance michigan pennsylvania wisconsin nevada georgia north carolina arizona election rogan twitter	#VoteTrumpVance2024 #Michigan #Pennsylvania #Wisconsin #Nevada #Georgia #NorthCarolina #Arizona #Election2024 #RoganTrump #TrumpVance2024 #ElectionTwitter
2024-10-26 22:51:34	think us sorry pennsylvania	#Pennsylvania
2024-10-26 22:55:38	vp optimism joy cheer hopefulness realdonaldtrump anger vitriol fear pessimism hate elections democracy ballot michigan pennsylvania north carolina georgia wisconsin nevada	#Elections2024 #DemocracyIsOnTheBallot #Michigan #Pennsylvania #NorthCarolina #georgia #Wisconsin #Nevada
2024-10-26 22:57:35	baltimore pittsburgh know serious g v pennsylvania	#GOTV #Pennsylvania
2024-10-26 22:58:00	mamaclud im pennsylvania trump vance kennedy gabbard musk dream team	#Pennsylvania #TrumpVanceKennedyGabbardMusk2024 #DreamTeam
2024-10-26 22:58:04	inside filling trump rally state college pennsylvania	#Trump #TrumpRally #StateCollege #Pennsylvania
2024-10-26 23:02:20	texas man charged punching election worker asking remove trump hat g h u oklahoma pennsylvania iowa ohio colorado mississippi georgia north carolina tennessee florida utah new york united states america	#MAGA #MAHA #USA #Texas #Oklahoma #Pennsylvania #Iowa #Ohio #Colorado #Mississippi #Georgia #NorthCarolina #Tennessee #Florida #Utah #NewYork #UnitedStates #NorthAmerica
2024-10-26 23:07:28	beyonce pulled texas michigan fortdesoto pennsylvania vote lets look like woman president need keep promise tmz tmzlive	#texas #Michigan #fortdesoto #Pennsylvania #tmz #tmzlive
2024-10-26 23:07:38	want safe secure nation vote realdonaldtrump amp red save america independent h libertarian undecided pennsylvania scranton pittsburgh election north carolina charlotte georgia u g bulldogs wisconsin badgers michigan arizona nevad	#VoteRedToSaveAmerica #independent #MAHA #Libertarian #undecided #Pennsylvania #Scranton #Pittsburgh #Election #NorthCarolina #Charlotte #georgia #UGA #Bulldogs #Wisconsin #Badgers #Michigan #arizona #nevad
2024-10-26 23:11:01	pennsylvania believe plenty voters trump hope number ballots doesnt outnumber	#pennsylvania
2024-10-26 23:11:54	dare day google see pops chichi knows philly philadelphia pennsylvania explore page share repost interviews miss booked busy talk show googlable michelle obama u f c	#ChichiKnows #Philly #Philadelphia #Pennsylvania #ExplorePage #Share #Repost #Chichi #Interviews #MissBookedAndBusy #PhillyTalkShow #TalkShow #Google #Googlable #MichelleObama #UFC308
2024-10-26 23:12:20	sprint election day make sure youre voteready pennsylvania paneighbornetworkactionfund gotv empowergotv moodeng	#pennsylvania #paneighbornetworkactionfund #voteready #gotv #empowergotv #moodeng
2024-10-26 23:12:24	evil vote trump vance michigan pennsylvania wisconsin nevada georgia north carolina arizona election rogan twitter	#Evil #VoteTrumpVance2024 #VoteTrumpVance2024 #Michigan #Pennsylvania #Wisconsin #Nevada #Georgia #NorthCarolina #Arizona #Election2024 #RoganTrump #TrumpVance2024 #ElectionTwitter
2024-10-26 23:15:43	bidens remarks today pennsylvania rally trump proves angry insecure old man hes failed america knows biden harris election democrats inflation border crisis liberals must go	#Biden #Pennsylvania #BidenHarris #Election2024 #Democrats #inflation #BorderCrisis #LiberalsMustGo
2024-10-26 23:15:46	pennsylvania ready revive american steel amp save energy lets take back america make happen vote early trump u g philadelphia pittsburgh erie allentown lancaster harrisburg hershey p reading scranton altoona	#Pennsylvania #TakeBackAmerica #VoteEarly #VoteTrump #USA #America #MAGA #Philadelphia #Pittsburgh #Erie #Allentown #Lancaster #Harrisburg #HersheyPA #ReadingPA #Scranton #Altoona
2024-10-26 23:15:54	elonmusk still waiting fight lancaster pennsylvania g	#Fight #Fight #Fight #Lancaster #Pennsylvania #MAGA2024
2024-10-26 23:16:42	teamtrump pennsylvania vote save america	#Pennsylvania
2024-10-26 23:16:48	ny attack need bad guys get punished justice city back g h u texas oklahoma pennsylvania iowa ohio colorado mississippi georgia virginia west north carolina tennessee florida utah new york united states america	#MAGA #MAHA #USA #Texas #Oklahoma #Pennsylvania #Iowa #Ohio #Colorado #Mississippi #Georgia #Virginia #WestVirginia #NorthCarolina #Tennessee #Florida #Utah #NewYork #UnitedStates #NorthAmerica
2024-10-26 23:21:12	pennsylvania cheating democrats bureauof elections philadelphia rncvoteprotect laraleatrump gop realdonaldtrump get lawyers stat scottpresler	#Pennsylvania #Cheating #Democrats #BureauofElections #Philadelphia
2024-10-26 23:22:20	dont pay bill trump lashes lousy sound engineers rally donald pennsylvania many times heard rant	#DonaldTrump #Pennsylvania
2024-10-26 23:23:09	hes jerk always looking reason pay makes think broke dont bill trump lashes lousy sound engineers rally donald pennsylvania	#DonaldTrump #Pennsylvania
2024-10-26 23:23:32	opponent kamalaharris nothing like shooting fish barreliampoliticsgirl fetterman calls trumps support pennsylvania astonishing see intensity donald trump presidentialelection	#DonaldTrump #Pennsylvania #Presidentialelection
2024-10-26 23:23:49	us officials confirm statement russian operatives created fake video showing trump mailin ballots destroyed pennsylvania one many foreign efforts aimed undermining election trust	#Russian #Trump #Pennsylvania
2024-10-26 23:25:16	even fetterman knows kamala unqualified nominated wo vote wakeupusa cnn msnbc nytimes nypost calls trumps support pennsylvania astonishing see intensity donald trump presidentialelection	#DonaldTrump #Pennsylvania #Presidentialelection
2024-10-26 23:26:53	hey donaldjtrumpjr parents voting dad theres signs think realdonaldtrump pennsylvania	#Pennsylvania
2024-10-26 23:27:07	massive crowd football saturday pennsylvania people know important election america st vote trump independents democrats women hispanic black asians virginia north carolina georgia wisconsin michigan nevada arizona minnesota new york	#Pennsylvania #VoteTrump #Independents #democrats #women #Hispanic #black #Asians #Virginia #NorthCarolina #Georgia #Wisconsin #Michigan #Nevada #Arizona #Minnesota #NewYork
2024-10-26 23:30:03	strongsilence shows dont know anything pennsylvania care incompetent three voted harris walz blue ballot	#Pennsylvania #Pennsylvania #HarrisWalz2024
2024-10-26 23:31:08	usa national champions wrestling penn state vote trump vance michigan pennsylvania wisconsin nevada georgia north carolina arizona election rogan twitter	#PennState #VoteTrumpVance2024 #Michigan #Pennsylvania #Wisconsin #Nevada #Georgia #NorthCarolina #Arizona #Election2024 #RoganTrump #TrumpVance2024 #ElectionTwitter
2024-10-26 23:31:55	nuns push back g p political activist casts doubt pennsylvania voting registration benedictine sisters erie put news release week response post cliff maloney	#GOP #Pennsylvania
2024-10-26 23:37:27	american revolutionary war u history battleof wyoming massacreof massacre pennsylvania valley loyalists rebels patriots iroquois confederacy	#AmericanRevolutionaryWar #USHistory #BattleofWyoming #MassacreofWyoming #WyomingMassacre #history #Pennsylvania #WyomingValley #Loyalists #Rebels #Patriots #IroquoisConfederacy
2024-10-26 23:37:29	president trump created million manufacturing amp construction jobs focus revive industry largest tax cuts deregulation vote early u america pennsylvania michigan ohio california new jersey	#VoteEarly #VoteTrump #USA #America #Pennsylvania #Michigan #Ohio #California #NewJersey
2024-10-26 23:37:40	scottpresler l f g pennsylvania save america vote red take back v e	#LFG #Pennsylvania #VoteRedToSaveAmerica #VoteRedToTakeBackAmerica #VOTE
2024-10-26 23:38:31	realtrumpnewsx im real person pennsylvania trump vance kennedy gabbard musk dream team	#Pennsylvania #TrumpVanceKennedyGabbardMusk2024 #DreamTeam
2024-10-26 23:47:35	kamala yrs job resume track record yr high inflation credit card debt household national illegalimmigration afghanistan debacle ban fracking worldwar endless funds wars pennsylvania autoworkers v e r u p	#Kamala #inflation #Illegalimmigration #Fracking #Pennsylvania #Autoworkers #VOTETRUMP
2024-10-26 23:48:25	download app bushwick radio station eastcoast westcoast midwest south northeast newyork flordia texas pennsylvania upstatenewyork canada europe japan germany france southamerica brooklyn bronx queens longisland manhattan staten island	#eastcoast #westcoast #midwest #south #northeast #newyork #flordia #texas #Pennsylvania #upstatenewyork #Canada #europe #japan #Germany #France #southamerica #brooklyn #bronx #queens #longisland #Manhattan #StatenIsland
2024-10-26 23:52:45	penn state pennstatewrestling pennsylvania vote early trump g fratboys gen z	#PennState #pennstatewrestling #Pennsylvania #MAGA #fratboys #GenZ
2024-10-26 23:53:35	man saw joe rogan show last night came visit hospital wounded trump r f k jr aapl nvda tsla amc amzn btc slv nevada pennsylvania wisconsin michigan virginia georgia north carolina	#Trump2024 #RFKJr #Nevada #Pennsylvania #Wisconsin #Michigan #Virginia #Georgia #NorthCarolina
2024-10-26 23:53:43	governorshapiro another pa office equipped job sad day pennsylvania scottpresler	#Pennsylvania
2024-10-26 23:55:32	iowa new hampshire colorado wisconsin pennsylvania georgia north carolina michigan arizona florida nevada ohio indiana tennessee utah montana idaho washington c vermont illinois kentucky oregon	#Iowa #NewHampshire #Colorado #Wisconsin #Pennsylvania #Georgia #NorthCarolina #Michigan #Arizona #Florida #Nevada #Ohio #Indiana #Tennessee #Utah #Montana #Idaho #Washington #WashingtonDC #Vermont #Illinois #Kentucky #Oregon
