2024-10-24 21:33:37	potusvideo president joe biden sparked fury suggesting donald trump jail days presidential election youre bullshit rethoric kamala harris presidentialelection	#DonaldTrump #JoeBiden #KamalaHarris #Presidentialelection
2024-10-24 21:33:52	former democratic presidential candidate tulsi gabbard endorsed biden officially joins trumps gop party equality donald trump joe presidentialelection	#DonaldTrump #TheDemocraticParty #JoeBiden #Presidentialelection
2024-10-24 21:37:25	trump blasts bidens lock demand election interference donald joe biden presidentialelection	#DonaldTrump #JoeBiden #Blasts #Presidentialelection
2024-10-24 21:39:43	cnn guest reports young men keep saying felt safer trump worried getting drafted war donald c n hillary clinton presidentialelection	#DonaldTrump #CNN #HillaryClinton #Presidentialelection
2024-10-24 21:40:26	objects foxs maria bartiromo sounds alarm harris certifying election results mike pence donald trump presidentialelection	#MikePence #DonaldTrump #Presidentialelection
2024-10-24 21:47:37	usa done matter wins presidential election trump loses wont accept means months chaos kamala harris supporters streets protestingmeaning either way leader free world donenewsnight bbcqt	#PresidentialElection #Trump #KamalaHarris #Newsnight #bbcqt
2024-10-24 21:49:05	harris lauds republicans endorsing rips exhausted trump skipping cnn debate c n donald presidentialelection	#CNN #Republicans #DonaldTrump #Presidentialelection
2024-10-24 21:52:36	opinion im nonmaga conservative sanctimonious liberals make want vote trump donald presidentialelection	#DonaldTrump #Presidentialelection
2024-10-24 21:52:48	exchrysler ceo slams bidenharris admin another deceptively correct comment evs electricvehicle electriccar presidentialelection	#Electricvehicle #Electriccar #Presidentialelection
2024-10-24 22:01:01	week swarfblog elections dont interest celebrities surrounding nations politics lloyd discusses impact billionaires taylor swift elon musk read blog presidentialelection business	#elections #politics #presidentialelection #business
2024-10-24 22:01:06	presidential election quickly approaching voters seemed mixed candidate may best support us agricultural interests home abroad presidentialelection agriculture trade	#presidentialelection #agriculture #trade
2024-10-24 22:06:40	watch live trump holds rally swing state arizona donald housing presidentialelection	#DonaldTrump #Arizona #Housing #Presidentialelection
2024-10-24 22:16:41	trump presidentialelection rfkjr fox news maga conservative republican election	#trump #trump2024 #Presidentialelection #rfkjr2024 #rfkjr #FoxNews #maga #conservative #republican #election
2024-10-24 22:27:35	russian smear tim walz hits internet ahead us election russia donald trump intelligenceagency presidentialelection	#Russia #DonaldTrump #Intelligenceagency #Presidentialelection
2024-10-24 22:27:43	deal devil trumps disturbing plans said threaten daytoday life donald trump republicans impeachment presidentialelection	#DonaldTrump #Republicans #Impeachment #Presidentialelection
2024-10-24 22:29:01	im hoping character still matters world honesty humility humbleness empathy fake kind actually caring others wanting right thing needs take front seat fear hatred pocketbook presidentialelection	#character #Presidentialelection
2024-10-24 22:30:09	doctors say trump unstable serve open letter connected george conways pac donald presidentialelection	#DonaldTrump #Presidentialelection
2024-10-24 22:32:37	oooohhh presidentialelection	#Presidentialelection
2024-10-24 22:40:16	nobel economic experts say harris plan vastly superior trumps donald trump economics useconomy presidentialelection	#DonaldTrump #Economics #U #Presidentialelection
2024-10-24 22:43:49	stolen election millions trump voters seem believe one biggest lies donald voterfraud north carolina joe biden presidentialelection	#DonaldTrump #Voterfraud #NorthCarolina #JoeBiden #Presidentialelection
2024-10-24 22:45:40	trump infested maga two thirds texas voters confident us presidential election conducted fairly voterregistration presidentialelection voterfraud republicans democrats	#Voterregistration #Presidentialelection #Voterfraud #Republicans #Democrats
2024-10-24 22:46:20	doctors say trump unstable serve open letter connected george conways pac presidentialelection	#Presidentialelection
2024-10-24 22:50:00	u polocongress news presidential election h r spreads f k e n w amp donald pcould pollitically liable ps attemptsb ns c l lier vp kamala compared p	#USA #News #PresidentialElection #HARRIS #FAKENEWS #HATRED #DonaldTRUMP #TRUMP #ASSESSINATION #BIDEN #COMMUNIST #SOCIALIST #FASCIST #KamalaHARRIS #TRUMP #HITLER
2024-10-24 22:55:33	us presidential election briefing early voting records smashed trump urges republicans head polls donald presidentialelection nationalpolls	#DonaldTrump #Republicans #Presidentialelection #Nationalpolls
2024-10-24 22:56:52	tell seen kamala donald trump presidentialelection election vote j vance r f k jr tim walz	#kamala #DonaldTrump #Presidentialelection #election #vote #JDVance #RFKJr #TimWalz
2024-10-24 22:59:07	whale placing huge bets trump win french national extensive trading experience donald presidentialelection	#DonaldTrump #Presidentialelection
2024-10-24 22:59:44	harris obama campaign together st time starstudded georgia rally michelle tyler perry presidentialelection	#MichelleObama #Georgia #TylerPerry #Presidentialelection
2024-10-24 23:02:16	nobel economic experts say harris plan vastly superior trumps economics presidentialelection	#Economics #Presidentialelection
2024-10-24 23:03:05	video trump encouraging republicans vote early morning america donald democrats georgia presidentialelection	#Republicans #DonaldTrump #Democrats #Georgia #Presidentialelection
2024-10-24 23:03:06	donald trump might track landslide victory wisconsin north carolina georgia presidentialelection	#Trump #LandslideVictory #DonaldTrump #Wisconsin #NorthCarolina #Georgia #Presidentialelection
2024-10-24 23:07:35	republican election official crucial georgia appeals order saying must certify results republicans presidentialelection voterfraud	#Georgia #Republicans #Presidentialelection #Voterfraud
2024-10-24 23:08:23	rare move pentagon denies falsehood troops allowed use force election presidentialelection protesters	#ThePentagon #DOD #Presidentialelection
2024-10-24 23:12:29	cant stop bill clinton calls maga firebreather kari lake physically attractive campaigning opponent presidentialelection	#Presidentialelection
2024-10-24 23:22:12	u e news presidential election us attorney gen g r l n propagandist john creates misinformation amp deep fakes c leftist vp kamala h works dictator p communist russian intel	#USA #EU #News #PresidentialElection #GARLAND #Propagandist #johnDOUGAN #Misinformation #DeepFakes #DEMOCRATS #KamalaHARRIS #PUTIN #Communist #RUSSIA #Russian #GRU #Intel
2024-10-24 23:22:30	carville msnbc host paddy wagon comes going back trump wins donald n b c presidentialelection	#DonaldTrump #MSNBC #Presidentialelection
2024-10-24 23:23:31	translation know going wipe still pretend close presidential race cnn polling guru says battleground state sweep likely c n presidentialelection	#CNN #Presidentialelection
2024-10-24 23:32:23	tim walzs son receives huge cheer votes first time us election presidentialelection	#Presidentialelection
2024-10-24 23:33:25	hell guy trump tattoo says hes voting harris donald tattooartist presidentialelection	#DonaldTrump #Tattoo #Tattooartist #Presidentialelection
2024-10-24 23:34:17	trump takes point lead harris nationally poll kamala n e donald presidentialelection	#KamalaIsDONE #DonaldTrump #Presidentialelection
2024-10-24 23:37:32	stolen election millions trump voters seem believe one biggest lies voterfraud north carolina joe biden presidentialelection	#Voterfraud #NorthCarolina #JoeBiden #Presidentialelection
2024-10-24 23:38:37	way go former first daughter says shes republican still voting kamala harris republicans donald trump dick cheney presidentialelection	#Republicans #KamalaHarris #DonaldTrump #DickCheney #Presidentialelection
2024-10-25 00:26:13	jesse watters democrats yanked kamala harris campaign trail donald trump presidentialelection	#KamalaHarris #Democrats #DonaldTrump #Presidentialelection
2024-10-25 00:26:24	day go voting election presidentialelection kamala harris donald trump	#Election2024 #Presidentialelection #KamalaHarris #DonaldTrump
2024-10-25 00:29:30	former romney adviser harris win fairly comfortably mitt presidentialelection	#MittRomney #Presidentialelection
2024-10-25 00:39:57	presidential election donald trump may imperfect man courage perfect person lead america democrats tried assassinate twice know ordinary americans like cheat	#PresidentialElection
2024-10-25 00:54:59	video federal cybersecurity agency details threats election presidentialelection infrastructuresecurity voterfraud	#Presidentialelection #Infrastructuresecurity #Voterfraud
2024-10-25 00:57:43	boooooorobert kennedy jr dr phil mcgraw campaign donald trump lancaster county wisconsin legislature presidentialelection	#DonaldTrump #Wisconsin #Legislature #Presidentialelection
2024-10-25 00:59:52	one left actually knows woman bill clinton calls kari lake physically attractive stumping gallego illegalimmigration presidentialelection	#Illegalimmigration #Presidentialelection
2024-10-25 01:07:42	trump leads harris wsj poll finds donald kamala presidentialelection	#DonaldTrump #KamalaHarris #Presidentialelection
2024-10-25 01:08:26	new poll shows trump inching past harris less two weeks election day donald electionday kamala presidentialelection	#DonaldTrump #Electionday #KamalaHarris #Presidentialelection
2024-10-25 01:08:38	realdonaldtrump truly horrible person watch trump holds rally swing state arizona donald presidentialelection	#DonaldTrump #Arizona #Presidentialelection
2024-10-25 01:09:48	ramaswamy trump would win decisively election tomorrow donald presidentialelection	#DonaldTrump #Presidentialelection
2024-10-25 01:15:07	trump tops harris points florida poll donald democrats presidentialelection	#DonaldTrump #Democrats #Presidentialelection
2024-10-25 01:16:29	trump takes point lead harris nationally poll donald presidentialelection	#DonaldTrump #Presidentialelection
2024-10-25 01:22:14	nostradamus pollster reveals latest prediction hes never much hate election presidentialelection donald trump	#Presidentialelection #DonaldTrump
2024-10-25 01:23:53	house gop committee oversees elections hired two former trump officials involved fake elector scheme donald electionlaw presidentialelection voterfraud	#DonaldTrump #Electionlaw #Presidentialelection #Voterfraud
2024-10-25 01:33:24	hes mentally ill ny laughs ahead trumps madison square garden rally donald trump chelsea new york knicks presidentialelection	#DonaldTrump #Chelsea #NewYorkKnicks #Presidentialelection
2024-10-25 01:35:34	conservative billionaires dumping millions groups pushing election fraud conspiracies voterfraud washingtondc presidentialelection donald trump	#Voterfraud #Washington #Billionaires #Presidentialelection #DonaldTrump
2024-10-25 01:36:08	uaw members support harris trump points swing states poll donald wisconsin presidentialelection	#DonaldTrump #Wisconsin #Presidentialelection
2024-10-25 01:37:19	exwhite house chief staff sees fascist traits trump claims made positive comments hitler donald adolf presidentialelection	#DonaldTrump #AdolfHitler #Presidentialelection
2024-10-25 01:37:58	joy campaign donald trump democrats presidentialelection north carolina voterfraud pay bills	#DonaldTrump #Democrats #Presidentialelection #NorthCarolina #Voterfraud
2024-10-25 01:39:17	anderson cooper pinpoints shocking reality new trumphitler report donald trump adolf hitler c n presidentialelection	#DonaldTrump #AdolfHitler #CNN #Presidentialelection
2024-10-25 01:45:03	vice president harris reportedly give closing argument next week national mall dc joe biden fox news presidentialelection useless	#JoeBiden #FoxNews #Presidentialelection
2024-10-25 01:47:50	trump campaign files complaint harris uk labour party alleged illegal foreign contributions donald jtrump electionlaw presidentialelection	#DonaldJ #DonaldTrump #Electionlaw #Presidentialelection
2024-10-25 01:49:17	seth meyers trump ridiculous buffoon incredibly dangerous menace donald presidentialelection	#DonaldTrump #Presidentialelection
2024-10-25 01:49:26	presidential historian warns voters postelection trump sleep eye open donald joe biden presidentialelection	#DonaldTrump #JoeBiden #Presidentialelection
2024-10-25 01:51:29	jd vance proving asset trump campaign media appearances something harris completely avoiding donald housingprices presidentialelection	#DonaldTrump #Housingprices #Presidentialelection
2024-10-25 02:01:09	video harris asked thinks trump fascist yes donald c n kamala presidentialelection	#DonaldTrump #CNN #KamalaHarris #Presidentialelection
2024-10-25 02:03:22	quarter young black men say vote trump survey donald nine percent republicans racialinjustice presidentialelection	#DonaldTrump #NinePercent #Republicans #Racialinjustice #Presidentialelection
2024-10-25 02:06:10	spike lee tells black trump voters get minds straight brothers drinking kool aid donald presidentialelection	#DonaldTrump #Presidentialelection
2024-10-25 02:06:19	foxs greg gutfeld declares race already floating rigged election mike pence fox news congress presidentialelection	#MikePence #FoxNews #Congress #Presidentialelection
2024-10-25 02:06:51	new poll showing trump ahead arab americans spells trouble harris key states like michigan donald nine percent presidentialelection	#DonaldTrump #NinePercent #Presidentialelection
2024-10-25 02:36:34	realdonaldtrump ivankatrump lasvegas nevada u democracy presidentialelection	#lasvegas #nevada #USDemocracy #Presidentialelection
2024-10-25 02:39:14	video former president bill clinton looks keep arizona blue rally presidentialelection	#Arizona #Presidentialelection
2024-10-25 02:42:14	video liberal media wont tell barack obama conservativemedia presidentofthe united states presidentialelection	#BarackObama #Conservativemedia #PresidentoftheUnitedStates #Presidentialelection
2024-10-25 02:42:21	mayor key gop stronghold wisconsin endorses kamala harris im terrified donald trump becoming president presidentialelection	#DonaldTrump #Wisconsin #KamalaHarris #Presidentialelection
2024-10-25 02:44:02	think kamala harris would better polls wasnt typical politician election presidentialelection harrisvstrump politicians politics	#KamalaHarris #TypicalPolitician #election2024 #Presidentialelection #harrisvstrump #politicians #politics
2024-10-25 02:49:35	harris vs trump pulls ahead latest presidential poll donald wisconsin nine percent collegeeducation presidentialelection	#DonaldTrump #Wisconsin #NinePercent #Collegeeducation #Presidentialelection
2024-10-25 02:50:18	cnn polling guru says battleground state sweep likely c n presidentialelection	#CNN #Presidentialelection
2024-10-25 02:51:03	good run presidential election polls far momentum much trumps favor	#PresidentialElection #Polls #Trump
2024-10-25 02:51:29	joy election nears kamala harris tone goes dark donald trump presidentialelection	#KamalaHarris #DonaldTrump #Presidentialelection
2024-10-25 03:01:09	pushpa rule sound pradax win gistlover prada prabhas amaran trump vance j kamla harris presidentialelection bbcqt gran hermano c h v trending timraik	#Pushpa2TheRule #SoundOfPradaxWin #gistlover #Prada #Prabhas #Amaran #Pushpa2 #TrumpVance2024 #Trump #JDVance #KamlaHarris #Presidentialelection #bbcqt #GranHermanoCHV #Trending #timraik
2024-10-25 03:03:02	doctors say trump unstable serve open letter connected george conways pac sic dumbass dufus donnie obviously idiotic nimrods followers share sickness donald presidentialelection	#DonaldTrump #Presidentialelection
2024-10-25 03:05:20	trump phones vance town hall ask brilliant donald j jtrump presidentialelection	#DonaldJ #DonaldTrump #Presidentialelection
2024-10-25 03:06:14	get vote november th presidentialelection election day	#Presidentialelection #ElectionDay
2024-10-25 03:09:49	gross donald trump fascist fit office presidential election g cult insanity morons weird groomers	#DonaldTrumpIsAFascist #DonaldTrump2024 #DonaldTrumpIsNotFitForOffice #PresidentialElection #MAGA #MAGACult #MAGAInsanity #MAGACultMorons #MAGAIsWeird #Groomers
2024-10-25 03:13:35	wow kamala poked bear language harris presidentialelection	#KamalaHarris2024 #KamalaHarris #Presidentialelection
2024-10-25 03:30:00	presidential election leads big turnaround public views sri lankas direction island islandnewspaper presidentialelection institutefor health policy	#TheIsland #TheIslandnewspaper #Presidentialelection #InstituteforHealthPolicy
2024-10-25 03:46:57	pushed city near immigrant work hhs dept homeland full force capabilities rare move pentagon denies falsehood troops allowed use election presidentialelection	#ThePentagon #DOD #Presidentialelection
2024-10-25 04:00:23	global markets monitor u presidential election potential policy impacts trade investment stability southeast asia particularly sensitive due ties f gain insights	#GlobalMarkets #US #PresidentialElection #SoutheastAsia #TradeTies #FDI
2024-10-25 04:01:43	harris campaign silent allegations emhoff hit former girlfriend kamala presidentialelection	#KamalaHarris #Presidentialelection
2024-10-25 04:01:51	key health care program line get hammered trump wins donald federalbudget congress senate presidentialelection	#DonaldTrump #Federalbudget #Congress #Senate #Presidentialelection
2024-10-25 04:22:01	tim walz bashes elon musks million giveaway calling tactic get voters donald trump musk presidentialelection	#ElonMusk #DonaldTrump #Presidentialelection
2024-10-25 04:49:24	ahead harris vs trump presidential polls right election	#Harris #Trump #Presidential #PresidentialElection
2024-10-25 04:49:47	video vp kamala harris former president donald trump texas friday senate presidentialelection	#DonaldTrump #KamalaHarris #Senate #Presidentialelection
2024-10-25 05:03:22	know aretha franklin said better think presidentialelection	#Presidentialelection
2024-10-25 05:08:26	presidentialelection	#Presidentialelection
2024-10-25 05:10:00	news international american presidentialelection donald trump	#news #international #american #Presidentialelection #DonaldTrump
2024-10-25 05:37:04	bill gates quietly donated million back kamala harrisand comes trump appears catching polls donald harris philanthropy presidentialelection	#BillGates #DonaldTrump #KamalaHarris #Philanthropy #Presidentialelection
2024-10-25 05:46:18	ahhh dark joy election nears kamala harriss tone goes harris donald trump presidentialelection	#KamalaHarris #DonaldTrump #Presidentialelection
2024-10-25 05:54:52	presidentialelection already	#Presidentialelection
2024-10-25 08:06:11	donald trump taken largest lead betting sites far presidential race days election presidenttrump president donaldtrump kamalaharris kamala harris presidentialelection	#trump #trump2024 #trump2020 #presidenttrump #president #donaldtrump #kamalaharris #kamala #harris #presidentialelection
2024-10-25 08:20:33	u donald trump kamala harris presidential election sandesh news	#USA #DonaldTrump #KamalaHarris #PresidentialElection #SandeshNews
2024-10-25 08:30:26	virtually nothing correct factchecker left stunned trump swing state attack ad donald presidentialelection	#DonaldTrump #Presidentialelection
2024-10-25 08:42:04	stuart varney biden embarrassment harris campaign joe presidentialelection	#JoeBiden #Presidentialelection
2024-10-25 08:49:00	rt numbercat presidentialelection	#Presidentialelection
2024-10-25 08:53:44	b r e k n g theyll idf say didnt kill sand breaking news bad presidential debate presidentialelection kamala harris trump	#BREAKING #BreakingNews #BreakingBad #BreakingNow #PresidentialDebate2024 #Presidentialelection #KamalaHarris #Trump2024
2024-10-25 08:55:28	el ltimo agregador de encuestas da ayer en los estados clave se comprende nerviosismo democratas trump favorito alza presidentialelection	#Trump #Presidentialelection
2024-10-25 09:00:41	really trying kill man rhetoric arent realdonaldtrump kamalaharris presidentialelection	#Presidentialelection
2024-10-25 09:12:04	keitholbermann truly trash representing democracy complete opposite like rest democrats walks earth presidentialelection u trump harris walz	#Presidentialelection #USDemocracy #Trump2024 #HarrisWalz
2024-10-25 09:17:17	opinion im nonmaga conservative sanctimonious liberals make want vote trump donald presidentialelection youve evidently missed everything republicans win election elon gop hes felon	#DonaldTrump #Presidentialelection
2024-10-25 09:23:47	elon musk presidential election u democrats vote	#ElonMusk #PresidentialElection #USDemocrats #Vote
2024-10-25 09:29:05	charlamagne tha god anderson cooper get cnn coverage donald trump kamala harris charlamagnethagod c n presidentialelection video viral interview andersoncooper cthagod	#AndersonCooper #charlamagnethagod #CNN #Presidentialelection #KamalaHarris #DonaldTrump #VideoViral #interview
2024-10-25 09:31:16	lka sri lanka news presidential election ecsrilanka	#lka #SriLanka #News #PresidentialElection
2024-10-25 09:32:40	although cryptocurrency holding strong feels like significant moves waiting presidentialelection uk citizens well feel tension air election certainly precipice something bigger us	#cryptocurrency #Presidentialelection #election
2024-10-25 09:34:51	dont focus polls presidentialelection november overrated know mister realdonaldtrump winning kamalaharris swing states keep vote right candidate supports needs u elections	#polls #Presidentialelection #november #USA #USAElections
2024-10-25 09:40:59	presidential election u donald trump molestation	#PresidentialElection #USPresidentialElection #DonaldTrump #Molestation
2024-10-25 09:46:01	chimamanda writes us uk leaders slams congratulating presidentelect bola ahmed tinubu nigeria presidential election adichie	#Nigeria #PresidentialElection #ChimamandaAdichie
2024-10-25 09:52:23	hillbilly ready prime time awkward reporter asks jd vance criticism chinese company paid trump campaign managers firm donald presidentialelection	#DonaldTrump #Presidentialelection
2024-10-25 10:00:01	ec displays expense reports presidential candidates island islandnewspaper election commissionof sri lanka presidentialelection	#TheIsland #TheIslandnewspaper #ElectionCommissionofSriLanka #presidentialelection #PresidentialCandidates
2024-10-25 10:17:47	one saw video screaming hillary clinton says trump unhinged unstable donald c n f b presidentialelection	#HillaryClinton #DonaldTrump #CNN #FBI #Presidentialelection
2024-10-25 10:30:48	yeaturn page obama harris biden hell yea americas ready turn former president barack rallies supporters america wisconsin detroit presidentialelection	#BarackObama #America #Wisconsin #Detroit #Presidentialelection
2024-10-25 10:41:21	mel gibson gives kamala harris scathing assessment shes got iq fence post presidentialelection	#MelGibson #KamalaHarris #Presidentialelection
2024-10-25 10:54:44	want understand realdonaldtrump trade policy mustread global south must brace serious war two economic giants presidentialelection	#Presidentialelection
2024-10-25 11:10:00	ec reveals candidates expenditure presidential election read lka slnews news adaderana srilankanews srilanka	#PresidentialElection #election #election2024 #lka #slnews #news #adaderana #srilankanews #srilanka
2024-10-25 11:14:10	happy jojofromjerz mmpadellan joy election nears kamala harris tone goes dark donald trump presidentialelection	#KamalaHarris #DonaldTrump #Presidentialelection
2024-10-25 11:17:43	leaked deposition shows trump ally admitting major part voter fraud theory bunk donald voterfraud dominion voting systems presidentialelection	#DonaldTrump #Voterfraud #DominionVotingSystems #Presidentialelection
2024-10-25 11:26:38	jesse watters democrats yanked kamala harris campaign trail donald trump presidentialelection jessebwatters complete fking mrn	#KamalaHarris #Democrats #DonaldTrump #Presidentialelection
2024-10-25 11:32:04	rare move pentagon denies falsehood troops allowed use force election presidentialelection	#ThePentagon #DOD #Presidentialelection
2024-10-25 11:37:29	thats real problem experts expose potentially serious issue polling data presidentialelection	#Presidentialelection
2024-10-25 11:40:03	higher prices larger deficits nobel prizewinning economists slam trump agenda endorse harris donald taxdeduction taxcredit presidentialelection incometax	#DonaldTrump #Taxdeduction #Taxcredit #Presidentialelection #Incometax
2024-10-25 12:00:59	kamalaharris kamalahq vp kamala harris mel gibson gives scathing assessment shes got iq fence post presidentialelection	#KamalaHarris #KamalaHarris2024 #MelGibson #KamalaHarris #Presidentialelection
2024-10-25 12:02:10	daily headlines presidential election quickly approaching voters seemed mixed candidate may best support us agricultural interests home abroad presidentialelection agriculture trade	#presidentialelection #agriculture #trade
2024-10-25 12:18:36	anyone unhinged pyscho bitch listen hate filled rhetoric hillary clinton says trump unstable donald c n f b presidentialelection	#HillaryClinton #DonaldTrump #CNN #FBI #Presidentialelection
2024-10-25 12:24:59	different bidens student loan payoff give aways musks protrump pac continues million voter giveaways despite reported doj warning elon musk j donald trump presidentialelection	#ElonMusk #DOJ #DonaldTrump #Presidentialelection
2024-10-25 12:59:49	video trump leads harris percent pennsylvania donald presidentialelection	#DonaldTrump #Presidentialelection
2024-10-25 13:06:32	easy peoples say times difficult presidentialelection	#Presidentialelection
2024-10-25 13:10:26	people cant believe trump phoned jd vances town hall asked question donald jtrump journalism presidentialelection	#DonaldTrump #DonaldJ #Journalism #Presidentialelection
2024-10-25 13:10:32	nate silver predicts close race gut tells trump win donald democrats presidentialelection	#DonaldTrump #Democrats #Presidentialelection
2024-10-25 13:10:40	arab americans slightly favor trump harris says new poll donald hamas presidentialelection	#DonaldTrump #Hamas #Presidentialelection
2024-10-25 13:11:06	wall street already priced trump victoryjust look european stocks inflation market donald europe stock presidentialelection	#DonaldTrump #Inflation #Europe #Stock #Presidentialelection
2024-10-25 13:12:32	video new poll released wall street journal shows former president trump taken narrow lead donald arizona presidentialelection	#DonaldTrump #Arizona #TheWall #Presidentialelection
2024-10-25 13:53:42	election interference supreme court justices job speaker johnson fuvking mitch mcconnell fucking jobs labour party staff assist vice president harris us swing states hillary clinton presidentialelection u k	#HillaryClinton #Presidentialelection #UK
2024-10-25 13:55:58	yesterday part ongoing us presidential election insights series engaged discussions clients leaders washington dc cohosted roundtable semafor postelection scenarios held annual reception speakerryan weadvisors	#PresidentialElection
2024-10-25 14:01:53	mel gibson backs trump president says harris iq fence post donald wrestling c n presidentialelection	#MelGibson #DonaldTrump #Wrestling #CNN #Presidentialelection
2024-10-25 14:03:04	rdv h leurope atelle intrt la victoire de trump qlafay recevra ce soir justinvaisse et guettaen pour dbattre des consquences en europe dune rpublicaine aux lections amricaines u presidentialelection	#USA #Presidentialelection
2024-10-25 14:05:39	kamala harris rules using military force venezuelas maduro elected president presidentialelection	#KamalaHarris #Presidentialelection
2024-10-25 14:07:24	days election day vote republican save republic dolleymadisonproject earlyvoting presidentialelection uspolitics republicanparty gop electionday votedownballot u	#dolleymadisonproject #earlyvoting #vote #presidentialelection #election #election2024 #uspolitics #republican #republicanparty #gop #electionday #electionday2024 #votedownballot #USA
2024-10-25 14:09:24	bruce springsteen says donald trump running american tyrant c n presidentialelection	#DonaldTrump #BruceSpringsteen #CNN #Presidentialelection
2024-10-25 14:12:36	harris walz trumpvance choice u election presidentialelection yes	#USElection2024 #Presidentialelection #USA #YesSheCan
2024-10-25 14:12:37	harriswalz trumpvance choice u election presidentialelection yes	#USElection2024 #Presidentialelection #USA #YesSheCan
2024-10-25 14:13:11	hillary clinton says trump unhinged unstable donald c n f b presidentialelection	#HillaryClinton #DonaldTrump #CNN #FBI #Presidentialelection
2024-10-25 14:14:00	obama calls bs reason voting trump dont give credit donald barack presidentialelection pls rt must hear	#DonaldTrump #BarackObama #Presidentialelection
2024-10-25 14:15:52	one major thing ive noticed trump supporters hate pple research alternative facts mean gets blood boiling presidentialelection	#Presidentialelection
2024-10-25 14:16:28	two white house aides jump harris transition joe biden presidentialelection	#WhiteHouse #JoeBiden #Presidentialelection
2024-10-25 14:18:47	video hillary clinton claims donald trump going madison square garden nyc weekend reenact nzi rally msgclinton thinks support presidentialelection	#HillaryClinton #DonaldTrump #Presidentialelection
2024-10-25 14:19:36	days left us presidential election revisiting asiasocietyny program p journalists discussed significance asian american vote alivelshi msnbc dives complexities voting patterns catch full	#PresidentialElection #AAPI #AsianAmerican
2024-10-25 14:20:20	bruce springsteen calls trump american tyrant serenades crowd harris rally donald presidentialelection	#BruceSpringsteen #DonaldTrump #Presidentialelection
2024-10-25 14:22:14	want improve candidate quality political discourse america improvements lets start politics presidentialelection	#politics #America #Presidentialelection
2024-10-25 14:25:31	video harris holds starstudded rally georgia trump spotlights immigration nevada arizona donald bruce springsteen presidentialelection	#DonaldTrump #Georgia #Arizona #BruceSpringsteen #Presidentialelection
2024-10-25 14:25:38	know gsa plays role pre post presidential election process latest blog cover provides services facilities support eligible candidates president elect presidentialelection	#gsa #presidentialelection
2024-10-25 14:27:19	michael moore correctly called election result says trump toast donald presidentialelection wisconsin	#DonaldTrump #Presidentialelection #Wisconsin
2024-10-25 14:27:45	ysterografa trump kamala harris presidentialelection america decides kamalaharris timwalz barackobama usembassyathens usambassadorgr bastal	#Ysterografa #Υστερογραφα #Τραμπ #Καμαλα_Χαρις #Trump2024 #KamalaHarris2024 #Presidentialelection #AmericaDecides
2024-10-25 14:28:40	one said election stop adding false context rare move pentagon denies falsehood troops allowed use force presidentialelection	#ThePentagon #DOD #Presidentialelection
2024-10-25 14:29:43	x j u p r e n l c top locations visits uniques visit votes votescast cpunted depthvisitsuniques last	#AXJ #US #USA #PRESIDENTIALELECTION #Votes #Votescast #VotesCpunted
2024-10-25 14:30:22	blow trump billionaire donor jumps ship significant harris donation donald kamala joe biden presidentialelection	#DonaldTrump #KamalaHarris #JoeBiden #Presidentialelection
2024-10-25 14:30:30	hillary clinton says trump msg rally reenact nazi event donald n p presidentialelection	#HillaryClinton #DonaldTrump #NYPD #Presidentialelection
2024-10-25 14:33:50	courtesey donaldtrump said imitating cene painting opening ceremony paris olympic games quote awful presidentialelection harris walz trump	#Paris2024 #Presidentialelection #HarrisWalz2024 #Trump2024
2024-10-25 14:35:00	wtf uks labour party staff assist vice president harris us swing states hillary clinton presidentialelection u k	#HillaryClinton #Presidentialelection #UK
2024-10-25 14:36:34	oh ffs people cant believe trump phoned jd vances town hall asked question donald jtrump journalism presidentialelection	#DonaldTrump #DonaldJ #Journalism #Presidentialelection
2024-10-25 14:38:38	get vote vickie conklin titusville mayor nathan slusher county commission seat election mayoral race presidentialelection democrats liberterian u florida	#Titusville #Election2024 #MayoralRace2024 #CountyCommissionRace2024 #Presidentialelection #Democrats #Liberterian #USA #Florida
2024-10-25 14:43:54	opinion voters really want another four years bidenharris policies iran priceindex barack obama presidentialelection	#Iran #Priceindex #BarackObama #Presidentialelection
2024-10-25 14:44:00	carville lists reasons thinks harris win republicans midtermelection presidentialelection	#Republicans #Midtermelection #Presidentialelection
2024-10-25 14:44:17	hard vote barack obama appeals young voters nba podcast presidentialelection basketball	#BarackObama #Presidentialelection #Basketball
2024-10-25 14:59:01	c nservative ngregations across washington may see something new churches ballot collection box repuglicans called election cheating theyre presidential donald trump voter fraud	#CONservativeCONgregations #BallotCollectionBox #Repuglicans #ElectionCheatingIn2020 #Repuglicans #PresidentialElection #DonaldTrump #VoterFraud
2024-10-25 14:59:31	prediction trump get least electoral votes harris lose badly election walz presidentialelection	#election #Trump2024 #HarrisWalz2024 #Presidentialelection
2024-10-25 15:05:25	world get idd buy alcoholnicotine vote seems fucked also fact isnt software place sign using social security number see logged presidentialelection	#Presidentialelection
2024-10-25 15:15:38	team trump dana white musk kid rock rogan rfk jr vs harris cuban gates beyonc eminem de niro side align presidentialelection	#Presidentialelection
2024-10-25 15:17:29	theyre part establishment former first son says republican dad wouldve voted trump sister proudly endorses harris donald republicans f b presidentialelection	#DonaldTrump #Republicans #FBI #Presidentialelection
2024-10-25 15:18:05	perch alle presidenziali u voter per una imprenditrice del new jersey ed critica darte newyorkese spiegano la loro scelta prossime elezioni statunitensi presidential election	#USA #PresidentialElection #Election
2024-10-25 15:21:47	republican election interference arizona ballots damaged usps collection box set ablaze democratleaning county report realdonaldtrump donaldjtrumpjr erictrump presidentialelection trump g gop republicans conservative	#Republican #Presidentialelection #trump #MAGA #Trump2024 #Republicans #conservative #Arizona
2024-10-25 15:30:42	hell opinion voters really want another four years bidenharris policies iran priceindex barack obama presidentialelection	#Iran #Priceindex #BarackObama #Presidentialelection
2024-10-25 15:32:58	crazy democrats would rather lose election enforce immigration laws guess got heads since trumps big issue limiting show trump theyd favor unlimited presidentialelection	#Presidentialelection
2024-10-25 15:34:27	macfarlanenews donald trump might track landslide victory source mediaite wisconsin north carolina georgia presidentialelection newsbreak	#DonaldTrump #Wisconsin #NorthCarolina #Georgia #Presidentialelection #newsbreak
2024-10-25 15:40:04	sad amp dangerous wthe u k would one longest dependable allies involved presidential election vote trump vance save america	#Dangerous #UK #Allies #PresidentialElection #VoteTrumpVance2024ToSaveAmerica
2024-10-25 15:44:31	voters taken part early voting electionday republicans democrats presidentialelection	#Electionday #Republicans #Democrats #Presidentialelection
2024-10-25 15:45:19	presidential election approaching time refine investment strategy join amp wall streets top strategists moneyshow masters symposium discuss actionable strategies portfolio register	#PresidentialElection #refine #MastersSymposium
2024-10-25 15:48:22	stevie wonder expertly calls donald trump insulting detroit presidentialelection	#DonaldTrump #Detroit #Presidentialelection
2024-10-25 15:49:46	anderson andy cohen gay mafia need check look kathygriffin misunderstand job cnns cooper pushes back criticism harris supporters town hall c n b presidentialelection	#CNN #MSNBC #Presidentialelection
2024-10-25 15:57:07	days campaigning unsolicited texts ads yes lies deceit get one want voted ovuh world wont come end choice doesnt win believe cause rejoice presidentialelection	#Presidentialelection
2024-10-25 16:00:45	foxs greg gutfeld declares race already floating rigged election mike pence fox news congress presidentialelection fuck n c h r	#MikePence #FoxNews #Congress #Presidentialelection #FuckFoxNewsAndFuckFoxANCHORS
2024-10-25 16:03:11	considering already two assassination attempts donald trumps life harris really careful avoid incendiary violent rhetoric u elections presidentialelection politics cdnpoli	#USElections #Presidentialelection #USPolitics #cdnpoli
2024-10-25 16:06:15	washington post announces decision abstain endorsing presidential candidate election opting remain neutral editorial stance n q	#WashingtonPost #PresidentialElection #NASDAQ100
2024-10-25 16:08:03	man running president free world trump vance presidentialelection	#TrumpVance2024 #Presidentialelection
2024-10-25 16:11:43	melgibsonnew g mel gibson gives kamala harris scathing assessment shes got iq fence post presidentialelection	#MAGA2024 #MelGibson #KamalaHarris #Presidentialelection
2024-10-25 16:15:19	fox news poll voters choice flipped arizona since last month presidentialelection	#FoxNews #Arizona #Presidentialelection
2024-10-25 16:16:48	republicans using culture wars usual pushing fake narrative masculinity conservative males visited jd vances hometown heres learned young male voters donald trump presidentialelection	#DonaldTrump #Republicans #Presidentialelection
2024-10-25 16:28:39	trump made menacing election threat vp debate donald presidentialelection wisconsin republicans keep questioning hes narcissist losing isnt part vocabulary even use force lie	#DonaldTrump #Presidentialelection #Wisconsin #Republicans
2024-10-25 16:28:40	fight stone says trump use armed guards dispute election donald presidentialelection	#DonaldTrump #Presidentialelection
2024-10-25 16:28:40	donald trump uses full metal jacket clips portray ideal military presidentialelection	#DonaldTrump #Presidentialelection
2024-10-25 16:28:41	fact check vance falsely claims trump go political opponents president donald f b hillary clinton joe biden presidentialelection	#DonaldTrump #FBI #HillaryClinton #JoeBiden #Presidentialelection
2024-10-25 16:29:17	video analysis reacting cnns exclusive interview democratic presidential nominee kamala harris tiktok page c n tik tok presidentialelection	#CNN #KamalaHarris #TikTok #Presidentialelection
2024-10-25 16:32:33	politlcsglobal intent rigging presidential election would entire client media base worldwide promote narrative despite anecdotal polling evidence candidate heading victory might worth tenner	#PresidentialElection
2024-10-25 16:35:22	post owner jeff bezos amazon founder one worlds richest people major contracts federal government business operations washingtonpost presidentialelection	#Presidentialelection
2024-10-25 16:39:27	thoughts presidentialelection	#Presidentialelection
2024-10-25 16:40:18	look stock market week presidential election cnbc click subscribe c n b google news coverage	#StockMarket #PresidentialElection #CNBC #GoogleNews #NewsCoverage
2024-10-25 17:07:19	washingtonpost decision endorse presidential candidate first time decades based washington post election journalism censorship fascism	#WashingtonPost #Election2024 #PresidentialElection #Journalism #Censorship #Fascism
2024-10-25 17:12:02	hillary clinton says trumps msg rally reenact nazi event donald trump n p presidentialelection	#HillaryClinton #DonaldTrump #NYPD #Presidentialelection
2024-10-25 17:13:25	presidential election poll hope really close half country would angry lost	#PresidentialElection
2024-10-25 17:18:31	trump declares harris campaign imploding las vegas rally top headlines donald ussupremecourt kamala presidentialelection	#DonaldTrump #U #LasVegas #KamalaHarris #Presidentialelection
2024-10-25 17:23:58	christians vote president donald trump economy border pro life prayer candidatechurches trying hard enough elect says conservative wichita radio host opinion presidentialelection religion	#DonaldTrump #Presidentialelection #Religion
2024-10-25 17:27:05	gop candidate flees asked autograph tweet wrote calling obama killed presidentialelection	#Presidentialelection
2024-10-25 17:31:43	elonmusk realdonaldtrump im always confused writing obvious lies ruin anothers reputation libel slander seems tweet falls category presidentialelection	#Presidentialelection
2024-10-25 17:34:14	jd vance stoops whole new low swing state rallies arizona presidentialelection	#Arizona #Presidentialelection
2024-10-25 17:34:53	harris sees troubling signs latest new york timessiena poll wisconsin presidentialelection	#Wisconsin #Presidentialelection
2024-10-25 17:41:11	donald trump leads kamala harris us economy ft poll finds useconomy presidentialelection	#DonaldTrump #KamalaHarris #U #Presidentialelection
2024-10-25 17:53:52	newbostonpost endorses trump president want peace vote read full article realdonaldtrump elonmusk jdvance presidential election presidentialelection	#Peace #PresidentialElection2024 #Presidentialelection
2024-10-25 17:55:13	even cnn turned misunderstand job cnns anderson cooper pushes back criticism harris supporters town hall c n b presidentialelection	#CNN #MSNBC #Presidentialelection
2024-10-25 17:56:01	know unhinged one hillary clinton says trump unstable donald c n f b presidentialelection	#HillaryClinton #DonaldTrump #CNN #FBI #Presidentialelection
2024-10-25 17:59:47	bill clinton calls kari lake physically attractive stumping gallego illegalimmigration presidentialelection	#Illegalimmigration #Presidentialelection
2024-10-25 18:04:22	biggest fraud ever perpetrated great country radical islamic anti semitic douche obama calls bs reason voting trump dont give credit donald barack presidentialelection	#DonaldTrump #BarackObama #Presidentialelection
2024-10-25 18:05:03	conspiracy therorists bob woodward reports biden spooked donors frighteningly awful private appearances never completed sentence joe donald trump presidentialelection	#JoeBiden #DonaldTrump #Presidentialelection
2024-10-25 18:10:32	realdonaldtrump open letter american catholics presidentialelection	#catholics #2024 #presidentialelection
2024-10-25 18:10:33	open letter american c h l eve presidential election absolute obligatory must read	#CATHOLICS #PresidentialElection #MustRead
2024-10-25 18:11:30	mel gibson gives kamala harris scathing assessment shes got iq fence post presidentialelection pist vote straight red ticket save america trump rebuild	#MelGibson #KamalaHarris #Presidentialelection
2024-10-25 18:12:30	msnbc political analyst raises red flag major harris campaign misstep n b c kamala footballgames donald trump presidentialelection	#MSNBC #KamalaHarris #Footballgames #DonaldTrump #Presidentialelection
2024-10-25 18:20:20	u e news presidential election l timeswashington post c r dies darkness refuses endorse vp kamala h endorsing president first time years breaking old traditionliberals claim canceling subscriptions	#USA #EU #News #PresidentialElection #LATimes #WashingtonPost #DEMOCRACY #KamalaHARRIS #Liberals
2024-10-25 18:30:17	candidates going look trump go election presidentialelection trumpharris warts andywarthog	#Trump #election2024 #presidentialelection #trumpharris #andywarthog
2024-10-25 18:36:49	video democrat raises alarm trump campaign failure enter transition agreements donald classifiedinformation presidentialelection	#DonaldTrump #Classifiedinformation #Presidentialelection
2024-10-25 18:38:21	harris campaign silent allegations emhoff hit former girlfriend isnt feminist woman beater kamala presidentialelection	#KamalaHarris #Presidentialelection
2024-10-25 18:55:45	video obama springsteen join harris georgia rally trump spotlights immigration arizona nevada bruce donald presidentialelection	#BruceSpringsteen #DonaldTrump #Georgia #Arizona #Presidentialelection
2024-10-25 19:00:08	us presidential election four years denial arizona presidentialelection donald trump republicans democrats	#Presidentialelection #Arizona #DonaldTrump #Republicans #Democrats
2024-10-25 19:03:03	oh lord mercy us presidential election four years denial arizona presidentialelection donald trump republicans democrats	#Presidentialelection #Arizona #DonaldTrump #Republicans #Democrats
2024-10-25 19:27:02	washington post wont endorse presidential candidate first time years ny endorses trump donald election endorsement n	#DonaldTrump #PresidentialElection #Endorsement #TheWashingtonPost #NYPost
2024-10-25 19:30:00	presidentialelection race taking livestreaming kamala harris donald trump vying votes platforms like tube kickstreaming rumblevideo become key battlegrounds read full breakdown	#Presidentialelection #KamalaHarris #DonaldTrump #YouTube
2024-10-25 19:41:37	theres theory donaldtrump presidentialelection jimmycar via youtube	#donaldtrump #presidentialelection #jimmycar
2024-10-25 19:43:26	breaking news son dakika presidenta presidential election presidentialelection elections opposition governmentdecision government georgia g e r militares defensa georgie georgiavotes	#BreakingNews #SonDakika #presidenta #PresidentialElection2024 #Presidentialelection #Elections2024 #Opposition #governmentdecision #government #Georgia #GEORGE #Militares #defensa #Georgie #georgiavotes #GeorgiaElections
2024-10-25 19:49:55	decision publishers latimes amp washingtonpost make endorsements presidential election offers lessons newsrooms including papers reporters cover developments outlet even involves bosses	#PresidentialElection
2024-10-25 19:51:21	virtually nothing correct factchecker left stunned trump swing state attack ad presidentialelection	#Presidentialelection
2024-10-25 19:54:19	consistently exaggerating cnn fact checker drops hammer jd vance c n electricvehicle electriccar presidentialelection	#CNN #Electricvehicle #Electriccar #Presidentialelection
2024-10-25 20:10:25	trump family member flags best example far expresidents cognitive decline donald trumpfamily presidentialelection	#DonaldTrump #Trumpfamily #Presidentialelection
2024-10-25 20:13:26	misinformation spread online former trump admin michael flynn presidential candidate robert f kennedy jr rare move pentagon denies falsehood troops allowed use force election presidentialelection	#ThePentagon #DOD #Presidentialelection
2024-10-25 20:16:55	thrtbcdr point time genflynn ranger tab revoked way embodies creed rare move pentagon denies falsehood troops allowed use force election presidentialelection	#ThePentagon #DOD #Presidentialelection
2024-10-25 20:25:51	voted wouldnt accept id wanted name address birthday live county sister sil couldve lol voting maryland politics mdpolitics presidentialelection	#voting #maryland #politics #mdpolitics #Presidentialelection
2024-10-25 20:30:51	lady gagas father goes fox news endorse pure donald trump patriot gaga presidentialelection	#DonaldTrump #LadyGaga #FoxNews #Presidentialelection
2024-10-25 20:36:50	fence post least function perform kamala hand demonstrated attribute gop mel gibson gives harris scathing assessment shes got iq presidentialelection	#MelGibson #KamalaHarris #Presidentialelection
2024-10-25 20:42:09	dicaprio gets climate hoax endorsements kamala wants trillion dollars decaprio flies around world leonardo endorses harris president di caprio donald trump joe biden presidentialelection	#LeonardoDiCaprio #KamalaHarris #DonaldTrump #JoeBiden #Presidentialelection
2024-10-25 20:43:56	former first son says republican dad wouldve voted trump sister proudly endorses harris donald republicans f b presidentialelection	#DonaldTrump #Republicans #FBI #Presidentialelection
2024-10-25 20:47:48	gee ya think first lady jill biden tells abc president dropping race right call joe donald trump presidentialelection	#JillBiden #JoeBiden #DonaldTrump #Presidentialelection
2024-10-25 20:49:59	trump american tyrant springsteen backs harris atlanta rally donald bruce tyler perry presidentialelection	#DonaldTrump #BruceSpringsteen #Atlanta #TylerPerry #Presidentialelection
2024-10-25 20:52:58	exnascar star danica patrick explains donald trump get firstever vote president presidentialelection	#DonaldTrump #Presidentialelection
2024-10-25 20:58:03	little late former rap mogul reveals hes endorsing trump scathing rebuke bidenharris presidential election endorsement rapindustry	#PresidentialElection #Endorsement #rapindustry
2024-10-25 21:03:41	two sources say chinese hackers targeted cellphones used republican presidential nominee donald trump running mate jd vance china election presidentialelection news localnews fox eastidaho	#hackers #cellphones #trump #vance #china #election2024 #presidentialelection #news3now #localnews8 #fox5eastidaho
2024-10-25 21:05:45	donald trump winning joe rogan fans points poll presidentialelection	#DonaldTrump #Presidentialelection
2024-10-25 21:11:17	bs leonardo dicaprio endorses kamala harris president di caprio donald trump joe biden presidentialelection	#LeonardoDiCaprio #KamalaHarris #DonaldTrump #JoeBiden #Presidentialelection
2024-10-25 21:11:39	prescient look american president antiquebook illustrious life william mckinley electionresult presidentialelection nesiesnestoct	#antiquebook #Electionresult #American #Presidentialelection #nesiesnestoct24
2024-10-25 21:11:50	fxgt optimus f x g presidential election promo	#FXGT #PresidentialElection #promo
2024-10-25 21:22:56	lies theyve got consistently exaggerating cnn fact checker drops hammer jd vance c n electricvehicle electriccar presidentialelection	#CNN #Electricvehicle #Electriccar #Presidentialelection
2024-10-25 21:27:08	zeekarkham proudly voting trump rd time sent thanksgiving invite day fun family photo tradition year little voted st presidential election red arrow look young	#Trump #PresidentialElection
2024-10-25 21:32:14	sorry donald trump leonardo dicaprio endorses kamala harris president di caprio joe biden presidentialelection	#LeonardoDiCaprio #KamalaHarris #DonaldTrump #JoeBiden #Presidentialelection
2024-10-25 21:37:19	trumps campaign promise could severe consequences supporters analysis donald trump priceofoil oilandgas oilproduction presidentialelection	#DonaldTrump #Priceofoil #Oilandgas #Oilproduction #Presidentialelection
2024-10-25 21:38:45	u e n news presidential election l timeswashington post c r dies darkness refuses endorse vp kamala h snot endorsing president st time years breaking old traditionliberals claim canceling subscriptions	#USA #EU #UN #News #PresidentialElection #LATimes #WashingtonPost #DEMOCRACY #KamalaHARRIS #Liberals
2024-10-25 21:55:47	vote voting pollworkers electionintegrity election presidenttrump mcdonalds presidentialelection berkeleycounty charleston votingmatters workers voteearly republican party republicans g h make america safe righttovote	#vote #voting #pollworkers #electionintegrity #Election2024 #presidenttrump #mcdonalds #Presidentialelection #berkeleycounty #charleston #votingmatters #ElectionWorkers #voteearly #RepublicanParty #Republicans #MAGA #MAHA #MakeAmericaSafeAgain #righttovote #America
2024-10-25 21:57:29	agree lowest ever howard university kamala suuny side trying fill cracksvideo hollywood star says harris iq fence post mel gibson las vegas presidentialelection	#Hollywood #MelGibson #KamalaHarris #LasVegas #Presidentialelection
2024-10-25 22:11:36	lying treasonous insurrectionist trump incited riot insurrection resulted hundreds police officers beaten issues first call arms election fraud conspiracies donald jtrump voterfraud presidentialelection	#DonaldTrump #DonaldJ #Voterfraud #Presidentialelection
2024-10-25 22:13:47	senile old man trump says obama exhausted looks yearold pulls another campaign event barack donald kim jongun presidentialelection	#BarackObama #DonaldTrump #KimJong #Presidentialelection
2024-10-25 22:16:10	trump issues first call arms election fraud conspiracies donald jtrump voterfraud presidentialelection	#DonaldTrump #DonaldJ #Voterfraud #Presidentialelection
2024-10-25 22:18:26	dnc thedemocrats corrupt thieves always never win fair clean election remember cheated rigged stole presidentialelection	#Presidentialelection
2024-10-25 22:20:22	presidentialelection trump vance	#Presidentialelection #Trump2024Vance
2024-10-25 22:20:53	make sure vote presidentialelection	#Presidentialelection
2024-10-25 22:21:14	harris maintains doubledigit lead trump youth voters harvard survey donald university instagram presidentialelection dont mean jack shit rules america among americans kamala little brown turd	#DonaldTrump #HarvardUniversity #Instagram #Presidentialelection
2024-10-25 22:23:05	trump g hitler presidentialelection	#Trump #MAGA #Hitler #Presidentialelection
2024-10-25 22:24:18	reason puppeteer way obama calls bs voting trump dont give credit donald barack presidentialelection	#DonaldTrump #BarackObama #Presidentialelection
2024-10-25 22:24:29	washingtonpost learning know woke turn matter time washington post presidentialelection	#WashingtonPost #woke #Presidentialelection
2024-10-25 22:29:31	sie drehen vllig frei seit elon musk angekndigt hat donald trump im wahlkampf zur presidential election zu supporten leopold zaakandrian kreye sz wo illegale massenimmigration gemeinhin als groartig geframt wird bezeichnen den teslagrnder sehr gefhrlich	#ElonMusk #DonaldTrump #Wahlkampf #PresidentialElection #LeopoldZaak #AndrianKreye #Massenimmigration
2024-10-25 22:37:41	election presidentialelection trump g	#Election2024 #Presidentialelection #election #Trump #Trump2024 #MAGA
2024-10-25 22:41:09	rare move pentagon denies falsehood troops allowed use force election presidentialelection trump claims democratic interference thats exactly always done	#ThePentagon #DOD #Presidentialelection
2024-10-25 22:43:48	clear winning election electionresult presidentialelection trump vance kamala harris	#2024Election #electionresult #Presidentialelection #TrumpVance2024 #KamalaHarris2024
2024-10-25 22:45:41	houston residents react kamala harris visit texas alongside beyonce days election day beyonc electionday fox news presidentialelection	#KamalaHarris #Beyoncé #Electionday #FoxNews #Presidentialelection
2024-10-25 22:49:51	trumpsters lie everything rare move pentagon denies falsehood troops allowed use force election presidentialelection	#ThePentagon #DOD #Presidentialelection
2024-10-25 22:58:38	georgias early voting numbers according secretary states office turnout pm total inperson absentee election presidential harris trump kamala donald	#2024Election #PresidentialElection #Harris #Trump #KamalaHarris #DonaldTrump
2024-10-25 23:06:35	early voting voted presidential election u america vote united states god bless	#EarlyVoting #IVoted #2024 #PresidentialElection #Election2024 #USA #America #vote #election #UnitedStatesOfAmerica #PresidentialElection2024 #GodBlessAmerica
2024-10-25 23:18:33	trump real crook locked biden second thoughts calling donald joe f b hillary clinton presidentialelection	#DonaldTrump #JoeBiden #FBI #HillaryClinton #Presidentialelection
2024-10-25 23:23:14	video hollywood star says harris iq fence post mel gibson kamala las vegas presidentialelection	#Hollywood #MelGibson #KamalaHarris #LasVegas #Presidentialelection
2024-10-25 23:30:11	furor washington posts decision endorse presidential candidate stab back dying darkness post uproar outrage among election media journalism ethics u politics	#WashingtonPost #PresidentialElection #MediaOutrage #JournalismEthics #USPolitics
2024-10-25 23:32:20	truenot presidential video hollywood star says harris iq fence post mel gibson kamala las vegas presidentialelection	#Hollywood #MelGibson #KamalaHarris #LasVegas #Presidentialelection
2024-10-25 23:36:03	hillary clinton claims donald trump going madison square garden nyc weekend reenact nzi rally presidentialelection potus fox news newsmax	#HillaryClinton #DonaldTrump #Presidentialelection #FoxNews #Newsmax
2024-10-25 23:43:14	imagine one account platforms x amazon mobile contract even presidentialelection link wallet verify youre set isnt democratic humancentered futureproof blockchain future vision	#X #Amazon #Presidentialelection #Blockchain #FutureVision
2024-10-25 23:44:39	staceyabrams chrislhayes days vote presidential election mj frazier kamala harris walz kamalahq govtimwalz president meidastouch lukepbeasley adammocklerr democracynow thedemocrats modemparty lucaskuncemo mayorlucaskc repdavids repcleaver	#PresidentialElection #Election #Vote #KamalaHarris #HarrisWalz #Kamala4President2024
2024-10-25 23:45:45	trump elected would death sentence georgians vote early health care georgia donald healthcare abortionrights presidentialelection	#Georgia #DonaldTrump #Healthcare #Abortionrights #Presidentialelection
2024-10-25 23:49:02	harris campaign silent allegations emhoff hit former girlfriend anyone really surprised kamala presidentialelection	#KamalaHarris #Presidentialelection
2024-10-25 23:54:55	kamalahq days vote presidential election kamala harris walz	#PresidentialElection #KamalaHarris #KamalaHarris2024 #HarrisWalz
2024-10-25 23:56:11	guess shes right young adults stupid vote harris maintains doubledigit lead trump youth voters harvard survey donald university instagram presidentialelection	#DonaldTrump #HarvardUniversity #Instagram #Presidentialelection
2024-10-26 00:00:36	dumb fence post bc shes smarter felon donold amp gop could poisonous huckster analyst says harris forced trump trap hed set donald kamala mike johnson presidentialelection	#DonaldTrump #KamalaHarris #MikeJohnson #Presidentialelection
2024-10-26 00:01:44	well decided go early voting kansas vote presidentialelection	#EarlyVoting #Vote #Presidentialelection
2024-10-26 00:01:51	domeniconpr hi wondering polls saying trumps age anything ru reporting doctors say trump unstable serve open letter connected george conways pac donald presidentialelection	#DonaldTrump #Presidentialelection
2024-10-26 00:10:32	shirley maclaine opens uncomfortable encounter donald trump presidentialelection	#DonaldTrump #Presidentialelection
2024-10-26 00:11:48	president biden decided apologize indian boarding schools ended days election sick twisted effort try sway indigenous people vote kamala insulting harris presidential	#KamalaHarris #IndigenousPeople #PresidentialElection
2024-10-26 00:22:50	mel gibson endorses trump says harris iq fence post donald presidentialelection	#DonaldTrump #MelGibson #Presidentialelection
2024-10-26 00:50:14	dont want conscience haley voter tells cnn trump said made vote democrat first time c n donald philadelphia pennsylvania presidentialelection	#CNN #DonaldTrump #Philadelphia #Pennsylvania #Presidentialelection
2024-10-26 00:53:54	past due date obama calls bs reason voting trump dont give credit donald barack presidentialelection	#DonaldTrump #BarackObama #Presidentialelection
2024-10-26 00:54:34	hillary clinton says trump unhinged unstable c n f b presidentialelection	#HillaryClinton #CNN #FBI #Presidentialelection
2024-10-26 01:25:56	video democrats voting trump heres donald afghanistan presidentialelection	#DonaldTrump #Democrats #Afghanistan #Presidentialelection
2024-10-26 01:29:36	houston residents react kamala harris visit texas alongside beyonce days election day beyonc electionday fox news presidentialelection vote straight red ticket save america trump vance rebuild	#KamalaHarris #Beyoncé #Electionday #FoxNews #Presidentialelection
2024-10-26 01:52:50	requesting muslims u vote voting option much stake world muslim votes make break party presidential election research rd greenpartyus candidate drjillstein mehdirhasan	#Muslims #USA #PresidentialElection
2024-10-26 01:53:02	trump could make history winning popular vote cnn donald c n nationalpolls presidentialelection voterfraud	#DonaldTrump #CNN #Nationalpolls #Presidentialelection #Voterfraud
2024-10-26 01:56:30	trump sounds like hell hand long prison sentences election violators thought dictators power oh issues first call arms fraud conspiracies donald jtrump voterfraud presidentialelection	#DonaldTrump #DonaldJ #Voterfraud #Presidentialelection
2024-10-26 01:57:27	joerogan totally wrecks theview amp oprah first seconds show exposes hypocrisy selling machine rogan trump trumprogan presidentialelection	#RoganTrump #trumprogan #Presidentialelection
2024-10-26 01:59:37	wont need mask boom flies migrants video vp harris returning arizona campaign event halloween kamala presidentialelection	#Arizona #KamalaHarris #Presidentialelection
2024-10-26 01:59:46	one global market already pricing trump victory donald europe presidentialelection	#DonaldTrump #Europe #Presidentialelection
2024-10-26 02:01:11	wont need mask broom flies migrants video vp harris returning arizona campaign event halloween kamala presidentialelection	#Arizona #KamalaHarris #Presidentialelection
2024-10-26 02:04:23	extrump aide says gop voters flipping former president realtime donald trump presidentialelection	#DonaldTrump #Presidentialelection
2024-10-26 02:05:18	video democratic vice presidential nominee tim walz accused former president donald trump promising corruption elected white elon musk republicans presidentialelection	#DonaldTrump #ElonMusk #Republicans #Corruption #Presidentialelection
2024-10-26 02:05:56	video obama campaigns harris trump az nv donald bruce springsteen presidentialelection	#DonaldTrump #BruceSpringsteen #Presidentialelection
2024-10-26 02:12:10	quarter young black men say vote trump survey donald nine percent republicans racialinjustice presidentialelection straight red ticket save america vance rebuild maga elon musk kennedy	#DonaldTrump #NinePercent #Republicans #Racialinjustice #Presidentialelection
2024-10-26 02:33:05	new poll sparking talk harris could actually lose popular vote trump sees troubling signs latest york timessiena wisconsin presidentialelection	#Wisconsin #Presidentialelection
2024-10-26 02:36:32	opinion harris woos women lost men may cost election presidentialelection hillary clinton donald trump	#Presidentialelection #HillaryClinton #DonaldTrump
2024-10-26 02:44:42	tulsigabbard person vanquished kamalaharris kamalahq vp former democratic presidential candidate tulsi gabbard endorsed biden officially joins trumps gop party equality donald trump joe presidentialelection	#DonaldTrump #TheDemocraticParty #JoeBiden #Presidentialelection
2024-10-26 02:48:55	dfiosa angeladw artesia asimthegreat beesayspolitics joem kingale sebafuslalucho smaddoxsr generalnikkix wonder farright extremists white supremacists nationalists g kkklowns going time donald trump loses presidential election	#WhiteSupremacists #WhiteNationalists #MAGA #DonaldTrump #PresidentialElection
2024-10-26 02:52:49	still rare move pentagon denies falsehood troops allowed use force election presidentialelection	#ThePentagon #DOD #Presidentialelection
2024-10-26 02:57:50	video tulsi gabbard full speech donald trump campaign rally georgia white house presidentialelection	#DonaldTrump #WhiteHouse #Presidentialelection
2024-10-26 03:03:18	running president biggest deal presidential election excitement political journey home stretch democracy action campaign trail making history future	#PresidentialElection #Excitement #RunningForPresident #PoliticalJourney #HomeStretch #Election2024 #DemocracyInAction #CampaignTrail #MakingHistory #OurFuture
2024-10-26 03:15:56	video harris absent campaign trail nd day new attacks trump emerge donald c n presidentialelection	#DonaldTrump #CNN #Presidentialelection
2024-10-26 03:18:21	republican mayor endorses kamala harris ominous warning hold fast good donald trump presidentialelection	#KamalaHarris #DonaldTrump #Presidentialelection
2024-10-26 03:31:44	beyonce attends houston campaign rally officially endorsed vice president kamala harris presidential election take look bigorecap bigolive bigousa bigo	#Beyonce #Houston #KamalaHarris #PresidentialElection #Bigorecap #Bigolive #Bigousa #Bigo
2024-10-26 03:32:00	washington post oped voters unknowingly prefer harris agenda trumps donald trump c n kamala presidentialelection	#DonaldTrump #CNN #KamalaHarris #Presidentialelection
2024-10-26 03:59:28	liberal warmonger hakishakur exposes hidden agendas madprofessorace revolutionarysocialwork liberalism christianacestettler malcolmx twopartysystem presidentialelection harristrump	#revolutionarysocialwork #liberalism #christianacestettler #hakishakur #malcolmx #twopartysystem #Presidentialelection #harristrump
2024-10-26 04:06:31	joe rogan experience donald trump via youtube presidentialelection harris walz vance	#2219 #Presidentialelection #Trump #Harris #Harris_Walz2024 #Trump2024Vance
2024-10-26 04:22:56	beyonce endorses harris president texas rally celebrity mother beyonc presidentialelection	#Beyoncé #Presidentialelection
2024-10-26 04:34:35	sickened sketchy protrump group emerges last minute skirt campaign rules donald trump supremecourt presidentialelection	#DonaldTrump #Supremecourt #Presidentialelection
2024-10-26 04:38:52	rhetoric cause violence anything kamala says describing trump fascist issues first call arms election fraud conspiracies donald jtrump voterfraud presidentialelection	#DonaldTrump #DonaldJ #Voterfraud #Presidentialelection
2024-10-26 04:42:32	reporter kamalaharris whats name harrislet make clear born middle class beyonce endorses harris president texas rally celebrity mother beyonc presidentialelection	#Beyoncé #Presidentialelection
2024-10-26 05:09:01	day wave protests forces robert gu step president ivorian presidential election presidentialelection stepdown protest waves standtogether force	#presidentialelection #stepdown #protests #protest #wave #waves #standtogether #president #election #force
2024-10-26 05:10:41	wish rd option u democracy politics presidential election presidentialelection socialism captialism humanism beinghuman leadingby example	#USDemocracy #USPolitics #PresidentialElection2024 #Presidentialelection #Socialism #Captialism #humanism #beinghuman #USALeadingbyExample
2024-10-26 05:30:42	seems like none bhakts vote kamala india american presidentialelection usa	#bhakts #kamala #india #kamala #Presidentialelection #usa
2024-10-26 05:46:58	beyonce endorses kamalaharris joyful speech houston rally u elections presidentialelection	#USElections2024 #Presidentialelection
2024-10-26 05:53:49	close closer closest us pollsters brace presidential election tight predict u	#PresidentialElection #USElection2024
2024-10-26 05:54:25	fdig crypto etf looks wellpositioned ahead presidential election donald trump bitcoinminers kamala harris expenseratio f g fidelity industryand digital payments e industry	#DonaldTrump #Bitcoinminers #KamalaHarris #expenseratio #FDIG #PresidentialElection #FidelityCryptoIndustryandDigitalPaymentsETF #FidelityCryptoIndustry
2024-10-26 05:59:14	trump jre j r e presidentialelection kamala presidential election	#JRE #Presidentialelection #Trump #Kamala #2024PresidentialElection
2024-10-26 06:10:02	u presidentialelection competition kamala harris trump htamil	#US #presidentialelection #competition #KamalaHarris #Trump #OHtamil
2024-10-26 06:16:48	nope trump melts wild post claiming kamala harris investigated biden opponent donald joe c b presidentialelection	#KamalaHarris #DonaldTrump #JoeBiden #CBS #Presidentialelection
2024-10-26 06:30:58	u elections leodicaprio endorses kamalaharris us president shares video kamala harris presidentialelection leonardodicaprio	#USElections2024 #KamalaHarris #Presidentialelection #leonardodicaprio
2024-10-26 06:39:31	economy us consumer sentiment climbed sixmonth high october uptick pronounced among republicans grew confident party regaining whitehouse nov presidentialelection according umich	#Economy #consumer #Republicans #presidentialelection
2024-10-26 06:40:59	fight trump vance presidential election parents two brothers families inlaws husband bbf united endorsing president voted voting	#FightFightFight #Trump2024Vance #Trump2024 #PresidentialElection #Election2024 #PresidentTrump
2024-10-26 06:59:31	maga faithful ditch rally trump tells hes running hours late joe rogan interview donald presidentialelection	#DonaldTrump #Presidentialelection
2024-10-26 07:07:35	barron trumps best friend hits kamala harris stupid comment donald trump presidentialelection	#KamalaHarris #DonaldTrump #Presidentialelection
2024-10-26 07:21:16	vote peace war hiroshima nagasaki gaza ceasefire n w presidential election us japan palestine israel russia ukraine	#vote #Peace #NoWar #Hiroshima #Nagasaki #Gaza #CeasefireNOW #PresidentialElection #衆議院議員選挙 #最高裁判所裁判官国民審査 #U #Japan #Palestine #Israel #Russia #Ukraine
2024-10-26 07:52:26	lets talk parallels kamala rallies include celebrities right de niro eminem willie nelson many morons movie manipulating public guess plays shit today presidentialelection	#celebrities #Presidentialelection
2024-10-26 07:59:38	die einen kamala harris betreiben hilfhaltlose panikmache anderen deren willfhrige gehilfenjournalisten la andrian kreye verleumden andersdenkende sich auch ger money im vorfeld der presidential election abspielt ist ein unsgliches medienversagen	#KamalaHarris #Panikmache #Journalisten #AndrianKreye #Andersdenkende #GerMoney #PresidentialElection #Medienversagen
2024-10-26 08:01:42	cest hallucinant comment elon musk et donald trump ont envahi twitter tu peux tomber sur leur tweet tous les deux alors que tes mme pas abonn compte presidentialelection	#Presidentialelection
2024-10-26 09:03:19	kamala harris donald trump tied latest new york times poll ahead election day highlighting closely contested race read results vs presidentialelection	#DonaldTrump #NewYorkTimes #Election2024 #PollResults #HarrisVsTrump #KamalaHarris #Presidentialelection
2024-10-26 09:03:49	nypost joe didnt need trump donald go however fact kamalaharris texas declined says everything know strategies campaign presidentialelection horrific wins itll shock people	#Texas #Presidentialelection
2024-10-26 09:16:20	us presidential election death penalty absent campaign minds deathpenalty donaldtrump kamala harris joe biden presidentialelection	#deathpenalty #donaldtrump #KamalaHarris #JoeBiden #Presidentialelection
2024-10-26 09:29:34	trump presidentialelection rfkjr fox news maga conservative hillary vs trumpzilla	#trump #trump2024 #Presidentialelection #rfkjr2024 #rfkjr #FoxNews #maga #conservative
2024-10-26 09:40:59	presidential election donald trump kamala harris survey	#PresidentialElection #DonaldTrump #KamalaHarris #Survey
2024-10-26 09:46:16	lie kamala harris cant escape joe biden presidentialelection	#KamalaHarris #JoeBiden #Presidentialelection
2024-10-26 10:18:36	kamalaharris harris presidential election wait u gripism america	#Harris2024 #PresidentialElection #WaitForYou #WaitForU #Gripism #America2030 #Harris2028
2024-10-26 10:50:42	surewhat explain economist voice opinion nobel economic experts say harris plan vastly superior trumps donald trump economics useconomy presidentialelection	#DonaldTrump #Economics #U #Presidentialelection
2024-10-26 11:00:02	polymarkets founder insists platform politics despite gaining attention ahead us presidential election polymarket presidentialelection crypto	#Polymarket #Presidentialelection #Crypto
2024-10-26 11:20:42	video tulsi gabbard former democratic candidate president joins republican party nc trump rally republicans donald presidentialelection	#Republicans #DonaldTrump #Presidentialelection
2024-10-26 12:01:26	leonardo dicaprio endorses kamala harris cannot afford go backwards di caprio greenhousegas presidentialelection	#LeonardoDiCaprio #KamalaHarris #Greenhousegas #Presidentialelection
2024-10-26 12:42:08	bastard crazy trump issues first call arms election fraud conspiracies donald jtrump voterfraud presidentialelection	#DonaldTrump #DonaldJ #Voterfraud #Presidentialelection
2024-10-26 12:55:55	biden black americans stormed capitol trump wouldnt talking pardons donald joe presidentialelection believe blacks would massacred whether peaceful reached steps	#DonaldTrump #JoeBiden #Presidentialelection
2024-10-26 12:56:41	biden says nothing wrong stumbling native american name joe presidentialelection	#JoeBiden #Presidentialelection
2024-10-26 13:05:43	good bad im first time voting part presidential election results	#PresidentialElection #Results
2024-10-26 13:08:23	six presidential tickets appear ballot kentucky november presidentialelection donald trump	#Kentucky #Presidentialelection #DonaldTrump
2024-10-26 13:12:55	note lets vote donald trump part youtube shown title sake us japan please donaldtrump usa president presidentialelection election presidency inauguration	#donaldtrump #us #usa #president #presidentialelection #election #presidency #inauguration
2024-10-26 13:21:20	timwalz jdvance realdonaldtrump kamalaharris cnns harry enten says kamala harris headed worst democratic performance generation among union voters c n democrats donald trump presidentialelection	#CNN #KamalaHarris #Democrats #DonaldTrump #Presidentialelection
2024-10-26 13:27:18	nextatv faky vance also wants friends vladolf putler like hitlerboss nonono mistake donald dump selfserving opportunism hypocrisy thing counts within g p presidential election kamala walz	#FakyVance #VladolfPutler #Hitler #DonaldDump #opportunism #hypocrisy #GOP #presidentialElection #Kamala #Walz
2024-10-26 13:28:14	opinion voters wise trumps economic con harris plan economy far better useconomy economics presidentialelection voterfraud	#U #Economics #Presidentialelection #Voterfraud
2024-10-26 13:29:31	best friend huh barron trumps hits kamala harris stupid comment donald trump presidentialelection	#KamalaHarris #DonaldTrump #Presidentialelection
2024-10-26 13:32:13	r enemies kid rock comes support eminem taylor swift despite political differences barack obama presidentialelection	#TaylorSwift #BarackObama #Presidentialelection
2024-10-26 13:34:09	us election v news bangla exclusive america presiden presidentialelection donaldtrump kamala harris	#TV10NewsBanglaExclusive #america #election #presiden2024 #presidentialelection #donaldtrump #KamalaHarris2024
2024-10-26 13:58:01	cliftonaduncan dspetolicchio think well tulsi joeroganhq easy would democratic party presidentialelection picked cause dont control liberalism mental disorder	#DemocraticParty #presidentialelection #LiberalismIsAMentalDisorder
2024-10-26 14:06:53	watch days go polls open presidential election us vice president kamala harris candidate republican party donald trump ramping efforts secure votes battleground dd india correspondent amritpalsingh	#PresidentialElection #KamalaHarris #RepublicanParty #DonaldTrump
2024-10-26 14:10:46	ive changed mind conservative revises prediction trumps future loses donald trump presidentialelection	#DonaldTrump #Presidentialelection
2024-10-26 14:45:06	trumps campaign exudes confidence enters homestretch donald trump michelle obama wisconsin presidentialelection	#DonaldTrump #MichelleObama #Wisconsin #Presidentialelection
2024-10-26 14:52:32	get amp vote election presidential maga trump americafirst jobs inflation tradesman madeintheusa realdonaldtrump	#election #2024 #election2024 #PresidentialElection #maga #Trump #americafirst #jobs #inflation #tradesman #madeintheusa
2024-10-26 14:55:33	thought endorsing trump exclusively uaw members support harris points swing states poll donald wisconsin presidentialelection	#DonaldTrump #Wisconsin #Presidentialelection
2024-10-26 14:57:39	political strategist james carville lists reasons thinks harris win republicans midtermelection presidentialelection	#Republicans #Midtermelection #Presidentialelection
2024-10-26 15:04:31	video joe rogan podcast donald trump released presidentialelection	#DonaldTrump #Presidentialelection
2024-10-26 15:41:48	kamala harris presidentialelection rockthevote voteordie	#KamalaHarris #KamalaHarris2024 #presidentialelection #rockthevote #voteordie
2024-10-26 15:47:34	beyonc effect look singers top political moments endorsements washingtondc michelle obama hillary clinton presidentialelection	#Washington #Beyoncé #MichelleObama #HillaryClinton #Presidentialelection
2024-10-26 15:50:54	voted voting empowers us choose leaders reflect values address issues matter havent already make voice heard cast vote presidential election matters	#IVoted #PresidentialElection #YourVoteMatters
2024-10-26 15:54:15	whats gonna happen presidential election whatever cabal deep digital money control wants want string hope along theyll get kamala time squash social progress trumpvance pardons	#PresidentialElection
2024-10-26 16:01:14	eagerly counting presidential general election november days remaining keep mind voice important truly make impact sccvote th presidentialelection santaclara sanjose vote countdown	#sccvote #november5th #presidentialelection #santaclara #sanjose #vote #election #countdown
2024-10-26 16:19:49	oh dear trumps dementia getting worse joe rogan asked donald trump specifics stolen could laugh answer voterfraud presidentialelection	#DonaldTrump #Voterfraud #Presidentialelection
2024-10-26 16:22:19	keep eyes open focused vote early person florida postal worker accused throwing ballot election mail woods electionday f b presidentialelection	#Electionday #FBI #Presidentialelection
2024-10-26 16:23:09	trump unfit office ok arrived hours late rally finish joe rogan interview donald fascist pennsylvania presidentialelection	#TrumpIsUnfitForOffice #DonaldTrumpIsAFascist #Pennsylvania #Presidentialelection
2024-10-26 16:28:27	postcards sent made plan vote yet election blue protect womens rights presidentialelection voting matters	#vote #election #VoteBlue2024ProtectWomensRights #Presidentialelection #VotingMatters
2024-10-26 16:36:02	fetterman calls trumps support pennsylvania astonishing see intensity donald trump presidentialelection	#DonaldTrump #Pennsylvania #Presidentialelection
2024-10-26 16:40:36	get vote need offset scams fraud amp disgusting people already caught cheating electionresult elecciones p r presidentialelection trump last stand vance harris walz	#Electionresult #EleccionesPR2024 #Presidentialelection #Trump2024 #Trump2024TheLastStand #Trump2024Vance #Harris_Walz2024
2024-10-26 16:40:41	american politicians raped little girls mossad agents video record blackmailing b r e k n g breaking news bad presidential election presidentialelection debate democratic party republican	#BREAKING #BreakingNews #BreakingBad #BreakingNow #PresidentialElection2024 #Presidentialelection #PresidentialDebate2024 #DemocraticParty #Republican
2024-10-26 16:41:19	bullshit trump issues first call arms election fraud conspiracies voterfraud presidentialelection	#Voterfraud #Presidentialelection
2024-10-26 16:41:28	great stuff mammy madame president get ready white men lose itagain barack obama presidentialelection bishopjakes bishoppmorton pastordmack	#BarackObama #Presidentialelection
2024-10-26 16:41:32	beyoncs mom tina knowles trolls trump micdrop moment harris rally donald beyonc kamala presidentialelection	#DonaldTrump #Beyoncé #KamalaHarris #Presidentialelection
2024-10-26 16:41:47	great stuff mammy madame president get ready white men lose itagain barack obama presidentialelection	#BarackObama #Presidentialelection
2024-10-26 16:43:09	one hour michigan rally friday donald trump played video apology private jet explaining running least two hours late speech presidentialelection election traversecity	#trump #presidentialelection #rally #election2024 #michigan #traversecity
2024-10-26 16:44:30	beyoncs mom tina knowles trolls trump micdrop moment harris rally donald beyonc kamala presidentialelection never says immigrants taking white peoples jobs	#DonaldTrump #Beyoncé #KamalaHarris #Presidentialelection
2024-10-26 16:46:03	go conservative billionaires dumping millions groups pushing election fraud conspiracies voterfraud washingtondc presidentialelection	#Voterfraud #Washington #Billionaires #Presidentialelection
2024-10-26 16:49:39	watch top celebrities backing kamala harris donald trump us presidential election turned starstudded social media rally appearances americas biggest names speaking endorsements shaping race find report	#KamalaHarris #DonaldTrump #PresidentialElection
2024-10-26 16:50:03	worth listening mark cuban singles persuasive closing argument leading voters dump trump donald deportation presidentialelection	#DonaldTrump #MarkCuban #Deportation #Presidentialelection
2024-10-26 16:55:00	joe rogan asked donald trump specifics stolen could laugh answer voterfraud presidentialelection	#DonaldTrump #Voterfraud #Presidentialelection
2024-10-26 16:57:21	pathological lying racist clown trump accuses harris partying leaving supporters waiting three hours rogan podcast donald kamala presidentialelection	#DonaldTrump #KamalaHarris #Presidentialelection
2024-10-26 16:57:32	mammy madame president get ready white men lose itagain barack obama presidentialelection	#BarackObama #Presidentialelection
2024-10-26 16:58:50	harris joe rogan would ruined kalama bails interview blames scheduling trump continues widen podcast gap donald kamala presidentialelection	#DonaldTrump #KamalaHarris #Presidentialelection
2024-10-26 17:16:48	leonardo dicaprio endorses kamala harris president di caprio donald trump joe biden presidentialelection	#LeonardoDiCaprio #KamalaHarris #DonaldTrump #JoeBiden #Presidentialelection
2024-10-26 17:17:37	bruce springsteen calls trump american tyrant serenades crowd harris rally donald presidentialelection bru washed kamala paid ton money hes dont think free	#BruceSpringsteen #DonaldTrump #Presidentialelection
2024-10-26 17:19:03	bruce springsteen calls trump american tyrant serenades crowd harris rally donald presidentialelection proof money buy anything got paid dam good stunt fbs fjb fkh	#BruceSpringsteen #DonaldTrump #Presidentialelection
2024-10-26 17:22:19	realdonaldtrump people attended kamala harriss houston rally whole vibe trump says harris picked wrong place campaign beyonc joins vice president texas presidentialelection	#Beyoncé #KamalaHarris2024 #Presidentialelection
2024-10-26 17:25:49	bill clinton solution harris take trump donald hillary barack obama presidentialelection	#DonaldTrump #HillaryClinton #BarackObama #Presidentialelection
2024-10-26 17:26:50	leonardo dicaprio endorses kamala harris president di caprio presidentialelection	#LeonardoDiCaprio #KamalaHarris2024 #Presidentialelection
2024-10-26 17:57:27	georgians vote makeorbreak election countrys future via londonglossymag electionday presidentialelection georgian elections democracy non negotiable georgia	#electionday2024 #Presidentialelection #GeorgianElections2024 #GeorgianDemocracyIsNonNegotiable #GeorgiaElections
2024-10-26 18:00:56	facts real lie kamala harris cant escape joe biden presidentialelection	#KamalaHarris #JoeBiden #Presidentialelection
2024-10-26 18:11:22	joe rogan quizzes trump election fraud claims give examples voterfraud donald biden presidentialelection republicans	#Voterfraud #DonaldTrump #JoeBiden #Presidentialelection #Republicans
2024-10-26 18:11:31	look aroundpay attentionmass deportation ruins makes america great mark cuban singles persuasive closing argument leading voters dump trump donald presidentialelection	#DonaldTrump #MarkCuban #Deportation #Presidentialelection
2024-10-26 18:13:53	kamalas campaign trouble still dont know tackle trump donald kamala harris wisconsin dick cheney presidentialelection	#DonaldTrump #KamalaHarris #Wisconsin #DickCheney #Presidentialelection
2024-10-26 18:15:00	akds campaign costs covered npp sjbs premadasa tops spending election island islandnewspaper k n p j b sajith presidential	#TheIsland #TheIslandnewspaper #AKD #NPP #SJB #SajithPremadasa #PresidentialElection
2024-10-26 18:18:28	mark cuban singles persuasive closing argument leading voters dump trump donald deportation presidentialelection	#DonaldTrump #MarkCuban #Deportation #Presidentialelection
2024-10-26 18:18:32	alarmingly bad math yearold trump slammed saying hes close donald joe biden presidentialelection	#DonaldTrump #JoeBiden #Presidentialelection
2024-10-26 18:18:50	presidentialelection gen z tik tok election news	#Presidentialelection #GenZ #TikTok #ElectionNews
2024-10-26 18:24:58	video heres trump would elected november donald interestrates presidentialelection	#DonaldTrump #Interestrates #Presidentialelection
2024-10-26 18:25:51	trump outpaces harris point wisconsin survey donald democracy presidentialelection	#DonaldTrump #Wisconsin #Democracy #Presidentialelection
2024-10-26 18:30:16	harris maintains doubledigit lead trump youth voters harvard survey donald university instagram presidentialelection	#DonaldTrump #HarvardUniversity #Instagram #Presidentialelection
2024-10-26 18:31:37	final leg presidential election lets miss date exam preliminary round voting real deal presidentialelection	#election2024 #presidentialelection #election
2024-10-26 18:31:52	video wall street journal releases poll showing trump slight lead donald smart v f presidentialelection	#DonaldTrump #SmartTV #FAA #Presidentialelection
2024-10-26 18:33:35	opinion trumps secret weapon may tip election donald trump presidentialelection	#DonaldTrump #Presidentialelection
2024-10-26 18:46:35	oh true gotta read whole short article opinion trumps secret weapon may tip election donald trump presidentialelection	#DonaldTrump #Presidentialelection
2024-10-26 18:51:24	mike johnson cant stop house certifying election try electionlaw pence presidentialelection	#MikeJohnson #Electionlaw #MikePence #Presidentialelection
2024-10-26 18:57:22	love ityou see mel gibson endorses trump says harris iq fence post donald presidentialelection	#DonaldTrump #MelGibson #Presidentialelection
2024-10-26 18:57:54	bye kamala fetterman calls trumps support pennsylvania astonishing see intensity donald trump presidentialelection	#DonaldTrump #Pennsylvania #Presidentialelection
2024-10-26 19:00:26	vote presidentialelection days away many states congressional choices ballot measures decided opportunity make voice heard voting privilege share citizens great country	#Presidentialelection
2024-10-26 19:09:35	whether vote less wars better prices safer country democracy way make sure v e realdonaldtrump jdvance red save america trump donald presidentialelection president g election	#VOTE #VoteRedToSaveAmerica #Trump #DonaldTrump #Presidentialelection #PresidentTrump #MAGA #2024Election #VoteForTrump
2024-10-26 19:19:10	hell broke loose former trump voters cut ad kamala harris report donald republicans presidentialelection dictator acts bullies threatens anyone dose like makes mad	#DonaldTrump #KamalaHarris #Republicans #Presidentialelection
2024-10-26 19:34:20	realdonaldtrump think trump present medical records kamalaharris candidates prior presidential election kamala harris president people	#Trump #PresidentialElection #KamalaHarrisForPresident #KamalaHarrisForThePeople
2024-10-26 19:34:56	trump says harris picked wrong place campaign beyonc joins vice president texas rally donald kamala presidentialelection	#DonaldTrump #Beyoncé #KamalaHarris #Presidentialelection
2024-10-26 19:45:16	hell broke loose former trump voters cut ad kamala harris report donald republicans presidentialelection dictator acts threatens bullies even harms dont like goddam sad	#DonaldTrump #KamalaHarris #Republicans #Presidentialelection
2024-10-26 19:56:59	fact focus trump repeated election lies interview joe rogan facts donald biden voterfraud republicans presidentialelection	#DonaldTrump #JoeBiden #Voterfraud #Republicans #Presidentialelection
2024-10-26 20:06:21	corybooker days left vote election presidential	#vote #election #2024Election #PresidentialElection
2024-10-26 20:11:26	already setting things mike johnson cant stop house certifying election try electionlaw pence presidentialelection	#MikeJohnson #Electionlaw #MikePence #Presidentialelection
2024-10-26 20:16:34	leonardo di caprio endorses vice president kamala harris cannot afford go backwards greenhousegas presidentialelection	#LeonardoDiCaprio #endorses #KamalaHarris #cannot #go #backwards #LeonardoDiCaprio #KamalaHarris #Greenhousegas #Presidentialelection
2024-10-26 20:18:06	thedemocrats days left vote election presidential	#vote #election #2024Election #PresidentialElection
2024-10-26 20:21:26	vance rips harris battleground georgia stop telling americans theyre bad wanting secure border kamala r p republicans presidentialelection	#Georgia #KamalaHarris #RIPS #Republicans #Presidentialelection
2024-10-26 20:23:04	video hope helps presidentialelection	#Presidentialelection
2024-10-26 20:27:50	realclearpolitics polls today recent tied average latest dems shouldnt nominated candidate completely unvetted repubs selfcontrol toddler presidential election	#PresidentialElection
2024-10-26 20:29:01	heres prediction upcoming presidential election trump victory even narrow loss popular vote presidentialelection	#Presidentialelection
2024-10-26 20:36:31	stakes high writer trumps hometown newspaper pushes voters pick harris donald trump votingrights presidentialelection	#DonaldTrump #Votingrights #Presidentialelection
2024-10-26 20:39:30	opinion elon musk buy election trump sure seems trying donald presidentialelection	#ElonMusk #DonaldTrump #Presidentialelection
2024-10-26 20:42:56	time weed r n os administration bring real jfk democrats unitethestates wethepeople opinion trumps secret weapon may tip election robertkennedyjr tulsigabbard presidentialelection	#47 #RINO #45 #47 #Presidentialelection
2024-10-26 20:44:19	harriss best closing argument isnt coming barack obama donald trump presidentialelection	#BarackObama #DonaldTrump #Presidentialelection
2024-10-26 20:45:56	watch replay donald trump speaks rally novi michelle obama presidentialelection	#DonaldTrump #MichelleObama #Presidentialelection
2024-10-26 20:49:50	presidential election picture day nov th	#PresidentialElection
2024-10-26 20:51:17	sticks stones havent heard hurting opponent angry joe rogan asked donald trump specifics stolen could laugh answer voterfraud presidentialelection	#DonaldTrump #Voterfraud #Presidentialelection
2024-10-26 20:53:43	biden thanks opinion voters really want another four years bidenharris policies iran priceindex barack obama presidentialelection	#Iran #Priceindex #BarackObama #Presidentialelection
2024-10-26 21:08:12	nothing masculine cussing bullying joe rogan interviewed donald trump heres talked presidentialelection	#DonaldTrump #Presidentialelection
2024-10-26 21:08:56	forget polls prediction fever takes trump vs harris election donald presidentialelection	#DonaldTrump #Presidentialelection
2024-10-26 21:16:28	average kamala supporter harris gets insane clown posses endorsement f b presidentialelection	#FBI #Presidentialelection
2024-10-26 21:21:39	mark cuban singles persuasive closing argument leading voters dump trump donald presidentialelection	#DonaldTrump #MarkCuban #Presidentialelection
2024-10-26 21:38:29	wow doctors say trump unstable serve open letter connected george conways pac donald presidentialelection	#DonaldTrump #Presidentialelection
2024-10-26 21:38:46	course beyonce backing harris next us president cant think shes trying influence public beause high profile black celebrity absolute brain washing bllocks wake ppl itvnews presidentialelection	#itvnews #Presidentialelection
2024-10-26 21:45:40	michigan expects election results within hours fox news foxnews foxnewspolitics foxnewspoll trump harris presidentialelection michsos jocelynbenson politics	#FoxNews #Election #Trump #Harris #Michigan #Presidentialelection #politics
2024-10-26 21:52:05	nate silver gut says trump win donald wisconsin presidentialelection	#DonaldTrump #Wisconsin #Presidentialelection
2024-10-26 21:55:31	immeme sane kamala supporter harris election presidential presidentialelection	#KamalaHarris #KamalaHarris2024 #Kamala #Election #election2024 #PresidentialElection2024 #Presidentialelection
2024-10-26 21:59:17	hillaryclinton burn lost man realdonaldtrump running office first time loser hillary clinton defends kamala harris chances sick election f b presidentialelection	#HillaryClinton #KamalaHarris #FBI #Presidentialelection
2024-10-26 22:05:18	breaking news per mahaalliance kamala harris never anywhere near power abuses clip shows really want hungry maniac president threat democracy democratic party newsnight presidentialelection	#BreakingNews #KamalaThreatToOurDemocracy #DemocraticParty #Newsnight #Presidentialelection
2024-10-26 22:09:13	former president trump floats idea eliminating federal income tax according recent polymarket odds currently chance winning reform presidential election tariffs	#Trump2024 #TaxReform #PresidentialElection #IncomeTax #Tariffs
2024-10-26 22:12:13	careful trump win otherwise last election want freedom right vote presidentialelection donald president elon musk u elections	#Presidentialelection #DonaldTrump #PresidentTrump #ElonMusk #USAElections
2024-10-26 22:14:04	young voter turned harris pandering seems like abortion thing im allowed care presidentialelection	#Abortion #Presidentialelection
2024-10-26 22:15:34	hes actually masculine trump blasted wearing makeup kamala harris donald n b c presidentialelection guy	#KamalaHarris #DonaldTrump #MSNBC #Presidentialelection
2024-10-26 22:19:35	us presidential election immigrants increasingly tempted vote republican republicans presidentialelection donald trump communism	#Republicans #Presidentialelection #DonaldTrump #Communism
2024-10-26 22:21:53	jesse watters dems yanked kamala harris campaign trail pulled weeks go hoping trump lose election dump source fox news democrats donald presidentialelection	#DumpTheDems #KamalaHarris #Democrats #DonaldTrump #Presidentialelection
2024-10-26 22:24:07	joe rogan asked lying treasonous insurrectionist donald trump specifics stolen could laugh answer voterfraud presidentialelection	#DonaldTrump #Voterfraud #Presidentialelection
2024-10-26 22:29:28	administration printing trillion days whats plan even giving much away countries federal cybersecurity agency details threats election electionday presidentialelection votingmachines voterfraud	#Electionday #Presidentialelection #Votingmachines #Voterfraud
2024-10-26 22:29:55	foxs greg gutfeld declares race already floating rigged election must wonder planning rumors unrest marshall law dod authorization fire civilians mike pence fox news congress presidentialelection	#MikePence #FoxNews #Congress #Presidentialelection
2024-10-26 22:31:28	cnns harry enten says kamala harris headed worst democratic performance generation among union voters c n democrats donald trump presidentialelection	#CNN #KamalaHarris #Democrats #DonaldTrump #Presidentialelection
2024-10-26 23:26:34	trump issues first call arms election fraud conspiracies donald jtrump voterfraud presidentialelection sorry started months ago	#DonaldTrump #DonaldJ #Voterfraud #Presidentialelection
2024-10-26 23:27:24	watch live harris michelle obama rally voters blue wall michigan presidentialelection	#MichelleObama #Presidentialelection
2024-10-26 23:30:43	faking news donald trump says could consider replacing federal income tax slavery means presidential election	#DonaldTrump #PresidentialElection
2024-10-26 23:42:23	crowed booed harris beyonce left lol ripped trump campaign beyonc doesnt perform packed rally lied build crowd donald kamala presidentialelection	#DonaldTrump #KamalaHarris #Beyoncé #Presidentialelection
2024-10-26 23:45:40	consistently exaggerating cnn fact checker drops hammer jd vance c n electricvehicle electriccar presidentialelection hallelujah worse trump mean hes dangerous	#CNN #Electricvehicle #Electriccar #Presidentialelection
2024-10-26 23:46:40	presidentialelection trump harris	#presidentialelection #trump #harris
2024-10-26 23:47:02	beyonc calls voters support harris texas rally barack obama kamala presidentialelection	#Beyoncé #BarackObama #KamalaHarris #Presidentialelection
2024-10-26 23:48:58	mammy madame president get ready white men lose itagain barack obama presidentialelection let em show ignorance look like fools	#BarackObama #Presidentialelection
2024-10-26 23:49:36	axelrod celebrities endorsing harris useful exercise tyler perry presidentialelection	#TylerPerry #Presidentialelection
2024-10-26 23:55:39	hes actually masculine trump blasted wearing makeup kamala harris donald n b c presidentialelection	#KamalaHarris #DonaldTrump #MSNBC #Presidentialelection
2024-10-26 23:59:19	progressives upset kamala harris campaigning liz cheney report dick bernie sanders presidentialelection	#KamalaHarris #LizCheney #DickCheney #BernieSanders #Presidentialelection
2024-10-26 23:59:34	former gov pat mccrory joins growing effort restore faith election system presidentialelection north carolina voterfraud	#Presidentialelection #NorthCarolina #Voterfraud
2024-10-26 23:59:59	video springsteen calls trump american tyrant kamala harris rally donald presidentofthe united states presidentialelection boycott time call old anti dudes saying	#DonaldTrump #KamalaHarris #PresidentoftheUnitedStates #Presidentialelection
