2024-10-26 21:41:33	idf postponing tomorrows enlistment day tel hashomer due security assessment iran lebanon yemen syria beirut israel hezbullah u russia trump gaza kamala harris ukraine	#Iran #Lebanon #Yemen #Syria #Beirut #Israel #hezbullah #USA #Russia #Trump #Gaza #KamalaHarris #Ukraine
2024-10-26 21:42:12	dramatic video shows iran military shooting israeli missiles tehran watch msn end war israel lebanon hamsa russia ukraine	#end #israel #lebanon #hamsa #russia #ukraine
2024-10-26 21:43:13	ukrainian official says full russian withdrawal needed establish peace russia vladimir putin moscow	#Russia #VladimirPutin #Moscow
2024-10-26 21:46:15	around north korean troops reportedly arrived russias kursk region potentially support counteroffensive though havent yet joined combat korea dismissed reports rumors	#North #Korean #Russia #Kursk #North #Korea
2024-10-26 21:46:20	errare humanum est perseverare autem diabolicum b r c disgregazione impero romano lezioni storiche russia	#BRICS #disgregazione #ImperoRomano #LezioniStoriche #Russia
2024-10-26 21:47:10	exclusivesatellite photos show israel hit iran missile fuelmixing facilities researchers say msn end war lebanon hamsa russia ukraine	#end #israel #lebanon #hamsa #russia #ukraine
2024-10-26 21:47:53	bu ocuu hallere sokan srail halk allah sizleri perian etsin erefsizler freepalastine filistin iran r l bnan istanbul azerbaycan cezayir libya rd n rak rkiye ankara tunus russia ukraine yemen suudiarabistan ermenistan fas moda tehran	#freepalastine #filistin #iran #mısır #lübnan #istanbul #azerbaycan #cezayir #libya #ürdün #ırak #türkiye #ankara #tunus #russia #ukraine #yemen #suudiarabistan #ermenistan #fas #moda #tehran
2024-10-26 21:47:58	north korean workers return china serious illnesses korea kim jongun russia	#NorthKorea #China #KimJong #Russia
2024-10-26 21:48:09	hebrew sources reported unprecedented security incident occurred northern palestine difficult since beginning attack lebanon iran yemen syria beirut israel hezbullah u russia trump gaza kamala harris ukraine	#Palestine #Lebanon #Iran #Yemen #Syria #Beirut #Israel #hezbullah #USA #Russia #Trump #Gaza #KamalaHarris #Ukraine
2024-10-26 21:48:29	georgia gruzja russia two opposition georgian parties say recognize election results already announced mass protests coalition negotiations amp closing polling stations	#Georgia #Gruzja #Russia
2024-10-26 21:50:26	un neonato stato seppellito volnyansk zaporizhia ucciso da missile russo sul reparto maternit di ospedale sergey aveva due giorni sua madre lo messo dormire accanto lei quando il razzo ha colpito lospedale russia ucraina putin via mykhailorohoza	#Russia #Ucraina #Putin
2024-10-26 21:50:28	russia helping iranbacked houthi rebels target british western ships red sea reportedly using russian satellite data received thru irans revolutionary guards r g c increase drone missile strikes commercial vessels	#Russia #Iran #Houthi #Iran #IRGC
2024-10-26 21:51:42	mikiashvilim cant deal russians dream party gently remember lenin trockyi seized power russia drunken sailors mobs	#Russians #Russia
2024-10-26 21:52:28	cfl commissioner randy ambrosie set retire msn end war israel lebanon hamsa russia ukraine	#end #israel #lebanon #hamsa #russia #ukraine
2024-10-26 21:53:11	elonmusk feeling proud starlink putin russia russials terrorist state	#Starlink #Putin #Russia #RussialsATerroristState
2024-10-26 21:53:50	fair brazil allowed kleptocrstic basket case economy world enter b r cs already carry burdensome dead weight russia wouldve step fat amp far even group lift defend democracy	#Brazil #BRICs #Russia #DefendDemocracy
2024-10-26 21:53:56	killed rocket attacks central ukraine kyiv war russia	#WarInUkraine #Russia #Attacks
2024-10-26 21:54:02	trump electionresult donald j u election kamala harris germany france k russia turkey iran israel	#Trump #electionresult2024 #DonaldJTrump #USElection2024 #KamalaHarris #Harris #USA #Germany #France #UK #Russia #Turkey #Iran #Israel
2024-10-26 21:54:13	us intelligence says russia g p gang putin behind video ballots destroyed pennsylvania	#Russia #GOP #GangOfPutin
2024-10-26 21:54:41	starlink elonmusk feel terrorist accomplice genocide enabler putin russia russials state	#Starlink #Putin #Russia #RussialsATerroristState
2024-10-26 21:55:23	already w jews building western goy ready die govt sunni govts jewish controlled hands population fight supremacy freedom russia	#WW3 #russia
2024-10-26 21:56:14	israel idf r c iran isra l obscurantism mullahs global threat even russia china must neutralize regime nuclear weapon isral job netanyahu	#RDC #Iran #Israël #Mullahs #GlobalThreat #Russia #China #NuclearWeapon
2024-10-26 21:59:00	b r e k n g u c w russia panic central park moscow region massive shooting reported pushkino gunshots alleged brawl casualties ultimahora tiroteo	#BREAKING #RUSSIA #MOSCOW #RUSIA #MOSCÚ #Ultimahora #Pushkino #Shooting #Tiroteo
2024-10-26 21:59:51	b r c th summit multipolar world mundo multi polar brasil brazil india south africa sudafrica russia rusia china xi jinping vladimir putin sovereignty soberania economia economy development desarrollo	#BRICS #BRICS2024 #BRICS16thSummit #MultipolarWorld #MundoMultiPolar #Brasil #Brazil #India #SouthAfrica #Sudafrica #Russia #Rusia #China #RussiaAndChina #RusiaYChina #XiJinping #VladimirPutin #Sovereignty #sovereignty #Soberania #Economia #Economy #development #desarrollo
2024-10-26 22:00:00	engage turkey russia gulf states basically anyone willing pay oana popescuzamfir oanapope director globalfocus center said georgian dream party full interview	#Turkey #Russia #GeorgianDream
2024-10-26 22:00:01	acidente de helicptero na rssia mata quatro um mi caiu em uma floresta russa matando piloto mdico e dois paramdicos bordo seja informado inteligente hot news fonte sun helic ptero r ssia trag dia	#AcidenteDeHelicóptero #Rússia #Tragédia
2024-10-26 22:00:29	italian curators artists continue take projects russia art contemporary global	#ItalianArt #ArtCurators #Russia #ContemporaryArt #GlobalArt
2024-10-26 22:01:12	wenn das stimmt werden bald hisbollah hamas hourhies nichts mehr zum schieen haben toralversagen der flugabwehr putin russia hezbollah lebanon iran mullahs israel	#Hamas #Putin #Russia #Hezbollah #Lebanon #Iran #Mullahs #Israel
2024-10-26 22:02:15	drelidavid kind fantasy r u	#RUSSIA
2024-10-26 22:03:20	latest air quality index cities russia caution residents unhealthy hazardous areas avoid outdoor activities moscow saint petersburg novosibirsk nizhny novgorod chelyabinsk news public health	#Moscow #SaintPetersburg #Novosibirsk #NizhnyNovgorod #Chelyabinsk #Russia #AirQuality #News #PublicHealth
2024-10-26 22:04:02	american journalist anya parampil says time russia iran humanity take trash calls israel	#Russia #Iran #Israel
2024-10-26 22:04:17	russian intelligence warned iran israels attack hours advancerussiaisraeliran	#Russia #Israel #Iran
2024-10-26 22:05:52	obama said best russia	#Russia
2024-10-26 22:06:10	latest compiled analysis opinion amp mapping updates events ukraine effect upon wider world west losing elites finally face reality relevant items entered russia u k e n z v	#Russia #USA #UK #EU #NATO #Ukraine #SMO #ZOV #Z
2024-10-26 22:06:24	russiaukraine war frontline update october	#Russia #Ukraine
2024-10-26 22:07:56	aproximidad b r e k n g u c w russia panic central park moscow region massive shooting reported pushkino gunshots alleged brawl casualties ulti	#Aproximidad #BREAKING #RUSSIA #MOSCOW #RUSIA #MOSCÚ #Ulti
2024-10-26 22:07:57	usuk saudiuae world leaders reacted israels retaliatory strikes iran msn end war israel lebanon hamsa russia ukraine	#end #israel #lebanon #hamsa #russia #ukraine
2024-10-26 22:08:04	putin wants annex ukraine russia force middle ages lukashenko said part russian elite would mind annexing belarus however according attempts lead war live	#Putin #Ukraine #Russia #Belarus
2024-10-26 22:08:16	russia terrorist state china iran axis evil pure north korea musk trump thiel j vance	#RussiaIsATerroristState #Russia #China #Iran #AxisOfEvil #PureEvil #NorthKorea #Musk #Trump #Thiel #JDVance
2024-10-26 22:08:48	un secretary general removed going russia guterres shamefully meets putin lukashenko b r c via cfrorg	#Russia #Guterres #Putin #Lukashenko #BRICS
2024-10-26 22:08:59	russia	#Russia
2024-10-26 22:11:09	jeffreymlevy elonmusk price real estate skyrocketed young people cant afford buy new homes part russian oligarchs laundering money american trump made millions helping friends russia towers	#Russia #RussiaBuyTrumpTowers
2024-10-26 22:11:16	b r c grows adding new partner countries historic summit russia via youtube bricssummit china india boycottthepetrodollar promoteagorism	#BRICS #Russia #bricssummit #china #india #boycottthepetrodollar #promoteagorism
2024-10-26 22:11:17	georgia russia terrorist state china iran axis evil pure north korea musk trump thiel j vance	#Georgia #RussiaIsATerroristState #Russia #China #Iran #AxisOfEvil #PureEvil #NorthKorea #Musk #Trump #Thiel #JDVance
2024-10-26 22:12:05	n israel hisbollah krieg russia w kursk dritter weltkrieg dieses buch rumt mit missverstndnissen ber die geschichte israels und palstinas auf erlutert dann einen neuen aspekt des pakts der vor terrorismus schtzen knnte	#NATO #Israel #Hisbollah #Krieg #Russia #WWIII #Kursk #Dritter #Weltkrieg
2024-10-26 22:12:32	n israel iran mossad hezbollah w russia kursk book contains complex history west ukraine kievan rus world war ii february various crimes along military strategies	#NATO #Israel #Iran #Mossad #Hezbollah #WWIII #Russia #Kursk
2024-10-26 22:13:03	russia la soffiata alliran prima dellattacco di israele che ha limitato danni lasse antinato e minaccia nucleare	#Russia #soffiata
2024-10-26 22:13:22	ccp russia lead brics push new payment system challenge swiftmiles guo revelation ccps financial warfare swift miles b r c w f dollar take p	#MilesGuo #BRICS #SWIFT #Dollar #TakeDownTheCCP #CCP #Russia
2024-10-26 22:13:48	n israel iran mossad hezbollah w russia sinwar kursk intel report leaks irans plan launch surprise attack next year june september fight life	#NATO #Israel #Iran #Mossad #Hezbollah #WWIII #Russia #Sinwar #Kursk
2024-10-26 22:13:50	breaking news russian intelligence warned iran israels attack hours advance middle east war gaza israel nuclear deal russia vini	#BreakingNews #Iran #MiddleEast #WarInGaza #IsraelUnderAttack #IranNuclearDeal #Russia
2024-10-26 22:14:47	n israel iran mossad hezbollah w russia nasdaq look currency americans using pay groceries	#NATO #Israel #Iran #Mossad #Hezbollah #WWIII #Russia #Nasdaq
2024-10-26 22:15:00	n israel hisbollah mossad war russia w kursk dieses buch enthlt eine komplexe geschichte des westens russlands und der ukraine von kiewer rus ber den zweiten weltkrieg bis zum februar zusammen mit angewandten strategien	#NATO #Israel #Hisbollah #Mossad #war #Russia #WWIII #Kursk
2024-10-26 22:15:42	hitler knew rothschilds putin wont allow russia zionists jewishlobby trump harris creepsinsuits	#Hitler #rothschilds #Putin #Russia #zionists #jewishlobby #trump #harris #creepsinsuits
2024-10-26 22:16:08	n israel vaccine r f k mossad hezbollah w russia book covers trump derangement syndrome blm nuremberg violations ukraine middle east	#NATO #Israel #vaccine #RFK #Mossad #Hezbollah #WWIII #Russia
2024-10-26 22:16:21	n israel iran hezbollah w mossad russia kursk book explains invaded ukraine odessa fire nato expansion us impunity middle east well war crimes iraq libya syria afghanistan	#NATO #Israel #Iran #Hezbollah #WWIII #Mossad #Russia #Kursk
2024-10-26 22:16:55	n israel iran hezbollah w mossad russia kursk erdogan emerging imperial threat	#NATO #Israel #Iran #Hezbollah #WWIII #Mossad #Russia #Kursk
2024-10-26 22:16:59	possibility islamic republic iran army carry sadeq operation air force destroy israels infrastructure fleet native aircraft missiles w n e r russia f israel iraq gaza lebanon	#WINTER #Russia #IDF #Israel #Iran #Iraq #Gaza #Lebanon
2024-10-26 22:17:10	w n israele hezbollah war russia kursk questo libro contiene una storia complessa delloccidente della e dellucraina dalla rus di kiev attraverso la seconda guerra mondiale fino al febbraio insieme alle applicate strategie	#WWIII #NATO #Israele #Hezbollah #war #Russia #kursk
2024-10-26 22:17:27	israel attacks iran israels strikes exercise self defence says white house msn end war lebanon hamsa russia ukraine	#end #israel #lebanon #hamsa #russia #ukraine
2024-10-26 22:17:55	n israel iran war zelenskyy hezbollah w yemen russia mossad kursk book explains islamic terrorism cia subversion tactics way ukraine would defeat russian military	#NATO #Israel #Iran #war #zelenskyy #Hezbollah #WWIII #yemen #Russia #Mossad #Kursk
2024-10-26 22:18:08	n izrael iran rafah iron dome hezbollah w russia kyiv mossad ta ksika wyjania jaki sposb terroryzm islamski taktyki wywrotowe cia jedyny ukraina moe pokona rosyjskie wojsko	#NATO #Izrael #Iran #Rafah #IronDome #Hezbollah #WWIII #Russia #Kyiv #Mossad
2024-10-26 22:19:41	natalia lorddracula knowledge long visits beloved trash russia	#Russia
2024-10-26 22:20:41	n isra l hezbollah w paris kursk russia ce livre contient une histoire complexe de loccident la russie et lukraine kivienne seconde guerre mondiale jusquau fvrier ainsi que les stratgies employes	#NATO #Israël #Hezbollah #WWIII #Paris #Kursk #Russia
2024-10-26 22:20:54	russian ministry defense air defenses destroyed ukrainian drones within hour minutes voronezh region bryansk lipetsk one belgorod russia ukraine	#Belgorod #Russia #Ukraine
2024-10-26 22:22:20	russia kyiv n israel iran hezbollah w yemen mossad kursk krieg peace treaty could prevented war ukraine read chapter	#Russia #Kyiv #NATO #Israel #Iran #Hezbollah #WWIII #yemen #Mossad #Kursk #krieg
2024-10-26 22:22:32	n israel iran racist russia black hezbollah w kamala trump blm obama derangement syndrome antiwhite antiisrael antirussian provax pro hamas sentiments led demise united states	#NATO #Israel #Iran #racist #Russia #black #Hezbollah #WWIII #Kamala #Trump
2024-10-26 22:22:33	soccerman city go top saints win villa third despite draw msn end war israel lebanon hamsa russia ukraine	#end #israel #lebanon #hamsa #russia #ukraine
2024-10-26 22:22:46	n israele iran razzist russia black hezbollah w yemen islam come sentimenti blm obama trump antibianchi antiisraele antirussi provax e pro hamas hanno portato alla morte degli stati uniti	#NATO #Israele #Iran #razzist #Russia #black #Hezbollah #WWIII #yemen #Islam
2024-10-26 22:23:35	n war crimes u army humanity nazi ukraine union europea k e germany spain france russia rusia rusos istandwithrussia stand china chinese xi jinping vladimir putin	#NATO #OTAN #WarCrimes #USA #USArmy #CrimesAgainstHumanity #NaziUkraine #NaziOTAN #NaziUnionEuropea #NaziUK #NaziEU #NaziGermany #NaziSpain #NaziFrance #Russia #Rusia #Rusos #istandwithrussia #StandWithRussia #China #chinese #RussiaAndChina #RusiaYChina #XiJinping #VladimirPutin
2024-10-26 22:23:50	closely watch starts congratulating georgian dream victory tomorrow morning viktor orbn first world congratulate prime minister irakli kobakhidze russia china next	#Russia #China
2024-10-26 22:23:59	n israel iran racist russia disney hezbollah w lebanon manifesto lays plan mark beast system replace united states constitution official moral legal directive usa	#NATO #Israel #Iran #racist #Russia #disney #Hezbollah #WWIII #lebanon
2024-10-26 22:25:53	via nytimes russia interfering election want trump elected tell traitor nation votebluetosaveamerica	#russia #trump #votebluetosaveamerica
2024-10-26 22:25:59	saturday night occupied crimea often deadly russian war criminals russia putin crimes agains humanity	#Russia #Putin #CrimesAgainsHumanity
2024-10-26 22:26:04	russians deliver attacks pokrovsk kurakhove fronts general staff c cmedia kharkiv kostiantynivka kupiansk lyman makiivka russia ukraine b breaking	#Kurakhove #IOC #IOCmedia #Kharkiv #Kostiantynivka #Kupiansk #Lyman #Makiivka #Russia #Ukraine #BBCBreaking
2024-10-26 22:27:04	berlins famous buildings turn lights save energy b e r l n g c h f u w	#BERLIN #ENERGY_CRISIS #ENERGY_SHORTAGES #FEATURED #GERMANY #MAIN_HEADLINES #RUSSIA #WORLD_NEWS
2024-10-26 22:27:12	ecco qua avevo il sospetto eh miei tuit con tag g gi non vengono mostrati nemmeno nella mia timeline ed per impossibile recuperarli musk russia	#musk #russia
2024-10-26 22:27:18	ms harris seen continuity candidate likely match mr bidens steady unimaginative backing ukraine russia war trump kamala election n joe biden	#UkraineRussiaWar #Trump #KamalaHarris #Election2024 #NATO #Russia #JoeBiden
2024-10-26 22:28:21	b r c meeting russia head u n present completed th coincidentally conveniently conclusion israel responds iran	#BRICS #Russia #UN #Israel #Iran
2024-10-26 22:29:09	musk israel russia hezbollah astrology book w predicted ask reading first part mars religious social system logical disbelieve influence read preview	#Musk #Israel #Russia #Hezbollah #astrology #book #WWIII #predicted
2024-10-26 22:29:18	liberao completa pelo exercito da rssia cidade de gornyak na direo kurakhovsky rusia russia russian russians ukrainian war army ukraine ukraina ucrania	#Rusia #Russia #Russian #Russians #RussianUkrainianWar #RussianArmy #UkraineRussiaWar #Ukraina #Ucrania
2024-10-26 22:29:40	n israel russia hezbollah astrology book w kursk ask reading first part mars religious social system logical disbelieve influence read preview	#NATO #Israel #Russia #Hezbollah #astrology #book #WWIII #kursk
2024-10-26 22:30:23	wanna hear joke r u russia	#RUSSIA #RussiaIsAJoke
2024-10-26 22:31:36	russia ukraine war vladimir putin pres zelenskyy kremlin talking points north koreantroops	#Russia #Ukraine #war #VladimirPutin #PresZelenskyy #Kremlin_talking_points #NorthKoreantroops
2024-10-26 22:34:01	im business attorney met russians negotiated deals russia open usbased companies big deal hear read keith arrest immediately olbermann elon musk cocaine kamala trump g	#Russia #KeithOlbermann #Elon #ElonMusk #CocaineKamala #Kamala #Trump #MAGA
2024-10-26 22:34:07	timorahkonen senoreamore russia	#Russia
2024-10-26 22:35:41	russian attacks central ukraine kyiv kill russia	#Russia #attacks #central #Ukraine #Kyiv #kill
2024-10-26 22:35:59	sei il grande dittatore pucci putin e la tua economia grazie alle sanzioni occidentali va talmente bene che tu ritrovi con tassi di interesse al scopriamo cosa andato storto allanalisi dellavvocato frankcatania ukraine russia	#Ukraine #russia
2024-10-26 22:36:42	zelenskyy rejects un chiefs visit meeting putin guterres welcome kyiv shook hands russian president ukraine war russia warrussia kursk battle	#UkraineRussianWar #UkraineWar #UkraineRussiaWar #Russia #Ukraine #Kursk #KurskBattle
2024-10-26 22:38:44	goblin day banggggg vip rose coming nba w n b trending meme tiktok linkinbio lol china trump mlb baseball basketball instagram twitter trend russia enchanting nfl mma ufc	#RoseIsComing #nba #WNBA #trending #meme #tiktok #linkinbio #lol #china #trump #mlb #baseball #basketball #instagram #twitter #trend #TrendingNow #russia #enchanting #nfl #mma #ufc
2024-10-26 22:39:50	exclusivesatellite photos show israel hit iran missile fuelmixing facilities researchers say missiles satellite russia	#Iran #Israel #Missiles #Satellite #Russia
2024-10-26 22:39:54	musk secret contact putin since says bombshell new report russian president even asked billionaire starlink favor ukraine war russia warrussia kursk battle	#Starlink #UkraineRussianWar #UkraineWar #UkraineRussiaWar #Russia #Ukraine #Kursk #KurskBattle
2024-10-26 22:40:25	concerning russia nukes north korea	#russia #nukes #NorthKorea
2024-10-26 22:43:21	microinteracti jdvance wants giving parts america russia	#America #Russia
2024-10-26 22:44:56	make russia small againand swamp	#Russia
2024-10-26 22:45:06	interessante pezzo di rampini diventare meno dipendenti dalla protezione americana costa salvo consegnarsi come subalterni alla russia cina la difesa una sfida impegnativa anche questo parla il rapporto draghi guarda caso uno degli aspetti subito dimenticati	#rampini #Russia #Cina #Draghi
2024-10-26 22:45:29	wow china russia	#china #Russia
2024-10-26 22:47:29	japan election polls open ruling ldp facing tight race msn end war israel lebanon hamsa russia ukraine	#end #israel #lebanon #hamsa #russia #ukraine
2024-10-26 22:47:30	russia pur di fare dispetto putin per l u e diventata importante anche la georgia milioni abitanti nel se si pensa che sola lombardia ne aveva dove vogliamo arrivare da	#Russia #Putin #UE #Georgia
2024-10-26 22:47:45	church fakes russian propaganda selling prayers mobilization cursing critics zelenskys victory plan ukraine war russia warrussia kursk battle	#Church #UkraineRussianWar #UkraineWar #UkraineRussiaWar #Russia #Ukraine #Kursk #KurskBattle
2024-10-26 22:48:14	russia making fake videos ads order get people vote realdonaldtrump dont see anything wrong	#Russia
2024-10-26 22:50:16	trump unfit office vance u election elon musk iron dome iran russia ukraine war isreal	#TrumpIsUnfitForOffice #TrumpVance2024 #USElection2024 #ElonMusk #IronDome #Iran #Russia #UkraineWar #Isreal
2024-10-26 22:51:01	russia working overtime confuse voters vote blue save freedom u	#Russia #VoteBlueToSaveYourFreedomAndTheUSA
2024-10-26 22:53:35	racing along defunct railroad russian motorized troops trying surround ukrainian brigade selydove russia	#Russia
2024-10-26 22:54:08	ww fears explode nuke warning us says ready world war government canada usa f e shtf w china ukraine russia israel iran n news via youtube	#Government #canada #usa #FEMA #shtf #WW3 #China #UkraineRussiaWar #Ukraine #Russia #Israel #Iran #NATO #news
2024-10-26 22:54:46	israel u ukraine gaza netanyahu lebanon nasrallah iran russia china f sinwar	#اسرائيل #عمليات_خيبر #ايران #غزة #جنوب_لبنان #อ #Israel #USA #Ukraine #Gaza #Netanyahu #Lebanon #Nasrallah #Iran #Russia #China #IDF #Sinwar
2024-10-26 22:55:32	sri lanka accepted partner membership country b r c summit held kazan russia permission also given join brics new development banksays mfasrilanka minister vijitha herath	#SriLanka #BRICS #Kazan #Russia
2024-10-26 22:56:54	north korea russia ukraine crisis	#NorthKorea #Russia #UkraineCrisis
2024-10-26 22:57:03	italys salvini scrutiny russia ties wake government collapse e u r p l n h w	#EU #EUROPE #ITALY #MAIN_HEADLINES #RUSSIA #WORLD_NEWS
2024-10-26 22:58:33	attacks anticultists l r creative society participants truth usa russia	#Attacks #anticultists #ALLATRA #CreativeSociety #truth #Usa #Russia
2024-10-26 22:58:54	putin stable diffusionphotoshopipad vladimirputin iart art commuity aiartdaily aiartist artist community society artwork rolling stone columbiarecords russia saturdayfun saturday mood sass vibes	#vladimirputin #AIart #AIArtCommuity #aiartdaily #aiartist #AIArtistCommunity #AIArtSociety #AIArtwork #RollingStone #columbiarecords #putin #russia #saturdayfun #SaturdayMood #SaturdaySass #SaturdayVibes
2024-10-26 22:59:46	deadly reason musks secret putin talks damn scary elon musk vladimir china russia	#ElonMusk #VladimirPutin #China #Russia
2024-10-26 23:00:02	russia sentences revil ransomware gang members historic ruling cybercriminals face prison group behind damages first major conviction sentencing details year terms crypto assets seized	#ransomware #Russia
2024-10-26 23:00:57	us confirms north korean troops russia amid fears theyll sent fight ukraine korea kim jongun	#Russia #NorthKorea #KimJong
2024-10-26 23:01:10	ukrainian marines paratroopers backed tanks turned site war crime road death russian troops russia	#Russia
2024-10-26 23:02:16	pror u g e r n dream party wins parliamentary elections georgias proeu opposition says election stolen	#RUSSIA #GEORGIAN #Georgia
2024-10-26 23:02:34	mykhailorohoza yes russia one	#Russia
2024-10-26 23:04:30	ukraine war journalist front line reports loss four villages donetsk borys myroshnykov also says kurakhove captured russia soon stop	#Ukraine #Donetsk #Kurakhove #Russia #StopRussia
2024-10-26 23:05:52	gilgame antonio bought russia	#Russia
2024-10-26 23:06:56	la russia isolata	#Russia
2024-10-26 23:08:10	reason found p diddy scandal fascinating reflection corruption society eastern countries russia want reject communities russian ukrainian war pdiddyexposed pdiddyparty pdiddy files pdiddysecrets puffdaddy	#Russia #RussianUkrainianWar #pdiddyexposed #pdiddyparty #PdiddyFiles #pdiddysecrets #puffdaddy
2024-10-26 23:08:32	odessa powerful fire continues landing site secondary detonations heard according first reports warehouses weapons ammunition hit ukraine russia russian ukrainian war	#Ukraine #Odessa #Russia #RussianUkrainianWar
2024-10-26 23:08:48	attack drones clcross border ukraine still russias killing machines flying numbers keep changing thats end thread tonight wishing peaceful night youre europe put clocks back	#Ukraine #Russia
2024-10-26 23:08:49	war nothing grudge people destroying innocent lives face selfishness even forget build destroy russia putin modi ji ukraine zelenski p e l save chidren world wide gaza iran stop izrael	#Russia #Putin #ModiJi #Ukraine #Zelenski #war #PEOPLE #SaveTheChidrenWorldWide #Gaza #Iran #stop #Izrael
2024-10-26 23:09:19	helicopter crash kills pilot amp three medics air ambulance plummets russian forest russia volcano caraccident accident	#Russia #Volcano #Caraccident #Accident
2024-10-26 23:10:25	kiev ukraine russia kyiv war	#Kiev #Ukraine #Russia #Kyiv #UkraineRussiaWar
2024-10-26 23:12:10	drug take back day coming groton msn end war israel lebanon hamsa russia ukraine	#end #israel #lebanon #hamsa #russia #ukraine
2024-10-26 23:14:30	russian central bank b c r announced friday october sharp increase key interest rate record since inflation russia	#BCR #inflation #Russia
2024-10-26 23:14:36	smi basilio v di moscovia vassilij ivanovi ujskij ninij novgorod settembre gostyninsettembre zar russia dal al rappresentante della famiglia principesca degli shuisky ramo suzdal dei rurikovich regno russo	#BasilioIV #VassilijIVIvanovičŠujskij #22Settembre1552 #12Settembre1612 #Russia #RegnoRusso
2024-10-26 23:14:40	israel always supported india turn support stands stand isreal iran world war attack russia benjamin enemy humanity	#IStandWithIsrael #Isreal #Iran #WorldWar3 #IranAttack #Russia #Israel #Benjamin #Israel_Enemy_of_Humanity
2024-10-26 23:15:11	men russia around drug store	#men #in #russia #around #drug #store
2024-10-26 23:16:51	selydove captured russians along vyshneve russia ukraine russian ukrainian war real madrid biden trump putin gaza israel inflation china crypto iran	#Russia #Ukraine #Russian #Ukrainian #UkraineRussiaWar #UkraineWar #RealMadrid #Biden #Trump #Putin #Gaza #Israel #inflation #China #Crypto #Iran
2024-10-26 23:19:29	ukraine striking deeper inside russia reshaping war restrictions american missiles remain kyiv leveraged drone attacks inflict growing pain across w j c putin zelenskyy ukrainians	#Ukraine #Russia #War #missiles #Kyiv #DroneAttacks #WSJ #ATACMS #WarInUkraine #Putin #Zelenskyy #Ukrainians
2024-10-26 23:21:15	russian forces control road leading south selydove novodmytrivka russia ukraine war army russians elon musk barcelona real madrid u biden trump putin gaza israel iran	#Russia #Ukraine #UkraineRussiaWar #RussianArmy #Russians #ElonMusk #Barcelona #RealMadrid #RealMadridBarcelona #USA #Biden #Trump #Putin #Gaza #Israel #Iran
2024-10-26 23:23:56	russian attacks prompts ukraines zelenskiy ask allies resolve russia moscow	#Russia #Moscow
2024-10-26 23:24:28	pact future calls accelerating reform international financial architecture outdated ineffective unfair unitednations unsecretary guterress financialsystems financialreform b r c gnu brazil russia india china southafrica	#unitednations #unsecretary #guterress #financialsystems #financialreform #BRICS2024 #gnu #brazil #russia #india #china #southafrica
2024-10-26 23:26:04	ukraine forced fight north korea zelenskyy moscow russia volodymyr b c breaking	#Ukraine #Moscow #Russia #Volodymyr #BBCBreaking
2024-10-26 23:26:08	russiaisntenemy linw youre somewhat correct good russian people enemybut putin war mongering russians absolutely everyones enemy russia ukraine statedept vp potus	#Russia #Ukraine #Putin #War
2024-10-26 23:26:26	empathy something western leaders lack blind people great sensing true emotions amp women doesnt meet dictator presstitutes like sell us honorable president russia sir vladimir vladimirovich putin	#Russia #Putin
2024-10-26 23:27:17	vadim intervenga la russia	#Russia
2024-10-26 23:28:16	russians behind fake video ballots destroyed us officials say russia donald trump iran f b thats said amp radicalized gop	#Russia #DonaldTrump #Iran #FBI
2024-10-26 23:29:18	excelent isreal exclusivesatellite photos show israel hit iran missile fuelmixing facilities researchers say missiles satellite russia	#Iran #Israel #Missiles #Satellite #Russia
2024-10-26 23:30:00	russia satellite images show major expansion russian site secret bioweapons past cbrne hazmat	#Russia #cbrne #hazmat
2024-10-26 23:32:30	natos response north korean troops msn end war israel lebanon hamsa russia ukraine	#end #israel #lebanon #hamsa #russia #ukraine
2024-10-26 23:36:08	eleies na gergia partido prrssia declarado vencedor com dos votos apurados oposio favorvel integrao ue denuncia um golpe institucional tenso poltica cresce pas ge rgia elei es democracia r ssia u e apoie pixcafenofrontgmailcom	#Geórgia #Eleições #Democracia #Rússia #UE
2024-10-26 23:36:26	license war president cancelling russia	#License #President #license #Russia
2024-10-26 23:36:44	way expected everything went shit ukraine war frontline changes report russia dpa x telegram forum	#UkraineWar #Russia #Ukraine
2024-10-26 23:37:07	israels latest strike iran may actually deescalate regional tensions least u russia biden ukraine war palestine gaza israel	#Israel #Latest #Strike #Iran #Actually #De #Regional #Tensions #Now #Least #USA #Russia #Biden #Ukraine #War #Palestine #Gaza #Israel
2024-10-26 23:37:10	analyzed years trump political speeches violent rhetoric increased dramatically u russia biden ukraine war palestine gaza israel	#Analyzed #Years #Trump #Political #Speeches #Violent #Rhetoric #Increased #Dramatically #USA #Russia #Biden #Ukraine #War #Palestine #Gaza #Israel
2024-10-26 23:40:30	israel always supported india turn support stands stand isreal iran world war attack russia benjamin weekend ka vaar kanguva b star academy le live p kv e n g	#IStandWithIsrael #Isreal #Iran #WorldWar3 #IranAttack #Russia #Israel #Benjamin #WeekendKaVaar #Kanguva #SB19 #StarAcademyLeLive #PAKvENG
2024-10-26 23:40:42	thats im talking exclusivesatellite photos show israel hit iran missile fuelmixing facilities researchers say missiles satellite russia	#Iran #Israel #Missiles #Satellite #Russia
2024-10-26 23:42:30	thefigen queen ocean beatiful revistallsporte italia usa rita alba gargano pm pf kgb russia priscilafantin	#revistallsporte #italia #it #usa #Rita_alba_gargano #pm #pf #kgb #russia #priscilafantin
2024-10-26 23:42:55	irans answer israels apartheid regime america europe tricks repeated promises ceasefire gaza lebanon buying opportunities netanyahu assassination resistance leaders russia iran israel	#America #Europe #Gaza #Lebanon #ایران #Russia #أمريكا #Iran #Israel
2024-10-26 23:43:36	thefigen queen ocean beatiful revistallsporte italia usa rita alba gargano pm pf kgb russia hum	#revistallsporte #italia #it #usa #Rita_alba_gargano #pm #pf #kgb #russia #hum
2024-10-26 23:45:29	ukraine forced actually fight p r k europe complains zelensky fighting kursk sumy zaporozhye possibility dnepropetrovsk nikolaev follow abandoned limiting china russia expands dprk possibilities	#Ukraine #DPRK #Kursk #Sumy #Zaporozhye #Dnepropetrovsk #Nikolaev #Russia
2024-10-26 23:45:43	north korea provided troops russia words koreas military power temporarily reduced south seems opportunity stop armistice unify korean peninsula unified would true asian balancer	#NorthKorea #Russia #SouthKorea
2024-10-26 23:47:55	marklevinshow trump refuse criticize russia arming iran hezbollah north korea would anyone cares peace middle east europe achieving global stability trust team obviously compromised foreignpolicy	#Trump #foreignpolicy #Russia #Iran #Hezbollah
2024-10-26 23:49:12	warum zieht sich bundeskanzler scholz p zurck wschmidt fritzfelgentreu mirospd spdbt spdde cducsubt cdu ukraine russia terror	#Scholz #SPD #Ukraine #Russia #Terror
2024-10-26 23:52:10	intercepted audio reveals russian soldiers complaining north korean troops fk korea russia u n	#NorthKorea #Russia #UN
2024-10-26 23:53:05	russia mi helicopter crashed kirov region russian emergencies ministry says bodies crew members found released photos crash site source mchsofficial	#Russia
2024-10-26 23:54:38	natalie holloway dead human trafficking ring alabama u n redcross elected officials involved russia china mexico cuba canada help please	#Holloway #human #trafficking #Alabama #USA #UN #Redcross #elected #Russia #China #Mexico #Cuba #Canada #help
2024-10-26 23:57:05	eestivatnik russia	#Russia
2024-10-26 23:58:33	cuba fears total collapse amid grid failure financial crisis money power russia	#PowerGrid #Russia
2024-10-26 23:59:33	leadership iran scared israel probably wont respond daddy russia told	#Iran #Israel #Russia
