1850291702302388550	worldbestvideoo	'The IDF is postponing tomorrow‚Äôs enlistment day at Tel HaShomer due to a security assessment. #Iran #Lebanon #Yemen #Syria #Beirut #Israel #hezbullah #USA #Russia #Trump #Gaza #KamalaHarris #Ukraine https://t.co/GE5z0aNODb'	2024-10-26 21:41:33	idf postponing tomorrows enlistment day tel hashomer due security assessment iran lebanon yemen syria beirut israel hezbullah u russia trump gaza kamala harris ukraine	#Iran #Lebanon #Yemen #Syria #Beirut #Israel #hezbullah #USA #Russia #Trump #Gaza #KamalaHarris #Ukraine
1850291865309868138	finspert	'Dramatic Video Shows Iran Military Shooting Down Israeli Missiles Over Tehran | Watch - MSN https://t.co/NgR86vFBKf #end the war #israel #lebanon #hamsa #russia #ukraine https://t.co/bICbdtNR0c'	2024-10-26 21:42:12	dramatic video shows iran military shooting israeli missiles tehran watch msn end war israel lebanon hamsa russia ukraine	#end #israel #lebanon #hamsa #russia #ukraine
1850292124044190078	graceundissed	'Ukrainian official says full Russian withdrawal needed to establish peace #Russia #VladimirPutin #Moscow https://t.co/kXI821PxPA'	2024-10-26 21:43:13	ukrainian official says full russian withdrawal needed establish peace russia vladimir putin moscow	#Russia #VladimirPutin #Moscow
1850292887118094644	Cyrus_In_The_X	'Around 12,000 #North #Korean troops reportedly arrived in #Russia‚Äôs #Kursk region, potentially to support a counteroffensive, though they haven't yet joined combat. #North #Korea dismissed these reports as rumors. https://t.co/XI8RnkoyDg'	2024-10-26 21:46:15	around north korean troops reportedly arrived russias kursk region potentially support counteroffensive though havent yet joined combat korea dismissed reports rumors	#North #Korean #Russia #Kursk #North #Korea
1850292907275608451	GiornalismoLib2	'Errare humanum est, perseverare autem diabolicum https://t.co/iwE1Nsd6XR #BRICS #disgregazione #ImperoRomano #LezioniStoriche #Russia .'	2024-10-26 21:46:20	errare humanum est perseverare autem diabolicum b r c disgregazione impero romano lezioni storiche russia	#BRICS #disgregazione #ImperoRomano #LezioniStoriche #Russia
1850293062250971546	BeppeDumb	'Errare humanum est, perseverare autem diabolicum https://t.co/fx9TWxn09Z #BRICS #disgregazione #ImperoRomano #LezioniStoriche #Russia .'	2024-10-26 21:46:57	errare humanum est perseverare autem diabolicum b r c disgregazione impero romano lezioni storiche russia	#BRICS #disgregazione #ImperoRomano #LezioniStoriche #Russia
1850293118232363508	finspert	'Exclusive-Satellite photos show Israel hit Iran missile fuel-mixing facilities, researchers say - MSN https://t.co/UxKPvweMCg #end the war #israel #lebanon #hamsa #russia #ukraine https://t.co/bICbdtNR0c'	2024-10-26 21:47:10	exclusivesatellite photos show israel hit iran missile fuelmixing facilities researchers say msn end war lebanon hamsa russia ukraine	#end #israel #lebanon #hamsa #russia #ukraine
1850293295345455136	omrtsdln	'Bu √áocuƒüu Bu Hallere Sokan ƒ∞srail Halkƒ± Allah Sizleri Peri≈üan Etsin ≈ûerefsizler üò° üò° #freepalastine #filistin #iran #mƒ±sƒ±r #l√ºbnan #istanbul #azerbaycan #cezayir #libya #√ºrd√ºn #ƒ±rak #t√ºrkiye #ankara #tunus #russia #ukraine #yemen #suudiarabistan #ermenistan #fas #moda #tehran'	2024-10-26 21:47:53	bu ocuu hallere sokan srail halk allah sizleri perian etsin erefsizler freepalastine filistin iran r l bnan istanbul azerbaycan cezayir libya rd n rak rkiye ankara tunus russia ukraine yemen suudiarabistan ermenistan fas moda tehran	#freepalastine #filistin #iran #mƒ±sƒ±r #l√ºbnan #istanbul #azerbaycan #cezayir #libya #√ºrd√ºn #ƒ±rak #t√ºrkiye #ankara #tunus #russia #ukraine #yemen #suudiarabistan #ermenistan #fas #moda #tehran
1850293319873778120	graceundissed	'500 North Korean workers return from China with serious illnesses #NorthKorea #China #KimJong-un #Russia https://t.co/VSzHb4KSmp'	2024-10-26 21:47:58	north korean workers return china serious illnesses korea kim jongun russia	#NorthKorea #China #KimJong #Russia
1850293365373608376	worldbestvideoo	'üá±üáß‚ö°üáÆüá± Hebrew sources reported that an unprecedented security incident has occurred in northern #Palestine, which is the most difficult since the beginning of the attack on #Lebanon. #Iran #Yemen #Syria #Beirut #Israel #hezbullah #USA #Russia #Trump #Gaza #KamalaHarris #Ukraine https://t.co/lxr6S0jK5I'	2024-10-26 21:48:09	hebrew sources reported unprecedented security incident occurred northern palestine difficult since beginning attack lebanon iran yemen syria beirut israel hezbullah u russia trump gaza kamala harris ukraine	#Palestine #Lebanon #Iran #Yemen #Syria #Beirut #Israel #hezbullah #USA #Russia #Trump #Gaza #KamalaHarris #Ukraine
1850293446206226585	Tweet4AnnaNAFO	'üá™üá∫üá¨üá™üá∑üá∫ #Georgia #Gruzja #Russia Two opposition Georgian parties say they do not recognize the election results. The Georgian opposition has already announced mass protests after coalition negotiations &amp; the closing of all polling stations. https://t.co/llrDy4UH7w'	2024-10-26 21:48:29	georgia gruzja russia two opposition georgian parties say recognize election results already announced mass protests coalition negotiations amp closing polling stations	#Georgia #Gruzja #Russia
1850293937522741440	alterchiton	'Un neonato √® stato seppellito a Volnyansk, Zaporizhia, ucciso da un missile russo sul reparto maternit√† di un ospedale. Sergey, aveva due giorni. Sua madre lo aveva messo a dormire accanto a lei quando il razzo ha colpito l'ospedale. #Russia #Ucraina #Putin Via @MykhailoRohoza https://t.co/gL4pyQgEZS'	2024-10-26 21:50:26	un neonato stato seppellito volnyansk zaporizhia ucciso da missile russo sul reparto maternit di ospedale sergey aveva due giorni sua madre lo messo dormire accanto lei quando il razzo ha colpito lospedale russia ucraina putin via mykhailorohoza	#Russia #Ucraina #Putin
1850293949338186089	OlivierGuitta	'#Russia has been helping #Iran-backed #Houthi rebels target British and Western ships in the Red Sea. They have reportedly been using Russian satellite data, received thru #Iran's Revolutionary Guards (#IRGC), as they increase drone and missile strikes on commercial vessels'	2024-10-26 21:50:28	russia helping iranbacked houthi rebels target british western ships red sea reportedly using russian satellite data received thru irans revolutionary guards r g c increase drone missile strikes commercial vessels	#Russia #Iran #Houthi #Iran #IRGC
1850294259179749857	LOLRUZZIANTROLL	'@Mikiashvili_M You cant deal with #Russians (Dream party) gently ! Remember how Lenin with Trockyi seized the power over #Russia with few drunken sailors and mobs !!!'	2024-10-26 21:51:42	mikiashvilim cant deal russians dream party gently remember lenin trockyi seized power russia drunken sailors mobs	#Russians #Russia
1850294452423696694	finspert	'CFL commissioner Randy Ambrosie set to retire in 2025 - MSN https://t.co/Ae7b4T93YW #end the war #israel #lebanon #hamsa #russia #ukraine https://t.co/bICbdtNR0c'	2024-10-26 21:52:28	cfl commissioner randy ambrosie set retire msn end war israel lebanon hamsa russia ukraine	#end #israel #lebanon #hamsa #russia #ukraine
1850294632099570167	masha_dieSonne	'@elonmusk Feeling proud of yourself? #Starlink #Putin #Russia #RussialsATerroristState https://t.co/rO0PMsjC2e'	2024-10-26 21:53:11	elonmusk feeling proud starlink putin russia russials terrorist state	#Starlink #Putin #Russia #RussialsATerroristState
1850294796402716937	PowerON_SA	'To be fair, if #Brazil had allowed the kleptocrstic basket case economy of the world to enter #BRICs, when it already has to carry the burdensome dead weight #Russia, it would've been a step too fat &amp; far, even for this group to lift. #DefendDemocracy https://t.co/IqWngQDGrS'	2024-10-26 21:53:50	fair brazil allowed kleptocrstic basket case economy world enter b r cs already carry burdensome dead weight russia wouldve step fat amp far even group lift defend democracy	#Brazil #BRICs #Russia #DefendDemocracy
1850294821359137047	RksNews	'5 Killed in Rocket Attacks in Central Ukraine and Kyiv! #WarInUkraine #Russia #Attacks https://t.co/jBzPl5ftWC'	2024-10-26 21:53:56	killed rocket attacks central ukraine kyiv war russia	#WarInUkraine #Russia #Attacks
1850294846549901682	DNZeitung	'#Trump #electionresult2024 #DonaldJTrump #USElection2024 #KamalaHarris #Harris #USA #Germany #France #UK #Russia #Turkey #Iran #Israel'	2024-10-26 21:54:02	trump electionresult donald j u election kamala harris germany france k russia turkey iran israel	#Trump #electionresult2024 #DonaldJTrump #USElection2024 #KamalaHarris #Harris #USA #Germany #France #UK #Russia #Turkey #Iran #Israel
1850294889424253254	ABQPI	'US intelligence says #Russia #GOP (#GangOfPutin) is behind video of ballots being destroyed in Pennsylvania https://t.co/90dn5b8nqz'	2024-10-26 21:54:13	us intelligence says russia g p gang putin behind video ballots destroyed pennsylvania	#Russia #GOP #GangOfPutin
1850295009896997254	masha_dieSonne	'@Starlink @elonmusk How does it feel to be a terrorist accomplice and genocide enabler? #Starlink #Putin #Russia #RussialsATerroristState https://t.co/R1guedLFgO'	2024-10-26 21:54:41	starlink elonmusk feel terrorist accomplice genocide enabler putin russia russials state	#Starlink #Putin #Russia #RussialsATerroristState
1850295183520436318	MrKuznets	'We are already in #WW3 . The jews are building up their western goy who are ready to die for them. All western govt, sunni govts are Jewish controlled. Its all in the hands of the population now. Will you fight for jewish supremacy again? Or fight for freedom #russia'	2024-10-26 21:55:23	already w jews building western goy ready die govt sunni govts jewish controlled hands population fight supremacy freedom russia	#WW3 #russia
1850295400038551909	tokwauluaena2	'@Israel @IDF #RDC #Iran #Isra√´l The obscurantism of the #Mullahs is a #GlobalThreat even to #Russia and #China. We must neutralize Mullah‚Äôs regime before it has #NuclearWeapon. Isra√´l must do the job @netanyahu üá¶üá∑ https://t.co/XjSDyQ904j'	2024-10-26 21:56:14	israel idf r c iran isra l obscurantism mullahs global threat even russia china must neutralize regime nuclear weapon isral job netanyahu	#RDC #Iran #Isra√´l #Mullahs #GlobalThreat #Russia #China #NuclearWeapon
1850296095748038867	LoveWorld_Peopl	'#BREAKING #RUSSIA #MOSCOW #RUSIA #MOSC√ö üî¥ RUSSIA :üìπ PANIC IN CENTRAL PARK IN MOSCOW REGION ! MASSIVE SHOOTING REPORTED AT CENTRAL PARK IN PUSHKINO The gunshots were reported at Central Park after an alleged brawl. No casualties. #Ultimahora #Pushkino #Shooting #Tiroteo https://t.co/tDPFJ0VOrO'	2024-10-26 21:59:00	b r e k n g u c w russia panic central park moscow region massive shooting reported pushkino gunshots alleged brawl casualties ultimahora tiroteo	#BREAKING #RUSSIA #MOSCOW #RUSIA #MOSC√ö #Ultimahora #Pushkino #Shooting #Tiroteo
1850296310517411992	KatLavanderos	'#BRICS #BRICS2024 #BRICS16thSummit #MultipolarWorld #MundoMultiPolar #Brasil #Brazil #India #SouthAfrica #Sudafrica #Russia #Rusia #China #RussiaAndChina #RusiaYChina #XiJinping #VladimirPutin #Sovereignty #sovereignty #Soberania #Economia #Economy #development #desarrollo'	2024-10-26 21:59:51	b r c th summit multipolar world mundo multi polar brasil brazil india south africa sudafrica russia rusia china xi jinping vladimir putin sovereignty soberania economia economy development desarrollo	#BRICS #BRICS2024 #BRICS16thSummit #MultipolarWorld #MundoMultiPolar #Brasil #Brazil #India #SouthAfrica #Sudafrica #Russia #Rusia #China #RussiaAndChina #RusiaYChina #XiJinping #VladimirPutin #Sovereignty #sovereignty #Soberania #Economia #Economy #development #desarrollo
1850296348492570818	TVPWorld_com	"'""They engage with #Turkey, with #Russia, with the Gulf states, with basically anyone who is willing to pay,"" Oana Popescu-Zamfir @OanaPope, Director at the GlobalFocus Center, said about the #GeorgianDream party. Full interview‚ñ∂Ô∏èhttps://t.co/lPYmRzhwvX https://t.co/lbjAdblvQS'"	2024-10-26 22:00:00	engage turkey russia gulf states basically anyone willing pay oana popescuzamfir oanapope director globalfocus center said georgian dream party full interview	#Turkey #Russia #GeorgianDream
1850296350849544571	HotNews72346962	'ACIDENTE DE HELIC√ìPTERO NA R√öSSIA MATA QUATRO üö® Um helic√≥ptero Mi-2 caiu em uma floresta russa, matando o piloto, um m√©dico e dois param√©dicos a bordo. Seja Informado, Seja Inteligente, Seja Hot News! Fonte: The Sun #AcidenteDeHelic√≥ptero #R√∫ssia #Trag√©dia https://t.co/fZgvzMhiMC'	2024-10-26 22:00:01	acidente de helicptero na rssia mata quatro um mi caiu em uma floresta russa matando piloto mdico e dois paramdicos bordo seja informado inteligente hot news fonte sun helic ptero r ssia trag dia	#AcidenteDeHelic√≥ptero #R√∫ssia #Trag√©dia
1850296469254808042	artpricedotcom	'Italian Curators and Artists Continue to Take on Projects in Russia #ItalianArt #ArtCurators #Russia #ContemporaryArt #GlobalArt https://t.co/j7Ugpxnxug'	2024-10-26 22:00:29	italian curators artists continue take projects russia art contemporary global	#ItalianArt #ArtCurators #Russia #ContemporaryArt #GlobalArt
1850296474837418072	artmarketdotcom	'Italian Curators and Artists Continue to Take on Projects in Russia #ItalianArt #ArtCurators #Russia #ContemporaryArt #GlobalArt https://t.co/mmRUraKhms'	2024-10-26 22:00:31	italian curators artists continue take projects russia art contemporary global	#ItalianArt #ArtCurators #Russia #ContemporaryArt #GlobalArt
1850296650218062241	MavieBHV	'Wenn das stimmt, werden bald Hisbollah, #Hamas + Hourhies nichts mehr zum Schie√üen haben. Toralversagen der üá∑üá∫ Flugabwehr. #Putin #Russia #Hezbollah #Lebanon #Iran #Mullahs #Israel https://t.co/lJ3Y2QMbZ6'	2024-10-26 22:01:12	wenn das stimmt werden bald hisbollah hamas hourhies nichts mehr zum schieen haben toralversagen der flugabwehr putin russia hezbollah lebanon iran mullahs israel	#Hamas #Putin #Russia #Hezbollah #Lebanon #Iran #Mullahs #Israel
1850296910910828578	__10__x__10__	'@DrEliDavid ü§£üòÇü§£üòÇ What kind of fantasy is this üòÇü§£üòÇü§£ #RUSSIA'	2024-10-26 22:02:15	drelidavid kind fantasy r u	#RUSSIA
1850297185549652273	aqiwatch	'Latest Air Quality Index of cities in Russia. Caution: Residents in unhealthy and hazardous areas should avoid outdoor activities. #Moscow #SaintPetersburg #Novosibirsk #NizhnyNovgorod #Chelyabinsk #Russia #AirQuality #News #PublicHealth https://t.co/TJRtzD69wE'	2024-10-26 22:03:20	latest air quality index cities russia caution residents unhealthy hazardous areas avoid outdoor activities moscow saint petersburg novosibirsk nizhny novgorod chelyabinsk news public health	#Moscow #SaintPetersburg #Novosibirsk #NizhnyNovgorod #Chelyabinsk #Russia #AirQuality #News #PublicHealth
1850297359583858707	mr_unknown639	'American journalist Anya parampil says it is time for #Russia and #Iran to do humanity and take out trash. She calls #Israel a TRASH. https://t.co/CFT9m1tH0H'	2024-10-26 22:04:02	american journalist anya parampil says time russia iran humanity take trash calls israel	#Russia #Iran #Israel
1850297425493193090	crypticvalentin	'Russian intelligence warned Iran of Israel's attack hours in advance..#Russia..#Israel..#Iran..'	2024-10-26 22:04:17	russian intelligence warned iran israels attack hours advancerussiaisraeliran	#Russia #Israel #Iran
1850297824933540235	KozysKorner	'https://t.co/MFnjyWdJen Obama said it best. #Russia'	2024-10-26 22:05:52	obama said best russia	#Russia
1850297898132468094	THEENDGAMEWAR1	'LATEST COMPILED ANALYSIS, OPINION &amp; MAPPING UPDATES ON EVENTS IN UKRAINE &amp; EFFECT UPON THE WIDER WORLD - 26.10.2024 *** WEST LOSING‚Ä¶ WILL ITS ELITES FINALLY FACE REALITY? *** All relevant items entered https://t.co/NOvCQiivFB #Russia #USA #UK #EU #NATO #Ukraine #SMO #ZOV #Z https://t.co/B6WyirjDk8'	2024-10-26 22:06:10	latest compiled analysis opinion amp mapping updates events ukraine effect upon wider world west losing elites finally face reality relevant items entered russia u k e n z v	#Russia #USA #UK #EU #NATO #Ukraine #SMO #ZOV #Z
1850297957725172123	NewsUkraineRBC	'#Russia-#Ukraine war: Frontline update as of October 26 https://t.co/QwovSg3qER'	2024-10-26 22:06:24	russiaukraine war frontline update october	#Russia #Ukraine
1850298341411717401	AProximidad	'https://t.co/gfzQznzU2a #Aproximidad #BREAKING #RUSSIA #MOSCOW #RUSIA #MOSC√ö üî¥ RUSSIA :üìπ PANIC IN CENTRAL PARK IN MOSCOW REGION ! MASSIVE SHOOTING REPORTED AT CENTRAL PARK IN PUSHKINO The gunshots were reported at Central Park after an alleged brawl. No casualties. #Ulti‚Ä¶'	2024-10-26 22:07:56	aproximidad b r e k n g u c w russia panic central park moscow region massive shooting reported pushkino gunshots alleged brawl casualties ulti	#Aproximidad #BREAKING #RUSSIA #MOSCOW #RUSIA #MOSC√ö #Ulti
1850298345090167058	finspert	'From US-UK to Saudi-UAE, how world leaders reacted to Israel‚Äôs retaliatory strikes against Iran - MSN https://t.co/QnUmota16X #end the war #israel #lebanon #hamsa #russia #ukraine https://t.co/bICbdtNR0c'	2024-10-26 22:07:57	usuk saudiuae world leaders reacted israels retaliatory strikes iran msn end war israel lebanon hamsa russia ukraine	#end #israel #lebanon #hamsa #russia #ukraine
1850298376836841888	Svitlan66621180	"'1/ When #Putin wants to annex #Ukraine to #Russia by force, it is not the Middle Ages. Lukashenko said that ""part"" of the Russian elite would not mind annexing #Belarus. However, according to him, such attempts will lead to war - we do not live in the https://t.co/8wyh0oEPTU'"	2024-10-26 22:08:04	putin wants annex ukraine russia force middle ages lukashenko said part russian elite would mind annexing belarus however according attempts lead war live	#Putin #Ukraine #Russia #Belarus
1850298427256471555	BrigittaSchnier	'#RussiaIsATerroristState #Russia #China #Iran #AxisOfEvil #PureEvil #NorthKorea #Musk #Trump #Thiel #JDVance'	2024-10-26 22:08:16	russia terrorist state china iran axis evil pure north korea musk trump thiel j vance	#RussiaIsATerroristState #Russia #China #Iran #AxisOfEvil #PureEvil #NorthKorea #Musk #Trump #Thiel #JDVance
1850298562435039395	Pilohan	'UN Secretary General should be removed for going to #Russia! #Guterres Shamefully Meets with #Putin and #Lukashenko #BRICS https://t.co/np8ZvzVQhk via @CFR_org'	2024-10-26 22:08:48	un secretary general removed going russia guterres shamefully meets putin lukashenko b r c via cfrorg	#Russia #Guterres #Putin #Lukashenko #BRICS
1850298605187539254	Know_Nothing_R	'#Russia üá∑üá∫'	2024-10-26 22:08:59	russia	#Russia
1850298671872553263	BrigittaSchnier	'#RussiaIsATerroristState #Russia #China #Iran #AxisOfEvil #PureEvil #NorthKorea #Musk #Trump #Thiel #JDVance'	2024-10-26 22:09:14	russia terrorist state china iran axis evil pure north korea musk trump thiel j vance	#RussiaIsATerroristState #Russia #China #Iran #AxisOfEvil #PureEvil #NorthKorea #Musk #Trump #Thiel #JDVance
1850299154204971372	joey_tenor	'@jeffreymlevy @elonmusk The price of real estate has skyrocketed so that most young people can't afford to buy new homes. Part of that is the Russian oligarchs laundering money through American real estate. Trump has made millions helping his Russian 'friends.' #Russia #RussiaBuyTrumpTowers https://t.co/tNpOYyiOxY'	2024-10-26 22:11:09	jeffreymlevy elonmusk price real estate skyrocketed young people cant afford buy new homes part russian oligarchs laundering money american trump made millions helping friends russia towers	#Russia #RussiaBuyTrumpTowers
1850299182415794656	kevint905	'#BRICS grows, adding 13 new 'partner countries' at historic summit in #Russia https://t.co/94GAEXUUA4 via @YouTube #bricssummit #china #india #boycottthepetrodollar #promoteagorism'	2024-10-26 22:11:16	b r c grows adding new partner countries historic summit russia via youtube bricssummit china india boycottthepetrodollar promoteagorism	#BRICS #Russia #bricssummit #china #india #boycottthepetrodollar #promoteagorism
1850299187998413024	BrigittaSchnier	'#Georgia #RussiaIsATerroristState #Russia #China #Iran #AxisOfEvil #PureEvil #NorthKorea #Musk #Trump #Thiel #JDVance'	2024-10-26 22:11:17	georgia russia terrorist state china iran axis evil pure north korea musk trump thiel j vance	#Georgia #RussiaIsATerroristState #Russia #China #Iran #AxisOfEvil #PureEvil #NorthKorea #Musk #Trump #Thiel #JDVance
1850299387785736393	BobJ42530477	'#NATO #Israel #Hisbollah #Krieg #Russia #WWIII #Kursk #Dritter #Weltkrieg Dieses Buch r√§umt mit Missverst√§ndnissen √ºber die Geschichte Israels und Pal√§stinas auf und erl√§utert dann einen neuen Aspekt des Pakts, der Israel vor Terrorismus sch√ºtzen k√∂nnte. https://t.co/tpZDaIr8eX'	2024-10-26 22:12:05	n israel hisbollah krieg russia w kursk dritter weltkrieg dieses buch rumt mit missverstndnissen ber die geschichte israels und palstinas auf erlutert dann einen neuen aspekt des pakts der vor terrorismus schtzen knnte	#NATO #Israel #Hisbollah #Krieg #Russia #WWIII #Kursk #Dritter #Weltkrieg
1850299501258695110	BobJ42530477	'#NATO #Israel #Iran #Mossad #Hezbollah #WWIII #Russia #Kursk This book contains a complex history of the west, Russia, and Ukraine, from Kievan Rus to World War II to February 24, 2022, to various war crimes, along with military strategies https://t.co/IvbRbBSyCU'	2024-10-26 22:12:32	n israel iran mossad hezbollah w russia kursk book contains complex history west ukraine kievan rus world war ii february various crimes along military strategies	#NATO #Israel #Iran #Mossad #Hezbollah #WWIII #Russia #Kursk
1850299632322248905	zazoomblog	'Russia la soffiata all'Iran prima dell'attacco di Israele (che ha limitato i danni): l'asse anti-Nato e la minaccia nucleare - #Russia #soffiata ... https://t.co/WtZJwqnBpS'	2024-10-26 22:13:03	russia la soffiata alliran prima dellattacco di israele che ha limitato danni lasse antinato e minaccia nucleare	#Russia #soffiata
1850299711456219254	NILMH	'CCP and Russia Lead BRICS Push for New Payment System to Challenge SWIFTÔºöMiles Guo Revelation on CCP's Financial Warfare. ‰∏≠‰øÑÂäõÊé®ÈáëÁ£öÂúãÂÆ∂Êñ∞ÊîØ‰ªòÁ≥ªÁµ±ÔºåÊåëÊà∞SWIFTÈ´îÁ≥ª„ÄÇ ÈÉ≠ÊñáË≤¥ÂÖàÁîüÊó©ÂâçÈ†êË®ÄÊàêÁúüÔºåÈáëËûçÂ§ßÊà∞‰∏ÄËß∏Âç≥ÁôºÔºÅ #MilesGuo #BRICS #SWIFT #Dollar #TakeDownTheCCP #CCP #Russia https://t.co/fnbKWJ5hzk'	2024-10-26 22:13:22	ccp russia lead brics push new payment system challenge swiftmiles guo revelation ccps financial warfare swift miles b r c w f dollar take p	#MilesGuo #BRICS #SWIFT #Dollar #TakeDownTheCCP #CCP #Russia
1850299817357926561	BobJ42530477	'#NATO #Israel #Iran #Mossad #Hezbollah #WWIII #Russia #Sinwar #Kursk Here is an intel report that leaks Iran's plan to launch a surprise attack against Israel next year between June and September of 2025. Israel will be in the fight for its life https://t.co/4jbkbocNQv'	2024-10-26 22:13:48	n israel iran mossad hezbollah w russia sinwar kursk intel report leaks irans plan launch surprise attack next year june september fight life	#NATO #Israel #Iran #Mossad #Hezbollah #WWIII #Russia #Sinwar #Kursk
1850299829760471362	sudhanshudy6767	'üö® #BreakingNews üá∑üá∫üáÆüá∑ Russian intelligence warned Iran of Israel's attack hours in advance. #Iran #MiddleEast #WarInGaza #IsraelUnderAttack #IranNuclearDeal #Russia Iran ◊í◊ô◊ê ◊§◊ú◊í ◊©◊ë◊™ ◊©◊ú◊ï◊ù ◊ô◊û◊ô ◊™◊©◊ï◊ë◊î ◊©◊ú ◊®◊ô◊ê◊ú ◊©◊ú ◊®◊ô◊ê◊ú ◊¢◊û◊ô◊™ ◊°◊í◊ú ÿßŸÑÿ±ŸäÿßŸÑ ◊©◊ú ◊ë◊®◊¶◊ú◊ï◊†◊î ◊©◊¢◊ï◊ü ◊ó◊ï◊®◊£ ÿ®ÿ±ÿ¥ŸÑŸàŸÜÿ© ◊û◊¢◊®◊õ◊ï◊™ ◊î◊î◊í◊†◊î Vini https://t.co/MdzKejNA6J'	2024-10-26 22:13:50	breaking news russian intelligence warned iran israels attack hours advance middle east war gaza israel nuclear deal russia vini	#BreakingNews #Iran #MiddleEast #WarInGaza #IsraelUnderAttack #IranNuclearDeal #Russia
1850300065937870912	BobJ42530477	'#NATO #Israel #Iran #Mossad #Hezbollah #WWIII #Russia #Nasdaq Here is a look at the currency that Americans will be using to pay for groceries https://t.co/S2T7BStS4U'	2024-10-26 22:14:47	n israel iran mossad hezbollah w russia nasdaq look currency americans using pay groceries	#NATO #Israel #Iran #Mossad #Hezbollah #WWIII #Russia #Nasdaq
1850300121759793646	BobJ42530477	'#NATO #Israel #Hisbollah #Mossad #war #Russia #WWIII #Kursk Dieses Buch enth√§lt eine komplexe Geschichte des Westens, Russlands und der Ukraine, von der Kiewer Rus √ºber den Zweiten Weltkrieg bis zum 24. Februar 2022, zusammen mit den angewandten Strategien https://t.co/tEdGK9m67F'	2024-10-26 22:15:00	n israel hisbollah mossad war russia w kursk dieses buch enthlt eine komplexe geschichte des westens russlands und der ukraine von kiewer rus ber den zweiten weltkrieg bis zum februar zusammen mit angewandten strategien	#NATO #Israel #Hisbollah #Mossad #war #Russia #WWIII #Kursk
1850300263652889031	BobJ42530477	'#NATO #Israel #Hisbollah #Mossad #war #Russia #WWIII #Kursk Dieses Buch enth√§lt eine komplexe Geschichte des Westens, Russlands und der Ukraine, von der Kiewer Rus √ºber den Zweiten Weltkrieg bis zum 24. Februar 2022, zusammen mit den angewandten Strategien https://t.co/tEdGK9lyi7'	2024-10-26 22:15:34	n israel hisbollah mossad war russia w kursk dieses buch enthlt eine komplexe geschichte des westens russlands und der ukraine von kiewer rus ber den zweiten weltkrieg bis zum februar zusammen mit angewandten strategien	#NATO #Israel #Hisbollah #Mossad #war #Russia #WWIII #Kursk
1850300298096476178	Cheekyoziechick	'#Hitler knew what the #rothschilds were up to. #Putin wont allow them into #Russia. #zionists #jewishlobby #trump #harris #creepsinsuits'	2024-10-26 22:15:42	hitler knew rothschilds putin wont allow russia zionists jewishlobby trump harris creepsinsuits	#Hitler #rothschilds #Putin #Russia #zionists #jewishlobby #trump #harris #creepsinsuits
1850300335161594256	BobJ42530477	'#NATO #Israel #Iran #Mossad #Hezbollah #WWIII #Russia #Kursk This book contains a complex history of the west, Russia, and Ukraine, from Kievan Rus to World War II to February 24, 2022, to various war crimes, along with military strategies https://t.co/c3sjsV1p1H'	2024-10-26 22:15:51	n israel iran mossad hezbollah w russia kursk book contains complex history west ukraine kievan rus world war ii february various crimes along military strategies	#NATO #Israel #Iran #Mossad #Hezbollah #WWIII #Russia #Kursk
1850300408335376825	BobJ42530477	'#NATO #Israel #vaccine #RFK #Mossad #Hezbollah #WWIII #Russia This book covers Trump derangement syndrome, BLM, the vaccine Nuremberg violations, Russia, Ukraine and the Middle East https://t.co/0niwy9o7DJ'	2024-10-26 22:16:08	n israel vaccine r f k mossad hezbollah w russia book covers trump derangement syndrome blm nuremberg violations ukraine middle east	#NATO #Israel #vaccine #RFK #Mossad #Hezbollah #WWIII #Russia
1850300462173446235	BobJ42530477	'#NATO #Israel #Iran #Hezbollah #WWIII #Mossad #Russia #Kursk This book explains why Russia invaded Ukraine, from the Odessa fire, NATO expansion, and US impunity in the Middle East, as well as US war crimes in Iraq, Libya, Syria, and Afghanistan https://t.co/xqctuYw6ed'	2024-10-26 22:16:21	n israel iran hezbollah w mossad russia kursk book explains invaded ukraine odessa fire nato expansion us impunity middle east well war crimes iraq libya syria afghanistan	#NATO #Israel #Iran #Hezbollah #WWIII #Mossad #Russia #Kursk
1850300538635669829	BobJ42530477	'#NATO #Israel #Iran #Hezbollah #WWIII #Mossad #Russia #Kursk This book explains why Russia invaded Ukraine, from the Odessa fire, NATO expansion, and US impunity in the Middle East, as well as US war crimes in Iraq, Libya, Syria, and Afghanistan https://t.co/WPnr6lhuWM'	2024-10-26 22:16:39	n israel iran hezbollah w mossad russia kursk book explains invaded ukraine odessa fire nato expansion us impunity middle east well war crimes iraq libya syria afghanistan	#NATO #Israel #Iran #Hezbollah #WWIII #Mossad #Russia #Kursk
1850300605442428940	BobJ42530477	'#NATO #Israel #Iran #Hezbollah #WWIII #Mossad #Russia #Kursk Erdogan is an emerging imperial threat https://t.co/YACfhMfxwK'	2024-10-26 22:16:55	n israel iran hezbollah w mossad russia kursk erdogan emerging imperial threat	#NATO #Israel #Iran #Hezbollah #WWIII #Mossad #Russia #Kursk
1850300622492582241	SalariMosa	'üáÆüá∑üî¥There is a possibility that the Islamic Republic of Iran Army will carry out the Sadeq 3 operation. The Air Force of the Army will destroy all of Israel's infrastructure with a fleet of native aircraft and missiles. #WINTER #Russia #IDF #Israel #Iran #Iraq #Gaza #Lebanon https://t.co/tIzgGGuGt2'	2024-10-26 22:16:59	possibility islamic republic iran army carry sadeq operation air force destroy israels infrastructure fleet native aircraft missiles w n e r russia f israel iraq gaza lebanon	#WINTER #Russia #IDF #Israel #Iran #Iraq #Gaza #Lebanon
1850300665157013605	BobJ42530477	'#WWIII #NATO #Israele #Hezbollah #war #Russia #kursk Questo libro contiene una storia complessa dell'Occidente, della Russia e dell'Ucraina, dalla Rus' di Kiev attraverso la Seconda Guerra Mondiale fino al 24 febbraio 2022, insieme alle applicate strategie https://t.co/ePxmGvporP'	2024-10-26 22:17:10	w n israele hezbollah war russia kursk questo libro contiene una storia complessa delloccidente della e dellucraina dalla rus di kiev attraverso la seconda guerra mondiale fino al febbraio insieme alle applicate strategie	#WWIII #NATO #Israele #Hezbollah #war #Russia #kursk
1850300737344954657	finspert	'Israel Attacks Iran | Israel's Strikes An Exercise Of Self Defence says White House - MSN https://t.co/7etcwcr9q6 #end the war #israel #lebanon #hamsa #russia #ukraine https://t.co/bICbdtNR0c'	2024-10-26 22:17:27	israel attacks iran israels strikes exercise self defence says white house msn end war lebanon hamsa russia ukraine	#end #israel #lebanon #hamsa #russia #ukraine
1850300855901422024	BobJ42530477	'#NATO #Israel #Iran #war #zelenskyy #Hezbollah #WWIII #yemen #Russia #Mossad #Kursk This book explains how Islamic terrorism and CIA subversion tactics is the only way Ukraine would defeat the Russian military https://t.co/vCCs0HRRH1'	2024-10-26 22:17:55	n israel iran war zelenskyy hezbollah w yemen russia mossad kursk book explains islamic terrorism cia subversion tactics way ukraine would defeat russian military	#NATO #Israel #Iran #war #zelenskyy #Hezbollah #WWIII #yemen #Russia #Mossad #Kursk
1850300910397702631	BobJ42530477	'#NATO #Izrael #Iran #Rafah #IronDome #Hezbollah #WWIII #Russia #Kyiv #Mossad Ta ksiƒÖ≈ºka wyja≈õnia, w jaki spos√≥b terroryzm islamski i taktyki wywrotowe CIA to jedyny spos√≥b, w jaki Ukraina mo≈ºe pokonaƒá rosyjskie wojsko https://t.co/s3K0Oz8IzY'	2024-10-26 22:18:08	n izrael iran rafah iron dome hezbollah w russia kyiv mossad ta ksika wyjania jaki sposb terroryzm islamski taktyki wywrotowe cia jedyny ukraina moe pokona rosyjskie wojsko	#NATO #Izrael #Iran #Rafah #IronDome #Hezbollah #WWIII #Russia #Kyiv #Mossad
1850301298769637488	LOLRUZZIANTROLL	'@Natalia44074205 @LordDracula91 My knowledge is long visits to beloved trash #Russia ;)'	2024-10-26 22:19:41	natalia lorddracula knowledge long visits beloved trash russia	#Russia
1850301552256266718	BobJ42530477	'#NATO #Isra√´l #Hezbollah #WWIII #Paris #Kursk #Russia Ce livre contient une histoire complexe de l'Occident, de la Russie et de l'Ukraine, de la Russie ki√©vienne √† la Seconde Guerre mondiale jusqu'au 24 f√©vrier 2022, ainsi que les strat√©gies employ√©es https://t.co/eigl9Lm9QX'	2024-10-26 22:20:41	n isra l hezbollah w paris kursk russia ce livre contient une histoire complexe de loccident la russie et lukraine kivienne seconde guerre mondiale jusquau fvrier ainsi que les stratgies employes	#NATO #Isra√´l #Hezbollah #WWIII #Paris #Kursk #Russia
1850301604064563281	khalediskef	'Russian Ministry of Defense: Air defenses destroyed 17 Ukrainian drones within an hour and 20 minutes, with 8 over Voronezh Region, 5 over Bryansk, 3 over Lipetsk, and one over #Belgorod. #Russia #Ukraine'	2024-10-26 22:20:54	russian ministry defense air defenses destroyed ukrainian drones within hour minutes voronezh region bryansk lipetsk one belgorod russia ukraine	#Belgorod #Russia #Ukraine
1850301965269602535	BobJ42530477	'#Russia #Kyiv #NATO #Israel #Iran #Hezbollah #WWIII #yemen #Mossad #Kursk #krieg This peace treaty could have prevented the war in Ukraine. Read chapter 10 https://t.co/d0X2h8Kj2C'	2024-10-26 22:22:20	russia kyiv n israel iran hezbollah w yemen mossad kursk krieg peace treaty could prevented war ukraine read chapter	#Russia #Kyiv #NATO #Israel #Iran #Hezbollah #WWIII #yemen #Mossad #Kursk #krieg
1850302016712561115	BobJ42530477	'#NATO #Israel #Iran #racist #Russia #black #Hezbollah #WWIII #Kamala #Trump How BLM, Obama, Trump Derangement Syndrome, Anti-white, anti-Israel, anti-Russian, pro-vax, and pro - Hamas sentiments led to the demise of the United States https://t.co/73Uaq45TSq'	2024-10-26 22:22:32	n israel iran racist russia black hezbollah w kamala trump blm obama derangement syndrome antiwhite antiisrael antirussian provax pro hamas sentiments led demise united states	#NATO #Israel #Iran #racist #Russia #black #Hezbollah #WWIII #Kamala #Trump
1850302020504138000	finspert	'Soccer-Man City go top with Saints win, Villa up to third despite draw - MSN https://t.co/vhJwhmFAYL #end the war #israel #lebanon #hamsa #russia #ukraine https://t.co/bICbdtNR0c'	2024-10-26 22:22:33	soccerman city go top saints win villa third despite draw msn end war israel lebanon hamsa russia ukraine	#end #israel #lebanon #hamsa #russia #ukraine
1850302075030405484	BobJ42530477	'#NATO #Israele #Iran #razzist #Russia #black #Hezbollah #WWIII #yemen #Islam Come i sentimenti BLM, Obama, Trump, anti-bianchi, anti-Israele, anti-russi, pro-vax e pro Hamas hanno portato alla morte degli Stati Uniti https://t.co/nfESnvzl61'	2024-10-26 22:22:46	n israele iran razzist russia black hezbollah w yemen islam come sentimenti blm obama trump antibianchi antiisraele antirussi provax e pro hamas hanno portato alla morte degli stati uniti	#NATO #Israele #Iran #razzist #Russia #black #Hezbollah #WWIII #yemen #Islam
1850302282060960203	KatLavanderos	'#NATO #OTAN #WarCrimes #USA #USArmy #CrimesAgainstHumanity #NaziUkraine #NaziOTAN #NaziUnionEuropea #NaziUK #NaziEU #NaziGermany #NaziSpain #NaziFrance #Russia #Rusia #Rusos #istandwithrussia #StandWithRussia #China #chinese #RussiaAndChina #RusiaYChina #XiJinping #VladimirPutin'	2024-10-26 22:23:35	n war crimes u army humanity nazi ukraine union europea k e germany spain france russia rusia rusos istandwithrussia stand china chinese xi jinping vladimir putin	#NATO #OTAN #WarCrimes #USA #USArmy #CrimesAgainstHumanity #NaziUkraine #NaziOTAN #NaziUnionEuropea #NaziUK #NaziEU #NaziGermany #NaziSpain #NaziFrance #Russia #Rusia #Rusos #istandwithrussia #StandWithRussia #China #chinese #RussiaAndChina #RusiaYChina #XiJinping #VladimirPutin
1850302343377490250	Caucasus_Watch	'We should closely watch who starts congratulating Georgian Dream on their victory tomorrow morning. Viktor Orb√°n was the first in the world to congratulate Prime Minister Irakli Kobakhidze. Will #Russia and #China be next?'	2024-10-26 22:23:50	closely watch starts congratulating georgian dream victory tomorrow morning viktor orbn first world congratulate prime minister irakli kobakhidze russia china next	#Russia #China
1850302380346081592	BobJ42530477	'#NATO #Israel #Iran #racist #Russia #disney #Hezbollah #WWIII #lebanon This manifesto lays out a plan for the Mark of the beast system to replace the United States Constitution as the official moral and legal directive of the USA https://t.co/oNoA6x6PS3'	2024-10-26 22:23:59	n israel iran racist russia disney hezbollah w lebanon manifesto lays plan mark beast system replace united states constitution official moral legal directive usa	#NATO #Israel #Iran #racist #Russia #disney #Hezbollah #WWIII #lebanon
1850302854994571431	KatLavanderos	'#BRICS #BRICS2024 #BRICS16thSummit #MultipolarWorld #MundoMultiPolar #Brasil #Brazil #India #SouthAfrica #Sudafrica #Russia #Rusia #China #RussiaAndChina #RusiaYChina #XiJinping #VladimirPutin #Sovereignty #sovereignty #Soberania #Economia #Economy #development #desarrollo'	2024-10-26 22:25:52	b r c th summit multipolar world mundo multi polar brasil brazil india south africa sudafrica russia rusia china xi jinping vladimir putin sovereignty soberania economia economy development desarrollo	#BRICS #BRICS2024 #BRICS16thSummit #MultipolarWorld #MundoMultiPolar #Brasil #Brazil #India #SouthAfrica #Sudafrica #Russia #Rusia #China #RussiaAndChina #RusiaYChina #XiJinping #VladimirPutin #Sovereignty #sovereignty #Soberania #Economia #Economy #development #desarrollo
1850302859557880132	Pennyd	'https://t.co/5ysmt8WhEp via @NYTimes #russia interfering in our election. They want #trump to be elected. What does that tell you about him? Traitor to his nation #votebluetosaveamerica'	2024-10-26 22:25:53	via nytimes russia interfering election want trump elected tell traitor nation votebluetosaveamerica	#russia #trump #votebluetosaveamerica
1850302886301041096	MissionArtist	'Saturday night in occupied Crimea is often a DEADLY night for the Russian war criminals üí• üî•üá∑üá∫üíÄ #Russia #Putin #CrimesAgainsHumanity https://t.co/bAqQ5hRIh6'	2024-10-26 22:25:59	saturday night occupied crimea often deadly russian war criminals russia putin crimes agains humanity	#Russia #Putin #CrimesAgainsHumanity
1850302906013987172	europeanMedia24	'Russians deliver 40 attacks on Pokrovsk and #Kurakhove fronts each ‚Äì General Staff üîó https://t.co/GUuGfmsIJS #IOC #IOCmedia #Kharkiv #Kostiantynivka #Kupiansk #Lyman #Makiivka #Russia #Ukraine #BBCBreaking https://t.co/GCi9tKQnir'	2024-10-26 22:26:04	russians deliver attacks pokrovsk kurakhove fronts general staff c cmedia kharkiv kostiantynivka kupiansk lyman makiivka russia ukraine b breaking	#Kurakhove #IOC #IOCmedia #Kharkiv #Kostiantynivka #Kupiansk #Lyman #Makiivka #Russia #Ukraine #BBCBreaking
1850303159819706806	wtx_EU_news	'Berlin‚Äôs famous buildings turn off the lights to save energy https://t.co/Liz8zEvHpr #BERLIN #ENERGY_CRISIS #ENERGY_SHORTAGES #FEATURED #GERMANY #MAIN_HEADLINES #RUSSIA #WORLD_NEWS https://t.co/nLGl0ttzym'	2024-10-26 22:27:04	berlins famous buildings turn lights save energy b e r l n g c h f u w	#BERLIN #ENERGY_CRISIS #ENERGY_SHORTAGES #FEATURED #GERMANY #MAIN_HEADLINES #RUSSIA #WORLD_NEWS
1850303193596432591	_a1_s2_d3_	'Ecco qua ... avevo il sospetto eh ... I miei tuit con tag g3 or gi4 non vengono mostrati nemmeno nella mia timeline ed √® per me impossibile recuperarli ... #musk #russia'	2024-10-26 22:27:12	ecco qua avevo il sospetto eh miei tuit con tag g gi non vengono mostrati nemmeno nella mia timeline ed per impossibile recuperarli musk russia	#musk #russia
1850303217839518144	patriotX_6	"'""...Ms Harris is seen as a continuity candidate who is likely to match Mr Biden‚Äôs steady but unimaginative backing for Ukraine."" #UkraineRussiaWar #Trump #KamalaHarris #Election2024 #NATO #Russia #JoeBiden https://t.co/DOeKZHsR2h'"	2024-10-26 22:27:18	ms harris seen continuity candidate likely match mr bidens steady unimaginative backing ukraine russia war trump kamala election n joe biden	#UkraineRussiaWar #Trump #KamalaHarris #Election2024 #NATO #Russia #JoeBiden
1850303480956924310	fb_and_others	'#BRICS meeting in #Russia, at which the head of #UN was present, was completed on the 24th. Coincidentally or conveniently, after the conclusion, #Israel responds to #Iran. https://t.co/svXvPbp0re'	2024-10-26 22:28:21	b r c meeting russia head u n present completed th coincidentally conveniently conclusion israel responds iran	#BRICS #Russia #UN #Israel #Iran
1850303683516420228	BobJ42530477	'#Musk #Israel #Russia #Hezbollah #astrology #book #WWIII #predicted Ask yourself this, after reading the first part of The Mars 360 Religious and Social System, is it logical to disbelieve in the influence of Mars. Just read the preview https://t.co/h2UdT5kwV7'	2024-10-26 22:29:09	musk israel russia hezbollah astrology book w predicted ask reading first part mars religious social system logical disbelieve influence read preview	#Musk #Israel #Russia #Hezbollah #astrology #book #WWIII #predicted
1850303718849462712	hbj_r77032	'Libera√ß√£o completa pelo exercito da R√∫ssia da cidade de Gornyak, na dire√ß√£o de Kurakhovsky. #Rusia #Russia #Russian #Russians #RussianUkrainianWar #RussianArmy #UkraineRussiaWarÔ∏èÔ∏è #Ukraina #Ucrania https://t.co/m72kDYZhFc'	2024-10-26 22:29:18	liberao completa pelo exercito da rssia cidade de gornyak na direo kurakhovsky rusia russia russian russians ukrainian war army ukraine ukraina ucrania	#Rusia #Russia #Russian #Russians #RussianUkrainianWar #RussianArmy #UkraineRussiaWar #Ukraina #Ucrania
1850303745881784385	BobJ42530477	'#Musk #Israel #Russia #Hezbollah #astrology #book #WWIII #predicted Ask yourself this, after reading the first part of The Mars 360 Religious and Social System, is it logical to disbelieve in the influence of Mars. Just read the preview https://t.co/h2UdT5l4KF'	2024-10-26 22:29:24	musk israel russia hezbollah astrology book w predicted ask reading first part mars religious social system logical disbelieve influence read preview	#Musk #Israel #Russia #Hezbollah #astrology #book #WWIII #predicted
1850303810494923069	BobJ42530477	'#NATO #Israel #Russia #Hezbollah #astrology #book #WWIII #kursk Ask yourself this, after reading the first part of The Mars 360 Religious and Social System, is it logical to disbelieve in the influence of Mars. Just read the preview https://t.co/m2l5Eb1O0Y'	2024-10-26 22:29:40	n israel russia hezbollah astrology book w kursk ask reading first part mars religious social system logical disbelieve influence read preview	#NATO #Israel #Russia #Hezbollah #astrology #book #WWIII #kursk
1850303991260778879	WstLondonGarden	'Wanna hear a joke? . . . #RUSSIA ü§´ #RussiaIsAJoke https://t.co/STM7XB4Jf6'	2024-10-26 22:30:23	wanna hear joke r u russia	#RUSSIA #RussiaIsAJoke
1850304300641133018	EDITORatWORK	'#Russia MORE on RUSSIA #Ukraine #war #VladimirPutin #PresZelenskyy #Kremlin_talking_points #NorthKoreantroops https://t.co/JdMGDXLVMA https://t.co/giAGpt6TM2'	2024-10-26 22:31:36	russia ukraine war vladimir putin pres zelenskyy kremlin talking points north koreantroops	#Russia #Ukraine #war #VladimirPutin #PresZelenskyy #Kremlin_talking_points #NorthKoreantroops
1850304906042728560	RickJoh44846997	'I‚Äôm a business attorney. I have met with Russians and negotiated deals in Russia. Deals to open US-based companies. No big deal. Russians hear and read Keith. Arrest him immediately! #Russia #KeithOlbermann #Elon #ElonMusk #CocaineKamala #Kamala #Trump #MAGA'	2024-10-26 22:34:01	im business attorney met russians negotiated deals russia open usbased companies big deal hear read keith arrest immediately olbermann elon musk cocaine kamala trump g	#Russia #KeithOlbermann #Elon #ElonMusk #CocaineKamala #Kamala #Trump #MAGA
1850304932324192755	AmigoEsVerdad3	'@timorahkonen @SenoreAmore ü§î #Russia https://t.co/rt258TqtHG'	2024-10-26 22:34:07	timorahkonen senoreamore russia	#Russia
1850305306829701411	KatLavanderos	'#NATO #OTAN #WarCrimes #USA #USArmy #CrimesAgainstHumanity #NaziUkraine #NaziOTAN #NaziUnionEuropea #NaziUK #NaziEU #NaziGermany #NaziSpain #NaziFrance #Russia #Rusia #Rusos #istandwithrussia #StandWithRussia #China #chinese #RussiaAndChina #RusiaYChina #XiJinping #VladimirPutin'	2024-10-26 22:35:36	n war crimes u army humanity nazi ukraine union europea k e germany spain france russia rusia rusos istandwithrussia stand china chinese xi jinping vladimir putin	#NATO #OTAN #WarCrimes #USA #USArmy #CrimesAgainstHumanity #NaziUkraine #NaziOTAN #NaziUnionEuropea #NaziUK #NaziEU #NaziGermany #NaziSpain #NaziFrance #Russia #Rusia #Rusos #istandwithrussia #StandWithRussia #China #chinese #RussiaAndChina #RusiaYChina #XiJinping #VladimirPutin
1850305327956369680	theditor360	'Russian attacks on central Ukraine, Kyiv kill 5 https://t.co/KQhOF6cIUN #Russia #attacks #central #Ukraine #Kyiv #kill'	2024-10-26 22:35:41	russian attacks central ukraine kyiv kill russia	#Russia #attacks #central #Ukraine #Kyiv #kill
1850305401251623106	DavideDalleMura	'Sei il grande dittatore pucci pucci putin e la tua economia, grazie alle sanzioni occidentali, va talmente bene che tu ritrovi con i tassi di interesse al 21%, scopriamo cosa √® andato storto grazie all'analisi dell'Avvocato @FrankCatania #Ukraine #russia https://t.co/cED11SCV1f'	2024-10-26 22:35:59	sei il grande dittatore pucci putin e la tua economia grazie alle sanzioni occidentali va talmente bene che tu ritrovi con tassi di interesse al scopriamo cosa andato storto allanalisi dellavvocato frankcatania ukraine russia	#Ukraine #russia
1850305583863242859	Shadi_Alkasim	'Zelenskyy rejects UN chief‚Äôs visit over meeting with Putin Guterres not welcome in Kyiv after he shook hands with the Russian president #UkraineRussianWar -#UkraineWar -#UkraineRussiaWar-#Russia #Ukraine #Kursk #KurskBattle https://t.co/TdzKx2gdGj'	2024-10-26 22:36:42	zelenskyy rejects un chiefs visit meeting putin guterres welcome kyiv shook hands russian president ukraine war russia warrussia kursk battle	#UkraineRussianWar #UkraineWar #UkraineRussiaWar #Russia #Ukraine #Kursk #KurskBattle
1850306093240447375	Dee_rose901	'üö®üòà‚úÖ Goblin Of The Day ‚úÖüòàüö® Banggggg ‚úÖ‚úÖ‚úÖ‚úÖ‚úÖ 50% OFF VIP : https://t.co/mPS5yxrnxK‚Ä¶ #RoseIsComing #nba #WNBA #trending #meme #tiktok #linkinbio #lol #china #trump #mlb #baseball #basketball #instagram #twitter #trend #TrendingNow #russia #enchanting #nfl #mma #ufc https://t.co/bcviqRrvvG'	2024-10-26 22:38:44	goblin day banggggg vip rose coming nba w n b trending meme tiktok linkinbio lol china trump mlb baseball basketball instagram twitter trend russia enchanting nfl mma ufc	#RoseIsComing #nba #WNBA #trending #meme #tiktok #linkinbio #lol #china #trump #mlb #baseball #basketball #instagram #twitter #trend #TrendingNow #russia #enchanting #nfl #mma #ufc
1850306371687731551	RollTideRamJam	'Exclusive-Satellite photos show Israel hit Iran missile fuel-mixing facilities, researchers say #Iran #Israel #Missiles #Satellite #Russia https://t.co/p41qE13jjG'	2024-10-26 22:39:50	exclusivesatellite photos show israel hit iran missile fuelmixing facilities researchers say missiles satellite russia	#Iran #Israel #Missiles #Satellite #Russia
1850306388951547961	Shadi_Alkasim	'Musk has been in secret contact with Putin since 2022, says bombshell new report The Russian president even asked the billionaire for a #Starlink favor #UkraineRussianWar -#UkraineWar -#UkraineRussiaWar-#Russia #Ukraine #Kursk #KurskBattle https://t.co/8FBSbuBh83'	2024-10-26 22:39:54	musk secret contact putin since says bombshell new report russian president even asked billionaire starlink favor ukraine war russia warrussia kursk battle	#Starlink #UkraineRussianWar #UkraineWar #UkraineRussiaWar #Russia #Ukraine #Kursk #KurskBattle
1850306515707531343	jkwkc	'Very concerning. #russia #nukes #NorthKorea'	2024-10-26 22:40:25	concerning russia nukes north korea	#russia #nukes #NorthKorea
1850307255322943893	daarrrko	'@Microinteracti1 @JDVance wants to giving parts #America to #Russia'	2024-10-26 22:43:21	microinteracti jdvance wants giving parts america russia	#America #Russia
1850307652758262118	moveebuff1953	'Make #Russia small again....and a swamp!'	2024-10-26 22:44:56	make russia small againand swamp	#Russia
1850307697687572871	paoloangeloRF	'Interessante pezzo di #rampini‚Äù diventare meno dipendenti dalla protezione americana costa salvo consegnarsi come subalterni alla #Russia o alla #Cina la difesa √® una sfida impegnativa anche di questo parla il rapporto #Draghi guarda caso √® uno degli aspetti subito dimenticati https://t.co/Yxn1JNmkam'	2024-10-26 22:45:06	interessante pezzo di rampini diventare meno dipendenti dalla protezione americana costa salvo consegnarsi come subalterni alla russia cina la difesa una sfida impegnativa anche questo parla il rapporto draghi guarda caso uno degli aspetti subito dimenticati	#rampini #Russia #Cina #Draghi
1850307791769989464	jkwkc	'Wow! #china #Russia'	2024-10-26 22:45:29	wow china russia	#china #Russia
1850308297510756682	finspert	'Japan election: Polls open with ruling LDP facing tight race - MSN https://t.co/QgrZh60m1L #end the war #israel #lebanon #hamsa #russia #ukraine https://t.co/bICbdtNR0c'	2024-10-26 22:47:29	japan election polls open ruling ldp facing tight race msn end war israel lebanon hamsa russia ukraine	#end #israel #lebanon #hamsa #russia #ukraine
1850308298802671866	Angelo74642339	"'#Russia Pur di fare dispetto a #Putin per l' #UE √® diventata importante anche la #Georgia: "" 3,7 milioni di abitanti nel 2022"" se si pensa che la sola lombardia nel 2021 ne aveva 9.943.004. Dove vogliamo arrivare? Da https://t.co/SLr6QaSeDz https://t.co/908xVWvMss'"	2024-10-26 22:47:30	russia pur di fare dispetto putin per l u e diventata importante anche la georgia milioni abitanti nel se si pensa che sola lombardia ne aveva dove vogliamo arrivare da	#Russia #Putin #UE #Georgia
1850308364754182360	Shadi_Alkasim	'#Church fakes from Russian propaganda: Selling ‚Äòprayers against mobilization‚Äô and cursing critics of Zelensky's Victory Plan #UkraineRussianWar -#UkraineWar -#UkraineRussiaWar-#Russia #Ukraine #Kursk #KurskBattle https://t.co/9ZQfMIZ3rJ'	2024-10-26 22:47:45	church fakes russian propaganda selling prayers mobilization cursing critics zelenskys victory plan ukraine war russia warrussia kursk battle	#Church #UkraineRussianWar #UkraineWar #UkraineRussiaWar #Russia #Ukraine #Kursk #KurskBattle
1850308483159097822	Kgmsquared	'#Russia is making fake videos and ads in order to get people to vote for @realDonaldTrump don‚Äôt any of you see anything wrong with that!!???'	2024-10-26 22:48:14	russia making fake videos ads order get people vote realdonaldtrump dont see anything wrong	#Russia
1850308994981843407	smavelys	'#TrumpIsUnfitForOffice #TrumpVance2024 #USElection2024 #ElonMusk #IronDome #Iran #Russia #UkraineWar #Isreal https://t.co/emnfYW3t3I'	2024-10-26 22:50:16	trump unfit office vance u election elon musk iron dome iran russia ukraine war isreal	#TrumpIsUnfitForOffice #TrumpVance2024 #USElection2024 #ElonMusk #IronDome #Iran #Russia #UkraineWar #Isreal
1850309185751106023	14ATX	'#Russia is working overtime to confuse voters. #VoteBlueToSaveYourFreedomAndTheUSA https://t.co/3tDd4Gwgnb'	2024-10-26 22:51:01	russia working overtime confuse voters vote blue save freedom u	#Russia #VoteBlueToSaveYourFreedomAndTheUSA
1850309831288291418	Ricky779399901	'Racing Along A Defunct Railroad, Russian Motorized Troops Are Trying To Surround A Ukrainian Brigade In Selydove #Russia https://t.co/7O5Tg4yRjp'	2024-10-26 22:53:35	racing along defunct railroad russian motorized troops trying surround ukrainian brigade selydove russia	#Russia
1850309971633676741	AdamGra70675456	'WW3 Fears EXPLODE! Nuke Warning‚Ä¶ US Says ‚ÄúWE‚ÄôRE READY‚Äù (World War 3) #Government #canada #usa #FEMA #shtf #WW3 #China #UkraineRussiaWar #Ukraine #Russia #Israel #Iran #NATO #news https://t.co/sHmPoOT1Ak via @YouTube'	2024-10-26 22:54:08	ww fears explode nuke warning us says ready world war government canada usa f e shtf w china ukraine russia israel iran n news via youtube	#Government #canada #usa #FEMA #shtf #WW3 #China #UkraineRussiaWar #Ukraine #Russia #Israel #Iran #NATO #news
1850310130513965488	Sourcesfiables	'ÿßŸÑŸÖŸÇÿßŸàŸÖÿ© ÿ™ÿ£ŸÖÿ± ÿßŸÑŸÖÿ≥ÿ™ÿπŸÖÿ±ŸäŸÜ ÿ®ÿ£ÿÆŸÑÿß 25 ŸÖÿ≥ÿ™ÿπŸÖÿ±ÿ© ÿ≠ŸÅÿßÿ∏ÿß ÿπŸÑŸâ ÿ≥ŸÑÿßŸÖÿ™ŸáŸÖÿå ŸÑÿ£ŸÜ ÿ¨Ÿäÿ¥ #ÿßÿ≥ÿ±ÿßÿ¶ŸäŸÑ ÿßŸÑÿßÿ±Ÿáÿßÿ®Ÿä ŸäŸÜÿ¥ÿ± ÿØÿ®ÿßÿ®ÿßÿ™Ÿá ŸÅŸä ŸÖŸÜÿßÿ∑ŸÇŸáŸÖ ÿßŸÑÿ≥ŸÉŸÜŸäÿ© ŸàŸäÿ™ÿÆÿ∞ŸáŸÖ ÿØÿ±Ÿàÿπÿß ÿ®ÿ¥ÿ±Ÿäÿ© #ÿπŸÖŸÑŸäÿßÿ™_ÿÆŸäÿ®ÿ± #ÿßŸäÿ±ÿßŸÜ #ÿ∫ÿ≤ÿ© #ÿ¨ŸÜŸàÿ®_ŸÑÿ®ŸÜÿßŸÜ #‡∏≠‡∏¥‡∏™‡∏£‡∏≤‡πÄ‡∏≠‡∏• #Israel #USA #Ukraine #Gaza #Netanyahu #Lebanon #Nasrallah #Iran #Russia #China #IDF #Sinwar https://t.co/Wkh0pH8VSc'	2024-10-26 22:54:46	israel u ukraine gaza netanyahu lebanon nasrallah iran russia china f sinwar	#ÿßÿ≥ÿ±ÿßÿ¶ŸäŸÑ #ÿπŸÖŸÑŸäÿßÿ™_ÿÆŸäÿ®ÿ± #ÿßŸäÿ±ÿßŸÜ #ÿ∫ÿ≤ÿ© #ÿ¨ŸÜŸàÿ®_ŸÑÿ®ŸÜÿßŸÜ #‡∏≠ #Israel #USA #Ukraine #Gaza #Netanyahu #Lebanon #Nasrallah #Iran #Russia #China #IDF #Sinwar
1850310321224724772	lankafiles	"'#SriLanka has been accepted as a partner membership country of #BRICS at its summit held in #Kazan , #Russia. ""Permission had also been given to join the BRICS‚Äô New Development Bank,""says @MFA_SriLanka Minister Vijitha Herath. https://t.co/BsM1xOD8nQ'"	2024-10-26 22:55:32	sri lanka accepted partner membership country b r c summit held kazan russia permission also given join brics new development banksays mfasrilanka minister vijitha herath	#SriLanka #BRICS #Kazan #Russia
1850310667494207876	MadnessDarknes1	'ÈüìÂõΩ„ÅÆ„Çπ„Éë„Ç§Ê©üÈñ¢„Å´„Çà„Çå„Å∞„ÄÅ„É≠„Ç∑„Ç¢„ÅØÂåóÊúùÈÆÆËªç„Å´ÊØéÊúàÁ¥Ñ2000„Éâ„É´„ÇíÊîØÊâï„ÅÜ‰∫àÂÆö„Å†„Å®„ÅÑ„ÅÜ„ÄÇ „Åó„Åã„Åó„ÄÅÊú¨ÂΩì„ÅÆ„Å®„Åì„Çç„ÅØ„Å©„ÅÜ„Å™„ÅÆ„Å†„Çç„ÅÜ„ÅãÔºü„Åù„Åó„Å¶„ÄÅ„Åì„Çå„Çâ„ÅÆÂÖµÂ£´„Åü„Å°„ÅØÂÆüÈöõ„Å´ÊïÖÈÉ∑„Åß„ÅÑ„Åè„ÇâÁ®º„ÅÑ„Åß„ÅÑ„Çã„ÅÆ„Å†„Çç„ÅÜ„ÅãÔºü #NorthKorea #Russia #UkraineCrisis'	2024-10-26 22:56:54	north korea russia ukraine crisis	#NorthKorea #Russia #UkraineCrisis
1850310702935748674	wtx_EU_news	'Italy‚Äôs Salvini under scrutiny over Russia ties in wake of government collapse https://t.co/4joNX3ybK9 #EU #EUROPE #ITALY #MAIN_HEADLINES #RUSSIA #WORLD_NEWS https://t.co/LmHtsshtqd'	2024-10-26 22:57:03	italys salvini scrutiny russia ties wake government collapse e u r p l n h w	#EU #EUROPE #ITALY #MAIN_HEADLINES #RUSSIA #WORLD_NEWS
1850311079781446126	karolinewhiate	'#Attacks of #anticultists on #ALLATRA and Creative Society participants #CreativeSociety #truth #Usa #Russia https://t.co/EzspDMhQK6'	2024-10-26 22:58:33	attacks anticultists l r creative society participants truth usa russia	#Attacks #anticultists #ALLATRA #CreativeSociety #truth #Usa #Russia
1850311170231579131	leroy_lemke	'Putin 77 stable diffusion/photoshop/ipad #vladimirputin #AIart #AIArtCommuity #aiartdaily #aiartist #AIArtistCommunity #AIArtSociety #AIArtwork #RollingStone #columbiarecords #putin #russia #saturdayfun #SaturdayMood #SaturdaySass #SaturdayVibes https://t.co/gvQPCpWhHw'	2024-10-26 22:58:54	putin stable diffusionphotoshopipad vladimirputin iart art commuity aiartdaily aiartist artist community society artwork rolling stone columbiarecords russia saturdayfun saturday mood sass vibes	#vladimirputin #AIart #AIArtCommuity #aiartdaily #aiartist #AIArtistCommunity #AIArtSociety #AIArtwork #RollingStone #columbiarecords #putin #russia #saturdayfun #SaturdayMood #SaturdaySass #SaturdayVibes
1850311386456543540	deborahsundstr2	'The Deadly Reason Musk‚Äôs Secret Putin Talks Are So Damn Scary #ElonMusk #VladimirPutin #China #Russia https://t.co/105ZEZn2TX'	2024-10-26 22:59:46	deadly reason musks secret putin talks damn scary elon musk vladimir china russia	#ElonMusk #VladimirPutin #China #Russia
1850311453502279879	ctilabs	'‚öñÔ∏è Russia Sentences REvil Ransomware Gang Members! üöî Historic ruling: 4 cybercriminals face prison. Group behind $200M+ in damages. First major #ransomware conviction in #Russia. - üìã Sentencing Details: ‚Ä¢ 8-12 year prison terms ‚Ä¢ $65M in crypto assets seized ‚Ä¢ 300+ https://t.co/OjK8DzNJM2'	2024-10-26 23:00:02	russia sentences revil ransomware gang members historic ruling cybercriminals face prison group behind damages first major conviction sentencing details year terms crypto assets seized	#ransomware #Russia
1850311683073573292	HopewellGMaria	'US confirms North Korean troops in Russia amid fears they‚Äôll be sent to fight in Ukraine #Russia #NorthKorea #KimJong-un https://t.co/qmpYxiDI93'	2024-10-26 23:00:57	us confirms north korean troops russia amid fears theyll sent fight ukraine korea kim jongun	#Russia #NorthKorea #KimJong
1850311739340116190	HopewellGMaria	'Ukrainian Marines And Paratroopers Backed By M-1 Tanks Have Turned The Site Of A War Crime Into A ‚ÄòRoad Of Death‚Äô For Russian Troops #Russia https://t.co/YnmLtIGDut'	2024-10-26 23:01:10	ukrainian marines paratroopers backed tanks turned site war crime road death russian troops russia	#Russia
1850312017841664194	eriksonvalentin	'üö® PRO-#RUSSIA #GEORGIAN DREAM PARTY WINS PARLIAMENTARY ELECTIONS. üö® #Georgia's pro-EU opposition says election 'stolen'. üö® –ü—Ä–∞–≤—è—â–∞—è –ø–∞—Ä—Ç–∏—è –ì—Ä—É–∑–∏–∏ –ø–æ–±–µ–∂–¥–∞–µ—Ç –Ω–∞ –ø–∞—Ä–ª–∞–º–µ–Ω—Ç—Å–∫–∏—Ö –≤—ã–±–æ—Ä–∞—Ö —Å 53% –≥–æ–ª–æ—Å–æ–≤. –í –¶–ò–ö –æ–±—Ä–∞–±–æ—Ç–∞–ª–∏ –±—é–ª–ª–µ—Ç–µ–Ω–∏ —Å 70% —É—á–∞—Å—Ç–∫–æ–≤. üö® ·É°·Éê·É•·Éê·É†·Éó·Éï·Éî·Éö·Éù·É° ·Éõ·Éõ·Éê·É†·Éó·Éï·Éî·Éö·Éõ·Éê https://t.co/t34de8qQGe'	2024-10-26 23:02:16	pror u g e r n dream party wins parliamentary elections georgias proeu opposition says election stolen	#RUSSIA #GEORGIAN #Georgia
1850312091829195150	jrodwyer	'@MykhailoRohoza Yes I do #Russia do one'	2024-10-26 23:02:34	mykhailorohoza yes russia one	#Russia
1850312580306555278	TWMCLtd	'#Ukraine war journalist on the front line reports the loss of four more villages in #Donetsk. Borys Myroshnykov also says #Kurakhove will be captured by #Russia soon. ##StopRussia https://t.co/6sh2PB3UCO'	2024-10-26 23:04:30	ukraine war journalist front line reports loss four villages donetsk borys myroshnykov also says kurakhove captured russia soon stop	#Ukraine #Donetsk #Kurakhove #Russia #StopRussia
1850312924272935319	VrijHaags	'@Gilgame62654952 Antonio is bought by #Russia'	2024-10-26 23:05:52	gilgame antonio bought russia	#Russia
1850313192427155459	xxxx_daniella	'La #Russia √® isolata ? ü§£ü§£ü§£ü§£üòò'	2024-10-26 23:06:56	la russia isolata	#Russia
1850313501660623229	AVerbose11497	'The reason I found the P Diddy scandal fascinating is it is a reflection of the corruption in society that eastern countries such a Russia want to reject in their communities. #Russia #RussianUkrainianWar #pdiddyexposed #pdiddyparty #PdiddyFiles #pdiddysecrets #puffdaddy'	2024-10-26 23:08:10	reason found p diddy scandal fascinating reflection corruption society eastern countries russia want reject communities russian ukrainian war pdiddyexposed pdiddyparty pdiddy files pdiddysecrets puffdaddy	#Russia #RussianUkrainianWar #pdiddyexposed #pdiddyparty #PdiddyFiles #pdiddysecrets #puffdaddy
1850313591595086007	HellAngel928333	'Odessa. A powerful fire continues at the landing site, and secondary detonations are heard. According to first reports, warehouses with weapons and ammunition were hit. #Ukraine #Odessa #Russia #RussianUkrainianWar https://t.co/JuHw5o9lBo'	2024-10-26 23:08:32	odessa powerful fire continues landing site secondary detonations heard according first reports warehouses weapons ammunition hit ukraine russia russian ukrainian war	#Ukraine #Odessa #Russia #RussianUkrainianWar
1850313661648163118	TWMCLtd	'More attack drones clcross the border into #Ukraine. There are still about 20-25 of #Russia's killing machines flying, but numbers keep changing. But that's the end of the thread for me for tonight. Wishing you all a peaceful night, and if you're in Europe put the clocks back. https://t.co/D4xqNRM6CL'	2024-10-26 23:08:48	attack drones clcross border ukraine still russias killing machines flying numbers keep changing thats end thread tonight wishing peaceful night youre europe put clocks back	#Ukraine #Russia
1850313663783096706	Quotes_up_	'War is nothing but the grudge of some people destroying innocent lives. In the face of selfishness people even forget their own people War is not to build but to destroy #Russia #Putin #ModiJi #UkraineÔ∏è #Zelenski #war #PEOPLE #SaveTheChidrenWorldWide #Gaza #Iran #stop #Izrael https://t.co/XXmvOg4xPw'	2024-10-26 23:08:49	war nothing grudge people destroying innocent lives face selfishness even forget build destroy russia putin modi ji ukraine zelenski p e l save chidren world wide gaza iran stop izrael	#Russia #Putin #ModiJi #Ukraine #Zelenski #war #PEOPLE #SaveTheChidrenWorldWide #Gaza #Iran #stop #Izrael
1850313790941790216	gbeverly64	'Helicopter crash kills pilot &amp; three medics after air ambulance plummets into Russian forest #Russia #Volcano #Caraccident #Accident https://t.co/gjhtmlRmgP'	2024-10-26 23:09:19	helicopter crash kills pilot amp three medics air ambulance plummets russian forest russia volcano caraccident accident	#Russia #Volcano #Caraccident #Accident
1850314068659470685	HellAngel928333	'Kiev now. #Kiev #Ukraine #Russia #Kyiv #UkraineRussiaWar https://t.co/TlAkln5Uh8'	2024-10-26 23:10:25	kiev ukraine russia kyiv war	#Kiev #Ukraine #Russia #Kyiv #UkraineRussiaWar
1850314506833985614	finspert	'Drug Take Back Day Coming Up In Groton - MSN https://t.co/7cFRan0WZ0 #end the war #israel #lebanon #hamsa #russia #ukraine https://t.co/bICbdtNR0c'	2024-10-26 23:12:10	drug take back day coming groton msn end war israel lebanon hamsa russia ukraine	#end #israel #lebanon #hamsa #russia #ukraine
1850315095529705853	CointribuneEN	'üá∑üá∫ The Russian Central Bank (#BCR) announced on Friday, October 25, 2024 a sharp increase in its key interest rate from 19% to 21%, a record since 2003. #inflation #Russia https://t.co/fyAa43jRS6'	2024-10-26 23:14:30	russian central bank b c r announced friday october sharp increase key interest rate record since inflation russia	#BCR #inflation #Russia
1850315119227469920	FertGiuseppe	'S.M.I. #BasilioIV di Moscovia o #VassilijIVIvanoviƒç≈†ujskij (Ni≈ænij Novgorod #22Settembre1552 ‚Äì Gostynin#12Settembre1612) Zar di #Russia dal 1606 al 1610. Rappresentante della famiglia principesca degli Shuisky (ramo Suzdal dei Rurikovich ). https://t.co/Yd621SGUk1 #RegnoRusso https://t.co/NJt0wR5ASj'	2024-10-26 23:14:36	smi basilio v di moscovia vassilij ivanovi ujskij ninij novgorod settembre gostyninsettembre zar russia dal al rappresentante della famiglia principesca degli shuisky ramo suzdal dei rurikovich regno russo	#BasilioIV #VassilijIVIvanoviƒç≈†ujskij #22Settembre1552 #12Settembre1612 #Russia #RegnoRusso
1850315138324152623	Udaigurjar96	'Israel has always supported India and now it's our turn to support Israel üáÆüá± India Stands with Israel üáÆüá± üáÆüá≥ ‚ù§Ô∏èüòä #IStandWithIsrael #Isreal #Iran #WorldWar3 #IranAttack #Russia #Israel #Benjamin Israel and Iran #Israel_Enemy_of_Humanity .... https://t.co/7LsNxtmt0O'	2024-10-26 23:14:40	israel always supported india turn support stands stand isreal iran world war attack russia benjamin enemy humanity	#IStandWithIsrael #Isreal #Iran #WorldWar3 #IranAttack #Russia #Israel #Benjamin #Israel_Enemy_of_Humanity
1850315267475194328	JohnKon42872610	'#men #in #russia #around #drug #store https://t.co/Jkt8PrEdqt'	2024-10-26 23:15:11	men russia around drug store	#men #in #russia #around #drug #store
1850315685466964068	ShehabBawazeer2	'Selydove has been captured by the Russians along with Vyshneve. #Russia #UkraineÔ∏è #Russian #Ukrainian #UkraineRussiaWar #UkraineWar #RealMadrid #Biden #Trump #Putin #Gaza #Israel #inflation #China #Crypto #Iran https://t.co/ITO0KLVe4y'	2024-10-26 23:16:51	selydove captured russians along vyshneve russia ukraine russian ukrainian war real madrid biden trump putin gaza israel inflation china crypto iran	#Russia #Ukraine #Russian #Ukrainian #UkraineRussiaWar #UkraineWar #RealMadrid #Biden #Trump #Putin #Gaza #Israel #inflation #China #Crypto #Iran
1850316348837990727	SusanCoiaGailey	'#Ukraine Is Striking Deeper Inside #Russia and Reshaping the #War. Restrictions on American #missiles remain, but #Kyiv has leveraged its own #DroneAttacks to inflict growing pain across Russia. #WSJ #ATACMS #WarInUkraine #Putin #Zelenskyy #Ukrainians https://t.co/owMK7EJ6XP'	2024-10-26 23:19:29	ukraine striking deeper inside russia reshaping war restrictions american missiles remain kyiv leveraged drone attacks inflict growing pain across w j c putin zelenskyy ukrainians	#Ukraine #Russia #War #missiles #Kyiv #DroneAttacks #WSJ #ATACMS #WarInUkraine #Putin #Zelenskyy #Ukrainians
1850316795455971624	ShehabBawazeer2	'Russian forces have control over the road leading south from Selydove to Novodmytrivka. #Russia #UkraineÔ∏è #UkraineRussiaWar #RussianArmy #Russians #ElonMusk #Barcelona #RealMadrid #RealMadridBarcelona #USA #Biden #Trump #Putin #Gaza #Israel #Iran https://t.co/bCqsBYO0bS'	2024-10-26 23:21:15	russian forces control road leading south selydove novodmytrivka russia ukraine war army russians elon musk barcelona real madrid u biden trump putin gaza israel iran	#Russia #Ukraine #UkraineRussiaWar #RussianArmy #Russians #ElonMusk #Barcelona #RealMadrid #RealMadridBarcelona #USA #Biden #Trump #Putin #Gaza #Israel #Iran
1850317468365127789	Ricky779399901	'Russian attacks prompts Ukraine's Zelenskiy to ask allies for more resolve #Russia #Moscow https://t.co/gIIRgk9Oj9'	2024-10-26 23:23:56	russian attacks prompts ukraines zelenskiy ask allies resolve russia moscow	#Russia #Moscow
1850317601509109974	Rivashnee	"'""...Pact for the future calls for accelerating the reform of International Financial Architecture that is outdated ineffective and unfair‚Ä¶"" #unitednations #unsecretary #guterress #financialsystems #financialreform #BRICS2024 #gnu #brazil #russia #india #china #southafrica https://t.co/bISN4BnuBL'"	2024-10-26 23:24:28	pact future calls accelerating reform international financial architecture outdated ineffective unfair unitednations unsecretary guterress financialsystems financialreform b r c gnu brazil russia india china southafrica	#unitednations #unsecretary #guterress #financialsystems #financialreform #BRICS2024 #gnu #brazil #russia #india #china #southafrica
1850318006049534430	europeanMedia24	'#Ukraine will be forced to fight against North Korea ‚Äì Zelenskyy üîó https://t.co/twKcbYmU9a #Moscow #Russia #Volodymyr #BBCBreaking https://t.co/tAweELXPYk'	2024-10-26 23:26:04	ukraine forced fight north korea zelenskyy moscow russia volodymyr b c breaking	#Ukraine #Moscow #Russia #Volodymyr #BBCBreaking
1850318021539279255	LoveIrreverence	'@RussiaIsntEnemy @Lin11W You're somewhat correct... because good Russian people are not the enemy...but Putin and war mongering Russians are absolutely everyone's enemy. #Russia #UkraineÔ∏è #Putin #War @StateDept @VP @POTUS'	2024-10-26 23:26:08	russiaisntenemy linw youre somewhat correct good russian people enemybut putin war mongering russians absolutely everyones enemy russia ukraine statedept vp potus	#Russia #Ukraine #Putin #War
1850318097720176754	FarSight3	"'Empathy is something that most of 'Western' leaders do lack of. Blind people are great in sensing true emotions &amp; this women doesn't meet a ""dictator"" - as our presstitutes like to sell us the honorable President of #Russia, 'Sir' Vladimir Vladimirovich #Putin...'"	2024-10-26 23:26:26	empathy something western leaders lack blind people great sensing true emotions amp women doesnt meet dictator presstitutes like sell us honorable president russia sir vladimir vladimirovich putin	#Russia #Putin
1850318312762159288	PaolettaSi7619	'@vadim07751823 Intervenga la #Russia'	2024-10-26 23:27:17	vadim intervenga la russia	#Russia
1850318559685271782	Ricky779399901	'Russians behind fake video of ballots being destroyed, US officials say #Russia #DonaldTrump #Iran #FBI https://t.co/0SodYKNP8g. That's what we said, Donald Trump &amp; the RADICALIZED GOP are behind....... https://t.co/ArzGkaVwiT'	2024-10-26 23:28:16	russians behind fake video ballots destroyed us officials say russia donald trump iran f b thats said amp radicalized gop	#Russia #DonaldTrump #Iran #FBI
1850318821594206360	JimWilDemocrat	'EXCELENT, ISREAL!!!üí™üáÆüá±üö´üáÆüá∑ Exclusive-Satellite photos show Israel hit Iran missile fuel-mixing facilities, researchers say #Iran #Israel #Missiles #Satellite #Russia https://t.co/rqBpVs94DT'	2024-10-26 23:29:18	excelent isreal exclusivesatellite photos show israel hit iran missile fuelmixing facilities researchers say missiles satellite russia	#Iran #Israel #Missiles #Satellite #Russia
1850318996702441702	VAHMRS	'#Russia: Satellite images show major expansion at Russian site with secret bioweapons past https://t.co/lmDAMQ7Rd9 #cbrne #hazmat'	2024-10-26 23:30:00	russia satellite images show major expansion russian site secret bioweapons past cbrne hazmat	#Russia #cbrne #hazmat
1850319019397566658	JimWilDemocrat2	'EXCELENT, ISREAL!!!üí™üáÆüá±üö´üáÆüá∑ Exclusive-Satellite photos show Israel hit Iran missile fuel-mixing facilities, researchers say #Iran #Israel #Missiles #Satellite #Russia https://t.co/MEEQ4QNvyO'	2024-10-26 23:30:06	excelent isreal exclusivesatellite photos show israel hit iran missile fuelmixing facilities researchers say missiles satellite russia	#Iran #Israel #Missiles #Satellite #Russia
1850319623045997009	finspert	'NATO's response to North Korean troops - MSN https://t.co/H03CUppCcr #end the war #israel #lebanon #hamsa #russia #ukraine https://t.co/bICbdtNR0c'	2024-10-26 23:32:30	natos response north korean troops msn end war israel lebanon hamsa russia ukraine	#end #israel #lebanon #hamsa #russia #ukraine
1850320539933356145	SagranCarvalho	"'Elei√ß√µes na Ge√≥rgia: partido pr√≥-R√∫ssia √© declarado vencedor com 70% dos votos apurados. A oposi√ß√£o, favor√°vel √† integra√ß√£o com a UE, denuncia um ""golpe institucional"". A tens√£o pol√≠tica cresce no pa√≠s. #Ge√≥rgia #Elei√ß√µes #Democracia #R√∫ssia #UE Apoie: pixcafenofront@gmail.com'"	2024-10-26 23:36:08	eleies na gergia partido prrssia declarado vencedor com dos votos apurados oposio favorvel integrao ue denuncia um golpe institucional tenso poltica cresce pas ge rgia elei es democracia r ssia u e apoie pixcafenofrontgmailcom	#Ge√≥rgia #Elei√ß√µes #Democracia #R√∫ssia #UE
1850320613589876961	GoofyBarksFor	'#License and War #President cancelling #license of #Russia https://t.co/hZpqOizRTG https://t.co/cuviz2I7Gf'	2024-10-26 23:36:26	license war president cancelling russia	#License #President #license #Russia
1850320690312081788	DefensePolitics	'THIS IS WAY MORE THAN I EXPECTED... everything went to shit... | Ukraine War Frontline Changes Report https://t.co/YfdSh3bIoc https://t.co/To0LPvXsto #UkraineWar #Russia #Ukraine -- DPA X: https://t.co/tpdJjgJA1h DPA Telegram: https://t.co/Ip2cs6CdpZ DPA Forum: https://t.co/l2jn1tRYWS'	2024-10-26 23:36:44	way expected everything went shit ukraine war frontline changes report russia dpa x telegram forum	#UkraineWar #Russia #Ukraine
1850320788513321148	MENAFN	'Israel's Latest Strike Against Iran May Actually De-Escalate Regional Tensions For Now, At Least #Israel's #Latest #Strike #Iran #Actually #De-Escalate #Regional #Tensions #Now, #Least #USA #Russia #Biden #Ukraine #War #Palestine #Gaza #Israel # https://t.co/70ROzP3VMh https://t.co/72U8LsWfFd'	2024-10-26 23:37:07	israels latest strike iran may actually deescalate regional tensions least u russia biden ukraine war palestine gaza israel	#Israel #Latest #Strike #Iran #Actually #De #Regional #Tensions #Now #Least #USA #Russia #Biden #Ukraine #War #Palestine #Gaza #Israel
1850320798147612963	MENAFN	'We Analyzed 9 Years Of Trump Political Speeches, And His Violent Rhetoric Has Increased Dramatically #Analyzed #Years #Trump #Political #Speeches, #Violent #Rhetoric #Increased #Dramatically #USA #Russia #Biden #Ukraine #War #Palestine #Gaza #Israel # https://t.co/xJPqzwXK1k https://t.co/C8rDKfIBts'	2024-10-26 23:37:10	analyzed years trump political speeches violent rhetoric increased dramatically u russia biden ukraine war palestine gaza israel	#Analyzed #Years #Trump #Political #Speeches #Violent #Rhetoric #Increased #Dramatically #USA #Russia #Biden #Ukraine #War #Palestine #Gaza #Israel
1850321637301776644	Rajuchaudhari96	'Israel has always supported India and now it's our turn to support Israel üáÆüá± India Stands with Israel üáÆüá± üáÆüá≥ ‚ù§Ô∏è‚ù§Ô∏è #IStandWithIsrael #Isreal #Iran #WorldWar3 #IranAttack #Russia #Israel #Benjamin #WeekendKaVaar #Kanguva #SB19 #StarAcademyLeLive #PAKvENG https://t.co/efE3IbUIpy'	2024-10-26 23:40:30	israel always supported india turn support stands stand isreal iran world war attack russia benjamin weekend ka vaar kanguva b star academy le live p kv e n g	#IStandWithIsrael #Isreal #Iran #WorldWar3 #IranAttack #Russia #Israel #Benjamin #WeekendKaVaar #Kanguva #SB19 #StarAcademyLeLive #PAKvENG
1850321690166730786	Jamesriles86	'That's what I'm talking about. Exclusive-Satellite photos show Israel hit Iran missile fuel-mixing facilities, researchers say #Iran #Israel #Missiles #Satellite #Russia https://t.co/XHTmCyLffR'	2024-10-26 23:40:42	thats im talking exclusivesatellite photos show israel hit iran missile fuelmixing facilities researchers say missiles satellite russia	#Iran #Israel #Missiles #Satellite #Russia
1850322143189315607	llsporte	'@TheFigen_ Queen ocean . Beatiful üòò #revistallsporte #italia #it #usa #Rita_alba_gargano #pm #pf #kgb #russia #priscilafantin https://t.co/04d8gXB1tV'	2024-10-26 23:42:30	thefigen queen ocean beatiful revistallsporte italia usa rita alba gargano pm pf kgb russia priscilafantin	#revistallsporte #italia #it #usa #Rita_alba_gargano #pm #pf #kgb #russia #priscilafantin
1850322244490170801	SalariMosa	'Iran's answer to Israel's apartheid regime is the same, #America and #Europe are the same tricks and repeated promises of a ceasefire in #Gaza, #Lebanon, and buying opportunities for Netanyahu and the assassination of resistance leaders. #ÿß€åÿ±ÿßŸÜ #Russia #ÿ£ŸÖÿ±ŸäŸÉÿß #Iran #Israel https://t.co/n3kStjJOuT'	2024-10-26 23:42:55	irans answer israels apartheid regime america europe tricks repeated promises ceasefire gaza lebanon buying opportunities netanyahu assassination resistance leaders russia iran israel	#America #Europe #Gaza #Lebanon #ÿß€åÿ±ÿßŸÜ #Russia #ÿ£ŸÖÿ±ŸäŸÉÿß #Iran #Israel
1850322416293249486	llsporte	'@TheFigen_ Queen ocean . Beatiful üòò #revistallsporte #italia #it #usa #Rita_alba_gargano #pm #pf #kgb #russia #hum https://t.co/w0o61a8cas'	2024-10-26 23:43:36	thefigen queen ocean beatiful revistallsporte italia usa rita alba gargano pm pf kgb russia hum	#revistallsporte #italia #it #usa #Rita_alba_gargano #pm #pf #kgb #russia #hum
1850322893076308061	ChrliesWarchest	'‚Äú#Ukraine will be forced to actually fight against the #DPRK in Europe,‚Äù complains Zelensky They will be fighting in #Kursk then #Sumy and #Zaporozhye with the possibility of #Dnepropetrovsk or #Nikolaev to follow. Abandoned by a limiting China, #Russia expands DPRK possibilities'	2024-10-26 23:45:29	ukraine forced actually fight p r k europe complains zelensky fighting kursk sumy zaporozhye possibility dnepropetrovsk nikolaev follow abandoned limiting china russia expands dprk possibilities	#Ukraine #DPRK #Kursk #Sumy #Zaporozhye #Dnepropetrovsk #Nikolaev #Russia
1850322900563202549	llsporte	'@TheFigen_ Queen ocean . Beatiful üòò #revistallsporte #italia #it #usa #Rita_alba_gargano #pm #pf #kgb #russia #priscilafantin https://t.co/le1ytQvL19'	2024-10-26 23:45:31	thefigen queen ocean beatiful revistallsporte italia usa rita alba gargano pm pf kgb russia priscilafantin	#revistallsporte #italia #it #usa #Rita_alba_gargano #pm #pf #kgb #russia #priscilafantin
1850322950886760576	kapi_uniuni	'#NorthKorea provided troops to #Russia. In other words, North Korea's military power is temporarily reduced. #SouthKorea seems to be an opportunity to stop the armistice and unify the Korean peninsula. A unified Korea would be a true Asian balancer.'	2024-10-26 23:45:43	north korea provided troops russia words koreas military power temporarily reduced south seems opportunity stop armistice unify korean peninsula unified would true asian balancer	#NorthKorea #Russia #SouthKorea
1850323505528689034	GeoffBent	'@marklevinshow You and Trump refuse to criticize Russia for arming Iran, Hezbollah, and North Korea. Why would anyone who cares about peace in the Middle East, Europe and achieving global stability trust a team as obviously compromised as yours? #Trump #foreignpolicy #Russia #Iran #Hezbollah'	2024-10-26 23:47:55	marklevinshow trump refuse criticize russia arming iran hezbollah north korea would anyone cares peace middle east europe achieving global stability trust team obviously compromised foreignpolicy	#Trump #foreignpolicy #Russia #Iran #Hezbollah
1850323828590661954	TestamentBucha	'Warum zieht sich @Bundeskanzler #Scholz #SPD so zur√ºck? @W_Schmidt_ @fritzfelgentreu @MiRo_SPD @spdbt @@spdde? @cducsubt @CDU #Ukraine #Russia #Terror https://t.co/qCefLm7st1'	2024-10-26 23:49:12	warum zieht sich bundeskanzler scholz p zurck wschmidt fritzfelgentreu mirospd spdbt spdde cducsubt cdu ukraine russia terror	#Scholz #SPD #Ukraine #Russia #Terror
1850324574354973109	HopewellGMaria	'Intercepted Audio Reveals Russian Soldiers Complaining About North Korean Troops: 'What the F--k to Do with Them?' #NorthKorea #Russia #UN https://t.co/sVOm7zXfos'	2024-10-26 23:52:10	intercepted audio reveals russian soldiers complaining north korean troops fk korea russia u n	#NorthKorea #Russia #UN
1850324805058167208	Belsat_Eng	'#Russia Mi-2 helicopter crashed in Kirov region. Russian Emergencies Ministry says bodies of 4 crew members were found. The Russian Emergencies Ministry has released photos from the crash site. Source: mchs_official https://t.co/jcqCgH7oUG'	2024-10-26 23:53:05	russia mi helicopter crashed kirov region russian emergencies ministry says bodies crew members found released photos crash site source mchsofficial	#Russia
1850325193928925194	MichaleH1967	'Natalie #Holloway is dead because of this same #human #trafficking ring in #Alabama #USA #UN #Redcross there is #elected officials who are involved in it #Russia #China #Mexico #Cuba #Canada #help please'	2024-10-26 23:54:38	natalie holloway dead human trafficking ring alabama u n redcross elected officials involved russia china mexico cuba canada help please	#Holloway #human #trafficking #Alabama #USA #UN #Redcross #elected #Russia #China #Mexico #Cuba #Canada #help
1850325812072808851	PPorila	'@eestivatnik –í–∏—Ç–∞–ª–∏–π –ú–∏–ª–æ–Ω–æ–≤ –Ω–∞–∑–≤–∞–ª —á—É–¥–∏–∫–∞–º–∏ —É–≤–∏–¥–µ–≤—à–∏—Ö –≤ ¬´–°–∫–∞–∑–∫–µ –æ –º—ë—Ä—Ç–≤–æ–π —Ü–∞—Ä–µ–≤–Ω–µ –∏ —Å–µ–º–∏ –±–æ–≥–∞—Ç—ã—Ä—è—Ö¬ª –ø—Ä–æ–ø–∞–≥–∞–Ω–¥—É –õ–ì–ë–¢. #Russia https://t.co/QeohLrjy9O'	2024-10-26 23:57:05	eestivatnik russia	#Russia
1850326179783573775	WallWyatt83683	'Cuba fears total collapse amid grid failure and financial crisis: ‚ÄòThere is no money‚Äô #PowerGrid #Russia https://t.co/pux1NAIpMQ'	2024-10-26 23:58:33	cuba fears total collapse amid grid failure financial crisis money power russia	#PowerGrid #Russia
1850326430523019751	choover9512	'The leadership in #Iran is so scared of #Israel Iran probably won‚Äôt respond because daddy #Russia told them not toüòÇ https://t.co/UDzMr5ILVx'	2024-10-26 23:59:33	leadership iran scared israel probably wont respond daddy russia told	#Iran #Israel #Russia
