1850257644172255363	PERsisterER	'Letâ€™s GO #Pennsylvania ! Return you Vote By Mail ballots ASAP!! #EveryVoteCounts ğŸ‡ºğŸ‡¸ğŸ‡ºğŸ‡¸ğŸ‡ºğŸ‡¸ğŸ‡ºğŸ‡¸ğŸ‡ºğŸ‡¸ğŸ‡ºğŸ‡¸ğŸ‡ºğŸ‡¸ğŸ‡ºğŸ‡¸ğŸ‡ºğŸ‡¸ğŸ‡ºğŸ‡¸ğŸ‡ºğŸ‡¸ğŸ‡ºğŸ‡¸ğŸ‡ºğŸ‡¸'
1850257517646954669	UnsocialTruth	'#VoterFraud #Election #Fraud #Pennsylvania'
1850256444408693144	OkaneInfinite	'#Pennsylvania #election2024'
1850254361907130378	Toni85814074	'ğŸ›‘Look at Jordan Sierra Bowenâ€™s 2 payments from the DNC! #MAGA #MAHA #USA #Texas #Oklahoma #Pennsylvania #Iowa #Ohio #Colorado #Mississippi #Georgia #Virginia #WestVirginia #NorthCarolina #Tennessee #Florida #Utah #NewYork #UnitedStates #NorthAmerica'
1850254238045102157	Johny_GT	'@TristanSnell Yessir! By mail last weekend. Here in pivotal (again!) Montgomery Cty, outside #Philadelphia. Let's Gooo, #Pennsylvania. #GOTV #VoteBlueToSaveAmerica #FlyEaglesFly https://t.co/ylluE5raSU'
1850254091164713011	BennytheKite	'Send to @AlfeiaGood89159, @Ginagina822, @Eduke15, @davidnwilson, @dandupraw, and @PGHGOPcommittee. #Pennsylvania'
1850254051876696290	FreeSpirit_003	'Whatâ€™s going on in #Pennsylvania ? Maybe @JohnFetterman or the governor can investigate??'
1850253735521296504	PaulaFeese	'#TrumpRally State College #Pennsylvania #PennState 2 hours before he's scheduled to speak coming in from his earlier rally in Novi, Michigan NO paid millions performers necessary to fill this arena either'
1850253630240436650	VoteGraphics	'CASEY VS MCCORMICK 2024 SENATE POLL (PENNSYLVANIA) 10/9-10/19 RATING: TILT DEM ğŸŸ¦ â¡ï¸ TOSSUP ğŸŸ¨ ğŸŸ¦ Casey * (R) - 47.6% (+1.9) ğŸŸ¥ McCormick (D) - 45.7% Response Bias - R+2 ğŸŸ¥ M.O.E ~ 3.0% 1900 L.V. POLLED STATEWIDE (POLL CONDUCTED BY PHONE) #Pennsylvania'
1850253628801785961	VoteGraphics	'TRUMP VS HARRIS 2024 PRESIDENT POLL (PENNSYLVANIA) 10/9-10/19 RATING: TOSSUP ğŸŸ¨ ğŸŸ¥ Trump (R) - 48.4% (+2.1) ğŸŸ¦ Harris (D) - 46.3% Response Bias - R+2 ğŸŸ¥ M.O.E ~ 3.0% 1900 L.V. POLLED STATEWIDE (POLL CONDUCTED BY PHONE) #Trump #KamalaHarris #Pennsylvania'
1850252137206296999	TrumpWorld2017	'In 2025, our goal is end the homeless &amp; hunger crisis. We are going to stop funding wars &amp; limiting foreign aid to put #AmericaFirst again. #VoteEarly #VoteTrump #USA #America #MAGA #Trump2024 #Pennsylvania #Georgia #Arizona #Michigan #Texas #Nevada #Wisconsin #Ohio #California'
1850252011364663565	CSIwoDB	'Carl Schultz reminiscing about #JFKâ€™s visit to #Johnstown, #Pennsylvania in 1960. @WJACTV @WTAJnews @history https://t.co/FY21nBW58e'
1850251929055604815	fdragoni	'DEM senator of #Pennsylvania Fetterman ğŸ˜¨ Youâ€™ve said that #Trump has a special connection with the people of Pennsylvania. One hundred percent. Why? What is it that you see that he appeals to in your state? Thereâ€™s a difference between not understanding, but also'
1850277922059239469	arjunswritings	'@Scranton_Mayor @TeamKamala @Tim_Walz @GovTimWalz @EpochTimes @KamalaHQ @ScrantonCityGov @KamalaHarris @Teamsters @elonmusk @teamstersharris @TmstrsStopTrump @TheDemocrats @TeamTrump @realDonaldTrump @thejointstaff @WHCOS @SecDef @PADems @PAGOP @GenFlynn @LauraLoomer @Abandonbiden24 @JDVance @LackCountyCR WATCH: @Tim_Walz attacks @realDonaldTrump on the issue of @SocialSecurity â€” before heâ€™s interrupted by the second pro-Gaza protester of the evening â€” in Scranton, Pa. Follow me for more original footage from #Pennsylvania in #Election2024. @Abandonbiden24 @GovTimWalz @EpochTimes https://t.co/tOZ02uoS9H'
1850277700763566159	WittyNewsDaily	'"Senator amazed by support in #Pennsylvania. Who knew Israel could cause more drama than a Democratic family feud? ğŸ™„ #Progressives #DemocraticParty" https://t.co/MFxE05NPi3'
1850277197225087131	QbanRuby	'Oldie but "goodie" @joerogan @joeroganhq #Pennsylvania #election #cheating https://t.co/WX2tRa6jtc'
1850277097140531691	MiaCaporale25	'There will be a Town Hall with Elon Musk in #Lancaster, #Pennsylvania tonight at 7pm ET #PA #Philly #PennState Sign up &amp; More info here: https://t.co/S7Tyy6xjZo'
1850276849017848255	5731965i	'OBVIOUSLY, THERE WAS NO WAR WITH FRANCE, EXCEPT IN #Trump's DANGEROUS PSYCHOTIC HEAD. GOD HELP YOUR KIDS IF HE GETS ELECTED. #Texas #Florida #Pennsylvania #Michigan #NorthCarolina #Maryland #Wisconsin #Georgia #Arizona #NorthCarolina #SouthCarolina #GenZ #CollegeFootballPicks https://t.co/LbEcvzfp9F'
1850276716247163126	APSCUF	'.@shippensburgU #professor's new book looks at #Pennsylvania #environmental #history: https://t.co/atzmXKyXno via @alleghenyfront | @apscufsu #ICYMI'
1850276541164589193	DebraBraca3420	'[Video] Tucker #Pennsylvania https://t.co/Z2O5qXsSkg'
1850276230962286768	DaveMcCormickNO	'Remember when Greg Kelly had this to say about Dina Powell McCormick. We do CT Dave @DaveMcCormickPA #Pennsylvania #PASEN'
1850276045909344531	US_FREEDOM_	'This story about Kamala Harris arresting the parent of a sick child is mind blowing. #Trump2024ğŸ‡ºğŸ‡¸ #RFKJr $aapl $nvda $tsla $AMC $amzn $btc $slv #Nevada #Pennsylvania #Wisconsin #Michigan #Virginia #Georgia #NorthCarolina https://t.co/60SDlVCLkK'
1850275583919378551	OCarmandi50329	'@RSBNetwork #Trump Holds a Rally in #State #College, #Pennsylvania'
1850275477757559131	TheYootopian	'BIG problem for #Kamala in #Pennsylvania! In 2020, Dems had 65% and GOP had 24% of the early vote. In 2024, Dems have 60% and GOP has 30% of the early vote! Also, early vote totals are DOWN 51%, Dems down 55%, GOP down only 38%. HUGE #TRUMP momentum! Keep it up @ScottPresler!'
1850275401446441023	DaveMcCormickNO	'@DaveMcCormickPA Uh oh CT Dave #Pennsylvania #PASEN https://t.co/hmy8Wv1mgT'
1850274996850942164	Sb_60000	'Trump is a monster. Why any Americans want this petty-minded, dirty little senile man as their President is a mystery. #Georgia #Wisconsin #Pennsylvania #Michigan #NorthCarolina #Nevada #Arizona https://t.co/yZdsdhBXtU'
1850274992501755934	DaveMcCormickNO	'@DaveMcCormickPA Uh Hey MAGA what is this? #Pennsylvania https://t.co/Dsj96DxZhV'
1850274929213591849	MamasaurusRex99	'Better watch #Pennsylvania very closely!!'
1850274835756175585	PollsPilot	'2024 - USA Elections - Pennsylvania Democrats: 59.4 % (- 0.7) Republicans: 30.4 % (+ 0.6) Others: 10.2 % (+ 0.2) (Change +/- with 25th October) Democrats +29.0 | +372,194 votes Credits to @VoteHubUS for the map. #Pennsylvania #USAElection #Trump #Harris https://t.co/WqAKSDPHrp'
1850319280358740076	kage_jay	'The USA National Champions in Wrestling #PennState #VoteTrumpVance2024 #Michigan #Pennsylvania #Wisconsin #Nevada #Georgia #NorthCarolina #Arizona #Election2024 #RoganTrump #TrumpVance2024 #ElectionTwitter'
1850319007028822515	SharonBrisco3	'@2Strong2Silence Shows they don't know anything about #Pennsylvania, don't care , are incompetent, or all three. I voted in #Pennsylvania for #HarrisWalz2024 and all blue ğŸ’™ down ballot ğŸ—³. ğŸ˜Š'
1850318270307475705	scienceinvestme	'MASSIVE crowd on football Saturday! #Pennsylvania people know how important this election is! AMERICA 1st AGAINğŸ‡ºğŸ‡¸ #VoteTrump #Independents #democrats #women #Hispanic #black #Asians #Virginia #NorthCarolina #Georgia #Wisconsin #Michigan #Nevada #Arizona #Minnesota #NewYork'
1850318211138351534	Montero1790	'Hey @DonaldJTrumpJr, the parents are voting for your dad! And, so am I! There's 21 signs, I think! @realDonaldTrump #Pennsylvania https://t.co/9PxO6w5Ikm'
1850317804710351264	burr_al	'Even Fetterman knows Kamala is unqualified She was nominated w/o1 vote @_wake_up_USA @CNN @MSNBC @nytimes @nypost Fetterman calls Trump's support in Pennsylvania 'astonishing': 'You can see the intensity' #DonaldTrump #Pennsylvania #Presidentialelection https://t.co/4wtxItdErK'
1850317439998828794	GlobalJSEN	'U.S. officials confirm in a statement that #Russian operatives created a fake video showing #Trump mail-in ballots being destroyed in #Pennsylvania. This is one of many foreign efforts aimed at undermining US election trust. https://t.co/AE5WYipFwJ'
1850317367634440446	Thefuhrernchief	'When your opponent @KamalaHarris does nothing it's like shooting fish in a barrel..@IAmPoliticsGirl Fetterman calls Trump's support in Pennsylvania 'astonishing': 'You can see the intensity' #DonaldTrump #Pennsylvania #Presidentialelection https://t.co/z6A8y7B9dM'
1850317272935751935	furiosomom	'He's such a jerk. Always looking for a reason not to pay. Makes you think he's always broke 'Don't pay the bill': Trump lashes out at 'lousy' sound engineers during his rally #DonaldTrump #Pennsylvania https://t.co/2z76T8iahd'
1850317152399561024	rick_hamelin	'#pennsylvania https://t.co/MMADHqpqYi'
1850317068383682880	Ricky779399901	''Don't pay the bill': Trump lashes out at 'lousy' sound engineers during his rally #DonaldTrump #Pennsylvania https://t.co/wBzmIOaUkU. How many times have we heard this rant? https://t.co/k5rutYsgIC'
1850316782017601988	DoingMyPartAreU	'#Pennsylvania #Cheating #Democrats #BureauofElections #Philadelphia @RNCVoteProtect @LaraLeaTrump @GOP @realDonaldTrump get the lawyers there stat! @ScottPresler'
1850316256873771282	carlquintanilla	'#Pennsylvania'
1850315675769659538	Toni85814074	'NY ATTACK: â€œI need bad guys to get punished, I need justice and I need my city back!â€ #MAGA #MAHA #USA #Texas #Oklahoma #Pennsylvania #Iowa #Ohio #Colorado #Mississippi #Georgia #Virginia #WestVirginia #NorthCarolina #Tennessee #Florida #Utah #NewYork #UnitedStates #NorthAmerica'
1850315650536726846	WritetoRight22	'@TeamTrump #Pennsylvania Vote! Vote! Vote! to save America!'
1850268528995107025	MiaCaporale25	'@RobertKennedyJr will #MAHA Make America Heathy Again #Trump2024 #Wisconsin #WI #Pennsylvania #Philly #Pittsburgh #Erir #Harrisburg #allentown #Philly #Eagles #Flyers #76ers'
1850268411785568561	TravelGumbo	'#Exploring #DelawareWaterGap and #Stroudsburg, #Pennsylvania #ttot TravelGumbo archives By Travelers, For Travelers https://t.co/4EbAJkSiFg https://t.co/mTDYVjmjp4'
1850268390939824576	noirmale9	'#FoxNews #Trump #TrumpVance2024 #HarrisWalz2024 #Vote @ajc #Georgia @ATLBlackStar @ATLNewsFirst @wsbtv @Georgia_NAACP #NorthCarolina #MarkRobinson #Pennsylvania #Wisconsin #Michigan @foxandfriends #Texas #Ukraine #Pakistan @LurieFavors @UrbanViewRadio @rodimusprime'
1850268360669556909	RodSnyderWV	'In Franklin County, #Pennsylvania today talking to #rural voters about supporting @KamalaHarris, @Tim_Walz, and the entire Democratic ticket. Ten days to go! ğŸ‡ºğŸ‡¸ https://t.co/Jtwf7K3Hw3'
1850268091390795911	maud_keen	'In Bucks County, #Pennsylvania, Russian actors made fake video showing destruction of mail-in ballots for Trump, FBI says , by @armchairlv https://t.co/aGVAty8SYu'
1850267737530191975	SavingShepherd	'Pickin &amp; Grinnin on a Sunny Afternoon ğŸ¶ğŸ˜ Have a Grateful Day âœŒï¸ #fall #farm #country #life #autumn #farming #savingshepherd #simplelife #video #autumnvibes #grateful #thankful #rural #landscape #Amish #countrylife #countryliving #horse #videooftheday #travel #Pennsylvania #USA https://t.co/u6o0dbC6uU'
1850267461595361325	MarkVolak	'Feds looking at Russian interference in key battleground of Bucks County, Pennsylvania #Russia #Pennsylvania #FBI #DonaldTrump #Democrats https://t.co/FCSodWKdab'
1850267297585217656	arjunswritings	'@Scranton_Mayor @TeamKamala @Tim_Walz @GovTimWalz @EpochTimes @KamalaHQ @ScrantonCityGov @KamalaHarris @Teamsters @elonmusk @teamstersharris @TmstrsStopTrump @TheDemocrats @TeamTrump @realDonaldTrump @thejointstaff @WHCOS @SecDef @PADems @PAGOP @GenFlynn @LauraLoomer @Abandonbiden24 WATCH: @TeamKamala VP nominee @Tim_Walz attacks @JDVance on childcare and defends @KamalaHarrisâ€™s proposal to ban price gouging â€” at his rally in Scranton, #Pennsylvania. Follow me for more original footage of presidential candidates and running mates in #Election2024. @KamalaHQ https://t.co/CtOUTdXsiE'
1850266385886200247	PERsisterER	'#ATTENTION #Pennsylvania ! Be sure to track your ballots!!'
1850266129807155274	PERsisterER	'#ATTENTION #Pennsylvania !!!! ğŸš©ğŸš©ğŸš©ğŸš©ğŸš©ğŸš©ğŸš©ğŸš©ğŸš©ğŸš©ğŸš©ğŸš©ğŸš© CHECK YOUR BALLOTS! Make certain your ballots have been accepted!'
1850266076275417565	boardstreet733	'@USBornNRaised @JohnFetterman #Pennsylvania is not a #border state. And its history is based on #immigrants like, oh, #William #Penn. (Who was, after all, a #prisoner in his home country.) Youâ€™re allowed to learn history.'
1850265714147394018	mrshred	'@TeamTrump @TrumpWarRoom Made in #China #Undecided #UndecidedVoters #SwingStates #Pennsylvania #PA #Wisconsin #WI #NorthCarolina #NC #Georgia #GA #Michigan #Vote #VotersCharlotteNC #Philly #Atlanta #Milwaukee #Pittsburgh #MAGA #TheMoreYouKnow #Harris_Walz2024 #VoteBlueToPreserveYourRights #SwingVoters https://t.co/bPI3nmOB8y'
1850265288950067218	AnbarciMelanie	'Please donâ€™t wait #Pennsylvania ğŸ’™'
1850265227524276368	Toni85814074	'Oh Baby, tell me itâ€™s true! Pfizer CEO facing life in prison for COVID Vaccines! #MAGA #MAHA #USA #Texas #Oklahoma #Pennsylvania #Iowa #Ohio #Colorado #Mississippi #Georgia #Virginia #WestVirginia #NorthCarolina #Tennessee #Florida #Utah #NewYork #UnitedStates #NorthAmerica'
1850264913564062082	Pa758758	'#PA #Pennsylvania'
1850264836263014441	regieford1	'â€˜I Donâ€™t Want It On My Conscienceâ€™: Haley Voter Tells CNN What Trump Said That Made Her Vote Democrat For First Time #CNN #DonaldTrump #Philadelphia #Pennsylvania #Presidentialelection https://t.co/12OwxOvBrz'
1850264752057876986	mrshred	'@TeamTrump @TrumpWarRoom #Undecided #UndecidedVoters #SwingStates #Pennsylvania #PA #Wisconsin #WI #NorthCarolina #NC #Georgia #GA #Michigan #Vote #VotersCharlotteNC #Philly #Atlanta #Milwaukee #Pittsburgh #MAGA #TheMoreYouKnow #Harris_Walz2024 #VoteBlueToPreserveYourRights #SwingVoters #Montana https://t.co/quR1yLRqFc'
1850264679215411583	TheTrumpParty	'#Pennsylvania #GenZ #GenZforTrump #Trump2024 #ThePersistence ğŸ‡ºğŸ‡²ğŸ‡ºğŸ‡²ğŸ‡ºğŸ‡²ğŸ‡ºğŸ‡²'
1850273944646943202	DaveMcCormickNO	'@DaveMcCormickPA We know her already. Remember from Bush and Trump admin now on the board of Exxon. Another money hungry sycophant. Remember when she left the Trump admin. #Pennsylvania https://t.co/EpkZBk5rIN'
1850273516798853120	m121_gina	'#Philahelphia #Pennsylvania #Democrat controlled.'
1850273038673093018	ManchurianPund	'#HarrisWalz #HarrisWalz2024 #DemocratsDeliver #VoteBlue #VoteBlueDownBallot #Election2024 #VoteBlueToSaveDemocracy #Vote2024 #VoteBlueToSaveYourFreedomAndTheUSA #NorthCarolina #Georgia #Arizona #Pennsylvania #Michigan #Wisconsin #Nevada #NewHampshire #Maine #Virginia'
1850272979000729941	Bundorbu	'"Democrats, beware! If Kamala Harris loses Pennsylvania, the opposition of Senator Fetterman to PA's popular governor as Kamala Harris' running mate might be the reason why. Fetterman's stance could cost Democrats votes in the Keystone State! #Fetterman #Pennsylvania #Elections'
1850271953782714727	GlynnieLand	'https://t.co/4Zy3uFBsyl Let's go, #Pennsylvania #Philadelphia #LFG #KamalaHarris4POTUS2024 @nydems @NYforKamala @PADems'
1850271307700858946	jojascully	'A.J. McMullen Middle School in Markleysburg is one week into a two week hygiene products drive for those in North Carolina with needs during this hurricane season. Weâ€™ve off to a good start! #Uniontown #Pennsylvania https://t.co/8XNZysOej3'
1850270807441682740	5731965i	'#Trump LOVE OF HITLER WILL BE USED AGAINST #MAGA #GOP #Republicans TOO #SouthCarolina #NorthCarolina #Florida #Pennsylvania #Michigan #Nebraska #Omaha #Montana #Georgia #Alabama #Mississippi #Louisiana #Iowa #Ohio #Maryland #Arizona #Virginia https://t.co/wHVtGWenxP via @msnbc'
1850270733404127489	deanna504	'â€œTemporary hardshipâ€ for regular peopleâ€¦not corporations. They will make more money than they ever have. #Pennsylvania #Georgia #NorthCarolina #Wisconsin #Michigan #TrumpTariffs'
1850269961375338754	Knight981311	'#LIVE: Trump Holds Rally in State College, Pennsylvania. #Trump #StateCollege #Pennsylvania #ganjingworld Live: https://t.co/oZ0iJg2kzA https://t.co/oZ0iJg2kzA'
1850269567584543028	stock_monster77	'Michigan Muslims endorse Donald J. Trump for president: "He promises peace, not war!" #Trump2024ğŸ‡ºğŸ‡¸ #RFKJr $aapl $nvda $tsla $AMC $amzn $btc $slv #Nevada #Pennsylvania #Wisconsin #Michigan #Virginia #Georgia #NorthCarolina https://t.co/OKuMsiSerU'
1850269541118410935	EuroP_Media	'#Pennsylvania ğŸ™#VoteBlue ğŸ’™ too!! https://t.co/3K5xXm95h9'
1850269520419594749	enfanjopa	'#Pennsylvania #PennsylvaniaVoteBlue https://t.co/WSj8g4LtP6'
1850269330392621204	noirmale9	'#Vote #BlackTwitter @LurieFavors @Georgia_NAACP #Pennsylvania #Texas #Wisconsin #Michigan #Georgia'
1850268604715155880	gailtalk	'WATCH LIVE: President Trump Rally State College, Pennsylvania https://t.co/BNynbboU87 via @YouTube #TrumpRally #Trump #Trump2024 #Pennsylvania #PA'
1850222966153355767	danamo	'me and my pup Key checking in from the Mt. Washington neighborhood of #Pittsburgh in the swing state of #Pennsylvania ğŸ¾ i can see Coast Guard vessels on the rivers â€” feels like security for President Biden https://t.co/kkxzyodl2z'
1850222728009130313	JavaLove2024	'Make a plan to vote and let your voice be heard because your vote matters. #Pennsylvania #Wisconsin #Michigan #NorthCarolina #Florida #Georgia #Nevada #Arizona #defeatTrump #MAGA #voteHarrisWalz #votebluedownballot'
1850222486073364754	AgazioFrancesco	'Their focus is not just about politics but about restoring genuine integrity, quality, and growth, making this election crucial for Minnesotans who care about their stateâ€™s future. #USA #MAGA #Minnesota #Kansas #Georgia #Pennsylvania Read... #TikTok https://t.co/16Qge8WUom'
1850222319139967120	Toni85814074	'ğŸ›‘Toddler Terrorizer Identified!ğŸ›‘Jordan Sierra Bowen, From California!! #MAGA #MAHA #USA #Texas #Oklahoma #Pennsylvania #Iowa #Ohio #Colorado #Mississippi #Georgia #Virginia #WestVirginia #NorthCarolina #Tennessee #Florida #Utah #NewYork #UnitedStates #NorthAmerica'
1850222133604909550	MichaelKnotts88	'Young voter turned off by Harris' 'pandering': Seems like abortion is 'only thing I'm allowed to care about' ğŸ˜³ #Trump #TRUMP2024 #DEMS #HISPANIC #BlackMen #Nascar #UFC #GOP #RNC #NRA #BORDER #USA #NYTimes #Michigan #Pennsylvania #NorthCarolina #Arab https://t.co/zqamwUqCEU'
1850221952461377895	JavaLove2024	'#Pennsylvania #Wisconsin #Michigan #NorthCarolina #Florida #Georgia #Nevada #Arizona #defeatTrump #MAGA #voteHarrisWalz #votebluedownballot'
1850221923638128877	MichaelKnotts88	'Harris' polling in NYC is lowest in decades for Democratic nominee: NYT poll ğŸ˜³ #Trump #TRUMP2024 #DEMS #HISPANIC #BlackMen #Nascar #UFC #GOP #RNC #NRA #congress #BORDER #USA #NYTimes #Michigan #Pennsylvania #NorthCarolina #Arab https://t.co/NHrIeFdrIi'
1850221885029511490	JavaLove2024	'Make a plan to vote and let your voice be heard because your vote matters. #Pennsylvania #Wisconsin #Michigan #NorthCarolina #Florida #Georgia #Nevada #Arizona #defeatTrump #MAGA #voteHarrisWalz #votebluedownballot'
1850221842004316441	JavaLove2024	'Make a plan to vote and let your voice be heard because your vote matters. #Pennsylvania #Wisconsin #Michigan #NorthCarolina #Florida #Georgia #Nevada #Arizona #defeatTrump #MAGA #voteHarrisWalz #votebluedownballot'
1850221831682445740	marshall5leoman	'@KamalaHarris in the next 10 days all poor people democrats or republicans or independents must mobilize to vote for @realDonaldTrump who is running to save the REPUBLIC from Kamala planned open border to bring another 50 million illegals to turn usa to a 3rd world country, #Pennsylvania #GA'
1850221586839986570	MichaelKnotts88	'Washington Post union, staffers revolt over decision not to endorse a presidential candidate, blame Bezos! ğŸ˜³ #TRUMP2024 #DEMS #HISPANIC #BlackMen #Nascar #UFC #GOP #RNC #NRA #congress #BORDER #USA #NYTimes #Michigan #Pennsylvania #NorthCarolina #Arab https://t.co/r1eiECRCWs'
1850221526739517506	JavaLove2024	'Weâ€™re not going back. When we fight we win and when we vote we win. Make a plan to vote and let your voice be heard because your vote matters. #Pennsylvania #Wisconsin #Michigan #NorthCarolina #Florida #Georgia #Nevada #Arizona #defeatTrump #MAGA #VoteHarrisWalz'
1850221473929257387	JeffCoxOriginal	'@TheDemocrats ğŸ‘¿ CHEATING AGAINâ€¼ï¸ğŸ¤¬ The #Lancaster County, #Pennsylvania Board of Elections announced staff members identified approximately 2,500 suspected fraudulent voter registration applications dropped off at the election office. https://t.co/D0UBYMDn8y'
1850221221473841371	brianjgriffinjr	'Mark Cuban on why he dumped Trump to back Harris https://t.co/MD80IpMj5B via @YouTube #pennsylvania #Michigan #Wisconsin #Texas #Florida #Arizona #Georgia #Nevada #California #Alabama #Alaska #Colorado #Delaware #Idaho #Illinois #Iowa #Kansas #Maine #Maryland #NorthCarolina #CBC'
1850220509511958826	SilenceDoGood64	'ALL GAS NO BREAKS! #LFG #Pennsylvania #Trump2024'
1850219904592384074	PAniskoff	'The Pennsylvania organizing game is ğŸ”¥ğŸ”¥ğŸ”¥! We will hit hundreds of thousands of doors today. We are getting it done! #GroundGame #Pennsylvania'
1850219826301506036	Caspian911	'Letâ€™s go #pennsylvania. Bring it home for democracy. Your country needs you. #harriswalz2024'
1850219761193431408	jesusshuttlez	'@TrumpWarRoom @joerogan maybe #pennsylvania should take a listen!'
1850219471438246283	footebrowne	'After crying foul ab #VoteFraud, it appears the #MAGAts are trying to steal the #Pennsylvania election with #FakeAmishRegistrations. More #Projection...?'
1850219457764905167	bindyb123	'#TrumpIntensity Fetterman calls Trump's support in #Pennsylvania 'astonishing': 'You can see the intensity' #VoteEarlyForTrump https://t.co/S22JzUZvFQ'
1850219187269967938	US_FREEDOM_	'President Trump is stopping in at Havana Express Cuban Kitchen &amp; Bakery in Las Vegas #Trump2024ğŸ‡ºğŸ‡¸ #RFKJr $aapl $nvda $tsla $AMC $amzn $btc $slv #Nevada #Pennsylvania #Wisconsin #Michigan #Virginia #Georgia #NorthCarolina https://t.co/ZjyCifDqm9'
1850218784423837783	ChristaScalise	'Swamping the Vote, baby! #TooBigToRig #ChesterCounty #Pennsylvania https://t.co/Z3yPpV6CuX'
1850218669072138250	MzDeeVah14	'â€˜I Donâ€™t Want It On My Conscienceâ€™: Haley Voter Tells CNN What Trump Said That Made Her Vote Democrat For First Time #CNN #DonaldTrump #Philadelphia #Pennsylvania #Presidentialelection https://t.co/zNsYCE1CxA'
1850218053146960098	MichaelKnotts88	'#Fetterman calls #Trump's support in #Pennsylvania 'astonishing': You can see the intensity'ğŸ˜³ #TRUMP #TRUMP2024 #DEMS #DNC #Kamala2024 #Kamala #HISPANIC #Blacks #BlackMen #Nascar #UFC #GOP #RNC #NRA #Bitcoin #GOLD #AMMO #MOVIES #BORDER #USA #us #NYTimes https://t.co/UH4wSvSAKs'
1850218006263001282	Infinite__Ennui	'FETTERMAN | talks about Trump's popularity and support in #Pennsylvania ğŸ‘‡ğŸ‘€ "Anybody who spends time driving around, and you can see the intensity. It's astonishing." #Trump #RoganTrump #Kamala #Election #MAHA #KamalaHarris2024 #Trump2024 #MAGA #USA #Election2024 #USA'
1850207654913904751	mrshred	'@MAGAIncWarRoom #VanceLies #Undecided #UndecidedVoters #SwingStates #Pennsylvania #PA #Wisconsin #WI #NorthCarolina #NC #Georgia #GA #Michigan #Vote #VotersCharlotteNC #Philly #Atlanta #Milwaukee #Pittsburgh #MAGA #TheMoreYouKnow #Harris_Walz2024 #VoteBlueToPreserveYourRights #SwingVoters https://t.co/HEwJwFwGEJ'
1850207633292034515	GondolaGuru	'#shenanigans #Pennsylvania #voterfraud ??? #BeatTheCheat #StayVigilant #IDs might be a help in this situation? Just saying.'
1850206632518586428	IranLionness	'Diddy's friend, Leonardo Decaprio supports Harris! #Trump2024 #Pennsylvania #TrumpVance2024 https://t.co/sKZMfhIc2h'
1850205858128699494	IUPCPDC	'The PA Office of Vocational Rehabilitation (OVR) is hiring! If you are interested in joining OVR's mission or have any questions, please contact by email at dschmidgal@pa.gov or phone at 215-560-1938. #IUPStartsCareers #IUPJobs #Employer #Design #Engineer #Pennsylvania https://t.co/qKPtq6kE7G'
1850205590313685310	mrshred	'@TrumpWarRoom @joerogan @realDonaldTrump #Farmers #Tariffs #Undecided #UndecidedVoters #SwingStates #Pennsylvania #PA #Wisconsin #WI #NorthCarolina #NC #Georgia #GA #Michigan #Vote #VotersCharlotteNC #Philly #Atlanta #Milwaukee #Pittsburgh #MAGA #TheMoreYouKnow #Harris_Walz2024 #VoteBlueToPreserveYourRights https://t.co/iveZTImXHz'
1850205545640132774	OliveEngBulldog	'A gust of wind just whipped thru and leaves are starting to fall! Wonâ€™t be long and my 100 year old trees will be bare. #Pennsylvania https://t.co/SozwrKXFEz'
1850205433027342662	TadDickson333	'#illegal #McCormick #Pennsylvania #BobCaseyWontWork. #DemocratsdontWork #LiberalSocialistsareadisgrace #DumpDemocrats #JoeRogan #Leadership #NoTaxOnTips #Pittsburgh #saveAmerica #AmericaFirst #Philadelphia #Scranton #SaveTheChidrenWorldWide #PennsylvaniaVotes'
1850205243541213235	DanCampo96	'Fantastic entrance from the next Senator from Pennsylvania @DaveMcCormickPA at @FlexiconTweets in Bethlehem, PA! ft @SenJoniErnst @ToddYoungIN @RogerMarshallMD #Election2024 #Pennsylvania #MAGA #MAHA https://t.co/BFHh96t0ZY'
1850205076905685421	TadDickson333	'#illegal #McCormick #Pennsylvania #BobCaseyWontWork. #DemocratsdontWork #LiberalSocialistsareadisgrace #DumpDemocrats #JoeRogan #Leadership #NoTaxOnTips #Pittsburgh #saveAmerica #AmericaFirst #Philadelphia #Scranton #SaveTheChidrenWorldWide #PennsylvaniaVotes'
1850204835297272192	DonnaTilley13	'Pennsylvania officials investigating fraudulent voter registration applications in Lancaster County #Voterregistration #Pennsylvania https://t.co/hWklOSF5Jk'
1850204621832159527	DaveMcCormickNO	'Another out-of-state billionaire donor of CT Dave @DaveMcCormickPA trying to buy #Pennsylvania #PASEN We won't let them. You Can't Trust Dave McCormick https://t.co/IbdW8nn5e7'
1850204319074734304	TrumpWorld2017	'On November 5th we will #TakeBackAmerica &amp; revive "The American Dream" for the forgotten citizens of this country. #VoteEarly #VoteTrump @realDonaldTrump @JDVance @elonmusk #TakeBackDay #VoteTrump #USA #MAGA #Pennsylvania #Georgia #Arizona #Michigan #Texas #Nevada #Wisconsin https://t.co/7ScF6BrVrc'
1850203945416740982	FreedomDecoded	'WOW! @Polymarket spreads as of this posting: #Wisconsin 17 point spread Trump #Michigan 8 point spread Trump #Georgia 44 point spread Trump #Pennsylvania 20 point spread Trump #NorthCarolina 40 point spread Trump'
1850203208565604431	TadDickson333	'#illegal #McCormick #Pennsylvania #BobCaseyWontWork. #DemocratsdontWork #LiberalSocialistsareadisgrace #DumpDemocrats #JoeRogan #Leadership #NoTaxOnTips #Pittsburgh #saveAmerica #AmericaFirst #Philadelphia #Scranton #SaveTheChidrenWorldWide #PennsylvaniaVotes'
1850245752510914805	Eugene646	'@PopBase RT #Kamala Kamala illegals are murdering American girls @Beyonce #Pennsylvania https://t.co/d0SWz1xZnc'
1850245345768615954	GRevmgbrown4	'The #PhiladelphiaINQUIRER newspaper organization has real guts, true integrity &amp; society's best interest at heart! ğŸ‘ğŸ¾ğŸ‘ğŸ¾ğŸ‡ºğŸ‡¸ğŸ‡ºğŸ‡¸ğŸ‡ºğŸ‡¸ğŸ‡ºğŸ‡¸ğŸ””ğŸ””ğŸ””ğŸ””ğŸ””ğŸ’™ğŸ’™ğŸ’™ğŸ’™ğŸ’™ğŸ—³ğŸ—³ğŸ—³ğŸ—³ğŸ—³âœ…ï¸âœ…ï¸âœ…ï¸âœ…ï¸âœ…ï¸ #PhiladelphiaINQUIRERNews #TopRATINGS #PENNSYLVANIA #2024PresidentialElection #KamalaHarrisAndTimWalz'
1850245210699407553	Raycerx58	'@atrupar #MichiganRally #Michigan #Wisconsin #Pennsylvania #Georgia #Texas #Arizona'
1850244739679023385	luckyvalpal	'Do NOT get distracted. Eyes on the prize. Go to your county election board and #BankYourVote ASAP. #Pennsylvania! #Trump2024 #Trump #MAGA #AmericaFirst ğŸ‡ºğŸ‡¸ğŸ—³ï¸'
1850244314846331069	deanna504	'#Arizona #Michigan #Georgia #NorthCarolina #Pennsylvania #SwingStatePolls #VotingAmbassador'
1850244106993401962	Cyriousfun	'#Pennsylvania #CheckYourBallots OMG! Thank you so much for this alert!!'
1850243341314855277	barbiebrox	'#Pennsylvania #PA #Election2024 @LuzerneCC'
1850242880801268153	US_FREEDOM_	'RFK Jr &amp; Tulsi Gabbard The Reclaim America Tour Live in Omaha Nebraska VOTE EARLY #TRUMP2024 ğŸ—³ #Trump2024ğŸ‡ºğŸ‡¸ #RFKJr $aapl $nvda $tsla $AMC $amzn $btc $slv #Nevada #Pennsylvania #Wisconsin #Michigan #Virginia #Georgia #NorthCarolina https://t.co/jNpdW6V7L5'
1850242785573851296	Yolibeans	'BREAKING NEWS! ğŸ¤— #Unemployment Rate: 4.1%, #Inflation low: 2.2%. âœ… #GDP growth: worldâ€™s best.âœ… #Stock Markets: Upâœ… #JoeBiden cut #deficit by 1/3.âœ… LETâ€™S GO!âœ… Your Vote for #KamalaHarris! â¤ï¸ #Pennsylvania #Nevada #Georgia #Michigan #NorthCarolina #Texas #Florida #Wisconsin https://t.co/tb0dDkcFBq'
1850242588093120832	finkerzNFT	'After the last #election I saw very obvious issues with them claiming Biden won #Pennsylvania when it only took a short drive to see that there was overwhelming support for #Trump in the state. Before they pull the same shit again this year, I did a little experiment. https://t.co/Ij7SzGOaR2'
1850299700660093225	jot_au	'.PA Swing Voters Can't Stand Trump #USDemocracy #USElection2024 #Pennsylvania https://t.co/2NnobLpsUL'
1850299639670386849	otterschnauzer	'Tr&lt;mP just said H@RRIS was against fracking â€œfrom the day she was born.â€ ğŸ¤£ğŸ¤£ğŸ¤£ #campaignspeeches #trump #kamalaforthewin #KamalaHarris2024 #fracking #Pennsylvania #PA #swingstate #BattlegroundState #idiocracy #VoteAgainstFascism #voteagainstidiocy'
1850299397806166018	JondavidRLongo	'New Castle, Pa is the Fireworks Capital of America. They know how to light up the night skies and their support for @realDonaldTrump shines even brighter! PS: letâ€™s be honestâ€¦ who better than TRUMP to plan Americaâ€™s 250th Independence Day fireworks ?! #trumpbus #pennsylvania https://t.co/cnqnVz3ade'
1850298244615528637	mrshred	'@MAGAIncWarRoom â€œHerâ€ is E Jean Carroll ğŸ˜‚ğŸ¤£ğŸ˜‚ğŸ¤£ğŸ˜‚ğŸ¤£ğŸ˜‚ğŸ¤£ğŸ˜‚ğŸ¤£ğŸ˜‚ Undecided #UndecidedVoters #SwingStates #Pennsylvania #PA #Wisconsin #WI #NorthCarolina #NC #Georgia #GA #Michigan #Vote #VotersCharlotteNC #Philly #Atlanta #Milwaukee #Pittsburgh #MAGA #TheMoreYouKnow #Harris_Walz2024 https://t.co/jSRdA9PfBM'
1850296615484940773	SMaharrey44240	'[Video] DONALD TRUMP MEETS WITH MUSLIM COMMUNITY IN HAMTRAMCK #DonaldTrump #Pennsylvania https://t.co/AbdcJ8fhfn'
1850296584980086813	LadyElizabeth61	'#TrumpRally #Pennsylvania #Trump2024'
1850296561068077401	RoseDoran11	'Colorado And Pennsylvania Officials Investigating Incidents Of Voter Fraud #Colorado #Voterfraud #Pennsylvania #Voterregistration https://t.co/u97GQ1PZt2'
1850295603684884782	mrshred	'@MAGAIncWarRoom ğŸ˜‚ğŸ¤£ğŸ˜‚ğŸ¤£ğŸ¤£ğŸ¤£ğŸ˜‚ğŸ¤£ğŸ¤£ğŸ¤£ #Undecided #UndecidedVoters #SwingStates #Pennsylvania #PA #Wisconsin #WI #NorthCarolina #NC #Georgia #GA #Michigan #Vote #VotersCharlotteNC #Philly #Atlanta #Milwaukee #Pittsburgh #MAGA #TheMoreYouKnow #Harris_Walz2024 #VoteBlueToPreserveYourRights https://t.co/lto7hxFcoh'
1850292280621727988	ManetteJust	'#ElectionFraud #Pennsylvania'
1850292078611235149	somewherenotnow	'This day in 1682. Philadelphia is founded in the Commonwealth of Pennsylvania. #commonwealth #pennsylvania #unitedstates #philadelphia'
1850291983602049219	Studio26151	'Focus group results - independent #PA's Swing Voters Can't Stand Trump (with Holly Otterbein) | Focus Group https://t.co/Mv8blHOAmR via @YouTube #pennsylvania'
1850291389407379561	mrshred	'Thereâ€™s a Trump rally in State College PA today? #Undecided #UndecidedVoters #SwingStates #Pennsylvania #PA #Wisconsin #WI #NorthCarolina #NC #Georgia #GA #Michigan #Vote #VotersCharlotteNC #Philly #Atlanta #Milwaukee #Pittsburgh #MAGA #TheMoreYouKnow #Harris_Walz2024 https://t.co/OZBiEzSvI0'
1850291379332858018	MikeW637710	'[Video] A major case of voter fraud registration was just announced in Pennsylvania. #VoterFraudRegistration. #Pennsylvania #Voterregistration #Voterfraud #DumpTheDems https://t.co/eFF73JPZuG'
1850291331081630161	RealAmVoice	'PENNSYLVANIA, DONALD J. TRUMP IS YOUR FIGHTER! @StephenM asks PA to COMMIT to making sure we get President @realDonaldTrump back in office! #Pennsylvania #toobigtorig https://t.co/Ad4nyhVNSZ'
1850291220561502243	IMreadingURmind	'#Arizona #Michigan #Georgia #Nevada #NorthCarolina #Pennsylvania #Wisconsin Timmyâ€™s got a lot more issues than just loading his gun â€¦.ğŸ¤® ğŸ‘‡ğŸ‘‡ğŸ‘‡ğŸ‘‡'
1850291203075612728	TeamTrump	'LIVE: President Trump in State College, #Pennsylvania Text TRUMP to 88022 https://t.co/lVSSWvJnox'
1850291023098061082	pberrini	'Yup. Letting EVERYONE KNOW. #HarrisWalz2024 #HarrisWalz #Kamala2024 #VoteBlue2024 #Freedom #MyBodyMyChoice #NotGoingBack #ScrewTheGop #Message to MAGAts #HarrisWalz #StrongerTogether #NotGoingBack #Pennsylvania #Pittsburgh #Arizona #Michigan #Nevada #Georgia'
1850290989040128308	US_FREEDOM_	'President Trump Holds a Rally in State College, Pennsylvania Penn State #Trump2024ğŸ‡ºğŸ‡¸ #RFKJr $aapl $nvda $tsla $AMC $amzn $btc $slv #Nevada #Pennsylvania #Wisconsin #Michigan #Virginia #Georgia #NorthCarolina https://t.co/CzxAN3MIO7'
1850290696453861777	mrshred	'#Undecided #UndecidedVoters #SwingStates #Pennsylvania #PA #Wisconsin #WI #NorthCarolina #NC #Georgia #GA #Michigan #Vote #VotersCharlotteNC #Philly #Atlanta #Milwaukee #Pittsburgh #MAGA #TheMoreYouKnow #Harris_Walz2024 #VoteBlueToPreserveYourRights #SwingVoters #Montana https://t.co/rCA9SMRWUx'
1850290376101560364	Barken_Stock	'#Nevada #Arizona #NewMexico #Pennsylvania #Michigan #Georgia #NorthCarolina #Vote #2024PresidentialElection #VoteTrump #Trump2024 #VoteToSaveAmerica #NeverKamala'
1850289519658213667	angelx1992	'#oldLady #Wyoming #Pennsylvania #foodies #Iowa #Ohio #EvangelicalsForHarris #NorthCarolina #SouthCarolina #potato #Wisconsin #Tennessee #OldMan #Texas #Florida #family #Maine #Michigan #DumpTrump #Arizona #Colorado #Nevada #DumpTrump #WeirdTrump #Kansas #Utah https://t.co/3NWsMfcX6a'
1850227258994389130	isubbu	'#fetterman #pennsylvania #Trump2024 Sen.Fetterman on support for Trump in Pennsylvania https://t.co/gPTUJQ9vZW'
1850226861852545187	Ricky779399901	'â€˜I Donâ€™t Want It On My Conscienceâ€™: Haley Voter Tells CNN What Trump Said That Made Her Vote Democrat For First Time #CNN #DonaldTrump #Philadelphia #Pennsylvania #Presidentialelection https://t.co/LSntdNNKMd'
1850226532788080992	Toni85814074	'Wow, what a brilliant and timeless idea! #MAGA #MAHA #USA #Texas #Oklahoma #Pennsylvania #Iowa #Ohio #Colorado #Mississippi #Georgia #Virginia #WestVirginia #NorthCarolina #Tennessee #Florida #Utah #NewYork #UnitedStates #NorthAmerica'
1850226201375199310	JavaLove2024	'#Pennsylvania, #Wisconsin, #Michigan, #NorthCarolina, #Florida, #Georgia, #Nevada, and #Arizona #defeatTrump #MAGA #Epection2024'
1850225730078060770	Konchu_klan	'iPhone driver's licenses coming to many U.S. States. However, the â€œpay-to-playâ€ State, #Pennsylvania, will never be prominent. They are waiting for bribes from #Apple. â¦@JoshShapiroPAâ© â¦@PhillyMayorâ© â¦@PASenateCERDâ© â¦@PAHouseGOPâ© https://t.co/Dl9HnV1mXy'
1850225585517150366	JavaLove2024	'Hereâ€™s the truth behind that #stimuluscheck: Itâ€™s more than meets the eye. Donâ€™t be bamboozled. #Election2024 #Pennsylvania, #Wisconsin, #Michigan, #NorthCarolina, #Florida, #Georgia, #Nevada, and #Arizona #DefeatTrump #MAGA https://t.co/afMrAz9sTE'
1850225431976239354	AngelT591366	'@KamalaHarris Policies on schools. She will send all parents to jail for their children truancy with just one swipe of her pen #Michigan #Whitmer #Democrats @realDonaldTrump #Parents #SchoolStudent #Trump2024 #Detroit #California #US #Communist #Pennsylvania #Wisconsin #Elections'
1850225061397209459	marshall5leoman	'@KamalaHarris madam since you take over 2020 as vp Crimes risen 1000% in black neighborhoods due to poverty, 100,000s of black women turned to prostitution to feed their family. If you failed last 4 yrs it will be failure next 4 yrs. @realDonaldTrump will fix child abuse fast. #Pennsylvania'
1850225023920886137	USAEmergAlerts	'There Might Be an Emergency! Alert for "Fayette County ICORRS Public Safety Dispatch", Fayette County, #Pennsylvania: Active Event: Wildfire Listen here -&gt; https://t.co/okOZCEJE4N #osint #breakingnews'
1850224785055256678	poeboy	'Harris Warns Voters That Trump Will Impose A National Abortion Ban #Abortion #DonaldTrump #Abortionlaw #Pennsylvania https://t.co/4YJ48Oa2wL nobody believes hawk tuah Harris lies'
1850224599184605532	OmiDCron	'@GOP This Is What A Real Worker Looks Like Not That ğŸ¤¡You Had Dress Up To Pretend #Pennsylvania #McDonalds'
1850224384868315392	adamlew4	'Campaigns are a strategic fight of raising money and spending it in the right places. And this year, each candidate is spending a crazy amount in swing states, more specifically #pennsylvania, whom the election could very well come down to. #election2024 #election #trump #harris https://t.co/Cq8roJkdlF'
1850223893539156198	MichaelKnotts88	'#Elon #Musk, #DanaWhite to appear at 'historic' #Trump #MSG rally!!! ğŸ˜³ #Trump #TRUMP2024 #DEMS #HISPANIC #BlackMen #Nascar #UFC #GOP #RNC #NRA #congress #BORDER #USA #NYTimes #Michigan #Pennsylvania #NorthCarolina #Arab #Michigan #Pennsylvania https://t.co/rxrQiWb4Oc'
1850223578697847199	BalnceAm	'#SaturdayMood - 10 Days #KamalaHarris2024 Masses are waking up, thinking about who to #VoteğŸ“· for. #NeverTrump Rogan BeyoncÃ© Hillary #VoteBlueDownBallot Houston #VoteBlueAsifYourLivesDependonit #Georgia #Pennsylvania #Wisconsin #Arizona #Nevada #Texas #Michigan https://t.co/SoKhwLFIqo'
1850223372828860605	MichaelKnotts88	'3 ways #Kamala #Harris promotes chaos with her energy message!!! ğŸ˜³ #Trump #TRUMP2024 #DEMS #HISPANIC #BlackMen #Nascar #UFC #GOP #RNC #NRA #congress #BORDER #USA #NYTimes #Michigan #Pennsylvania #NorthCarolina #Arab https://t.co/H20jrHDfp1'
1850264504535601501	US_FREEDOM_	'FLASHBACK: TRUMP ON "THE VIEW" IN 2015 #Trump2024ğŸ‡ºğŸ‡¸ #RFKJr $aapl $nvda $tsla $AMC $amzn $btc $slv #Nevada #Pennsylvania #Wisconsin #Michigan #Virginia #Georgia #NorthCarolina https://t.co/0iHBCVmMau'
1850264427310002539	debsupresley	'ğŸš¨ğŸš¨ğŸ’ªğŸ’ª@ChairmanWhatley @LaraLeaTrump @TrueTheVote @GOP @RNCVoteProtect #Pennsylvania @ScottPresler @GovernorShapiro'
1850264113122873800	maud_keen	'#Pennsylvania October 26 https://t.co/1tGJIzJYtm'
1850263996135264351	Toni85814074	'ğŸ¤“Oh geez, deductive reasoning donâ€™t fail me nowâ€¦ Because they know theyâ€™re caughtâ€¦cheating! #MAGA #MAHA #USA #Texas #Oklahoma #Pennsylvania #Iowa #Ohio #Colorado #Mississippi #Georgia #Virginia #NorthCarolina #Tennessee #Florida #Utah #NewYork #UnitedStates #NorthAmerica'
1850263968679391413	JayJay39075480	'#VoterFraud #Pennsylvania'
1850263945786913040	LoisBryanPhotog	'Thnks to my 9/25 #RedBubble client for their purchas of a card of "View From The Top." Sorry about th giant watrmrk but it dosn't appear on purchasd products! https://t.co/OAv1pYv5BR #art #landscape #PA #Pennsylvania #BlueKnob #BlueKnob #NotAi #LoisBryan #LaurelHighlands https://t.co/V8FMXLwHnl'
1850263870398455869	meinnyc130	'#TrumpRally #Pennsylvania #StateCollegePA https://t.co/z4UDbx4Pkk'
1850263206402691382	mrshred	'@TrumpWarRoom #TrumpLiesAboutEverything #Undecided #UndecidedVoters #SwingStates #Pennsylvania #PA #Wisconsin #WI #NorthCarolina #NC #Georgia #GA #Michigan #Vote #VotersCharlotteNC #Philly #Atlanta #Milwaukee #Pittsburgh #MAGA #TheMoreYouKnow #Harris_Walz2024 #VoteBlueToPreserveYourRights https://t.co/A2MvMkzUdK'
1850262870665089192	FLPublicAffairs	'@HowardMortman This is so awesome!!! ğŸ˜ ğŸ‡ºğŸ‡¸ğŸ‡ºğŸ‡¸ğŸ‡ºğŸ‡¸ Writing postcards at home for @RepCartwright in #Pennsylvania right now and watching @JoeBiden greet U.S. volunteers even virtually is so uplifting!'
1850262119394279821	RealKrysKo	'This is why the Washington Post didn't endorse Kamala Harris #Michigan #Pennsylvania #Trump'
1850259963609821679	says_mahdi	'Trump can win this. But this gonna be manipulated PRESIDENTIAL ELECTION 2024. Don't forget They tried to assassinate Trump in #Pennsylvania Rally . (US agencies) will never want Trump to come in power..'
1850258391840813264	fdragoni	'DEM Senator #Fetterman from #Pennsylvania about #Trump https://t.co/cCKc7RBsTv'
1850257800825286881	aliraza_bandali	'@LeadingReport @SenFettermanPAâ€™s observation highlights the strong grassroots backing @realDonaldTrump has in #Pennsylvania. This level of support could have a significant impact on upcoming elections, showing how crucial #Pennsylvania will be in shaping the political landscape.'
1850257765031457012	AllegoricalData	'#UnionStrong #Pennsylvania'
1850198761324114335	lynda514	'#Pennsylvania #voterfraud'
1850198196225548432	DaveMcCormickNO	'Another out-of-state Hedge fund billionaire Ken Griffin supports CT Dave @DaveMcCormickPA. Trying to buy the Senate seat in #Pennsylvania You Can't Trust Dave McCormick. #PASEN https://t.co/eX4oU1JjXl'
1850197984321192139	CrweWorld	'Suspect Who Shot 3 Women on Philadelphia SEPTA Bus Captured in Delaware #USMarshals, #USMS, #Middletown, #Delaware, #Philadelphia, #Pennsylvania https://t.co/kyXIjIdmm0'
1850197671501238764	EsmeraldoC	'#fyp #viral #trending #algorithm #wisconsin #arizona #florida #michigan #pennsylvania #northcarolina #georgia #vote #govote #election #trump #kamala #news #worldnews #vanessaguillen #theatlantic #misinformation #lies #usa #america #video #realtalk #justsaying #truth'
1850197531734446174	AnamjemWAK	'Billion $ Man @ElonMuskAOC since shower $Millions in #Pennsylvania so @TheDemocrats stingy but their butter factories @CNN and @MSNBC on anti-propaganda daily! An amazing they cries to float money to Americans but won't say $280 billions dumped in Baltic? $Billions in Red Sea and'
1850197485270278198	geminigod	'We can do this #Pennsylvania #Wisconsin #Michigan #texas #Houston #LosAngeles #northcarolina #ohio #iowa #Minnesota #electionday2024 #everyone #love #unity #DIGNITY'
1850197482799501444	EsmeraldoC	'#fyp #viral #trending #algorithm #wisconsin #arizona #florida #michigan #pennsylvania #northcarolina #georgia #vote #govote #election #trump #kamala #news #worldnews #beyonce #chaos #houston #texas #support #usa #america #realtalk #justsaying #truth'
1850197380164985122	DaveMcCormickNO	'Out-of-state donors like hedge fund Paul Singer from Texas have donated 2 million to CT Dave @DaveMcCormickPA Keystone Renewal PAC for the LNG rights. They are trying to buy #Pennsylvania and we won't let them. #pasen https://t.co/ocozNOzu3M'
1850197299659477082	EsmeraldoC	'#fyp #viral #trending #algorithm #wisconsin #arizona #florida #michigan #pennsylvania #northcarolina #georgia #vote #govote #election #trump #kamala #news #worldnews #beyonce #chaos #houston #texas #support #usa #america #realtalk #justsaying #truth'
1850196802101760019	Fwd_Party	'We are so proud of all of our volunteers. We couldnâ€™t do it without you! This month, we want to spotlight @benvalimont of #Pennsylvania as our Volunteer of the Month. Ben and the FWD-PA team are a bright example of how we can roll up our sleeves and work together to build the https://t.co/JHdNQ1uBcl'
1850196313977098366	FLPublicAffairs	'@JohnFetterman Writing postcards this morning for @RepCartwright in @JoeBidenâ€™s hometown of #Scranton, #Pennsylvania!! ğŸ™ğŸ»ğŸ™ğŸ»ğŸ‡ºğŸ‡¸ğŸ‡ºğŸ‡¸â¤ï¸'
1850196275712626734	CrweWorld	'Enforcement and Removal Operations (ERO) Philadelphia removes Guatemalan citizen wanted for child abuse, violence against women and abuse of power #Harrisburg, #Pennsylvania, #Guatemala, #Immigration https://t.co/mALZWXF8Ky'
1850196123392094345	PDriverKC	'#FactCheckKamala #Pennsylvania #Michigan #Arizona #Nevada #Georgia #Wisconsin #Helene #FEMAFailure @tylerperry FACT: President Trump's Policies Have Delivered For Black Americans https://t.co/5aNqtuap64'
1850195997604958507	USTSKyleY	'Pennsylvania County Investigating Fraudulent Voter Applications #Pennsylvania #Voterregistration #Voterfraud #Colorado https://t.co/g28Ha8nZqZ'
1850195345013149944	JackTorry1	'#Pennsylvania'
1850194933807779870	JavaLove2024	'#WereNotGoingBack. #WhenWeFightWeWin, and #WhenWeVoteWeWin. #MakeAPlanToVote, #LetYourVoiceBeHeard, because #YourVoteMatters. #Election2024 #Pennsylvania, #Wisconsin, #Michigan, #NorthCarolina, #Florida, #Georgia, #Nevada, and #Arizona will #DefeatTrump and #MAGA. https://t.co/6BcNfSMh8A'
1850194657906475197	Toni85814074	'Harris Supporter, Toddler Terrorizer! #MAGA #MAHA #USA #Texas #Oklahoma #Pennsylvania #Iowa #Ohio #Colorado #Mississippi #Georgia #Virginia #WestVirginia #NorthCarolina #Tennessee #Florida #Utah #NewYork #UnitedStates #NorthAmerica'
1850194087821066421	DreamingRaven3	'@RealAlexJones #Election2024 Is rigging #Vote2024 already under way??? we know the answer in #Virginia Forcing non-citizen voters back into #Election by #HarrisBiden #Judiciary involving into STATE ELECTIONSğŸ¤¬NOW LOOK #Pennsylvania #LancasterCounty https://t.co/9yAi9OZL51'
1850190369331232841	TrumpWorld2017	'#USA #America #JesusIsLord #MAGA @realDonaldTrump @elonmusk #Pennsylvania #Georgia #Arizona #Michigan #Texas #Nevada #Wisconsin #Ohio #California #Alaska #Colorado #Utah #Arkansas #Louisiana #Missouri #Tennessee #NorthCarolina #Montana #Wyoming #Nebraska #NewJersey #NewYork https://t.co/bFYBizlUHw'
1850242288112570804	Isaestl11	'#Pennsylvania #POLISH #Fascism #deportations Pay attention ğŸ‘‡ #VoteBlueToStopACriminalDictator #HarrisWalzObviously'
1850241780782178353	gptraveldiary	'https://t.co/FYdHO1sgl6 Just visited the incredible Kinzua Viaduct in Pennsylvania - a must-see for admirers of engineering feats. Absolutely jaw-dropping. #Travel, #Pennsylvania, #GPT, #scifi, #KinzuaViaductPennsylvania, #Engineering'
1850241416309399884	holtkajw	'The Democrats have brought us war in Europe and unrest in the Middle East! Donald Trump will return us to peace and prosperity! #Pennsylvania #Georgia #Nevada #Wisconsin #Michigan'
1850241408181092767	estes7777	'#VoteBlue #undecidedvoters #HarrisWalz2024 #Pennsylvania #Arizona #Michigan #Nevada #Georgia #RepublicansagainstTrump #VeteransAgainstTrump #Trumpisacriminal #trumpisafraud #DestroyTheGOP #Project2025 #Agenda47 #Voteblue2024 #ScrewtheGOP #MessagetoMAGA #Mybodymychoice'
1850240806671835607	GusWiliams87528	'Sorry #Wisconsin , donâ€™t take it personally. He probably meant #Pennsylvania.'
1850240599854621062	online_helper	'#Alaska, #Arizona, #Arkansas, #Florida, #Georgia, #Idaho, #Indiana, #Iowa, #Kansas, #Kentucky, #Louisiana, #Texas, #Mississippi, #Missouri, #Montana, #Nebraska, #Nevada, #NorthCarolina, #SouthCarolina, #NorthDakota, #Ohio, #Oklahoma, #Pennsylvania, #SouthDakota, #Tennessee'
1850240164758782115	BarnstormersUSA	'Come on, #PENNSYLVANIA! Get out there and vote EARLY! Lock it down... #HarrisWalz2024 #VoteBlueUpAndDownTheBallot'
1850240100707217771	PeppleJimhpns	'Fraudulent voter registrations seized in Pennsylvania #Pennsylvania #Voterregistration https://t.co/KHlzk1jNIl'
1850239807043051958	iBarron72	'Iâ€™m so excited to be in #StateCollege, #Pennsylvania with so many #MAGA patriots ready to support President #Trump on #November5th! Pennsylvania is going RED in 10 days!!'
1850239115834610007	Toni85814074	'ğŸ›‘Kamala experiencing a mental breakdown as her campaign implodes! #MAGA #MAHA #USA #Texas #Oklahoma #Pennsylvania #Iowa #Ohio #Colorado #Mississippi #Georgia #Virginia #WestVirginia #NorthCarolina #Tennessee #Florida #Utah #NewYork #UnitedStates #NorthAmerica'
1850238861588488470	DRJACOBB	'Hi! Is thisğŸ™ï¸on?ğŸ˜œMy first day podcasting. I discuss the cheating in #Pennsylvania #PA, other cheating #Kamala #Harris Biden #DoD5249.01 authorizing the #USmilitary to use #LethalForceâ€”shoot &amp; killâ€”Americans on #US soil &amp; 5 Rules 4 #Patriots.#Trump2024ğŸ‡ºğŸ‡¸ https://t.co/AdV0FgEaKU'
1850237854267412781	deanna504	'#philadelphiaEnquider #KamalaHarris2024 #PhillysUpdates #Pennsylvania'
1850193941066309794	BalnceAm	'#KamalaHarris2024 - #BreakingNews Masses of people are waking up thinking about who to #Vote for. Virginia Amish Megan Kelly Kid Rock 10 Days #NeverTrump #VoteBlueAsifYourLivesDependonit #Georgia #Pennsylvania #Florida #Wisconsin #Arizona #Nevada #Texas #Michigan https://t.co/17eCwl6eYv'
1850193748547813454	stock_monster77	'â€˜Stunning security failureâ€™: U.S. agents miss Venezuelan gang tattoos in scan for refugee approvals #Trump2024ğŸ‡ºğŸ‡¸ #RFKJr $aapl $nvda $tsla $AMC $amzn $btc $slv #Nevada #Pennsylvania #Wisconsin #Michigan #Virginia #Georgia #NorthCarolina https://t.co/wh3ZQx9sc6'
1850193520113455408	PhantomBrooM	'Well @elonmusk this is what they are sending out in PA. This obviously all lies but they are trying to get #Pennsylvania to go blue. They are trying to get their puppet elected. We need #Trump more than ever. #Trump2024 #Trump2024Vance #TrumpsRevenge2024 #Trump2024TheLastStand https://t.co/By2jTyKL5n'
1850193255297692120	US_FREEDOM_	'Joe Rogan &amp; Donald J Trump #Trump2024ğŸ‡ºğŸ‡¸ VOTE EARLY ğŸ—³ #RFKJr $aapl $nvda $tsla $AMC $amzn $btc $slv #Nevada #Pennsylvania #Wisconsin #Michigan #Virginia #Georgia #NorthCarolina https://t.co/kxpstW53IF'
1850193079602389284	ImpeachedAgain2	'@Tim_Walz Dominican community in #Pennsylvania, I think this is the first time a vice presidential candidate has gone to Allentown. Thank you @Tim_Walz !'
1850192946643063096	BombayLace	'#Ohio #Oklahoma #Oregon #Pennsylvania #RhodeIsland #SouthCarolina #SouthDakota Plz put your mail in ballot back in the mail no later than Oct 29th. Must give Post Office time to get it back to tabulation center #HarrisWalz #VoteBlueDownBallot'
1850192665293291753	JavaLove2024	'#WereNotGoingBackâ€”when we fight, we win. When we vote, we win. Make a plan to vote and let your voice be heard because your vote matters. #Election2024 #Pennsylvania #Wisconsin #Michigan #NorthCarolina #Florida #Georgia #Nevada #Arizona #DefeatTrump #MAGA'
1850192621269897218	JavaLove2024	'#WereNotGoingBackâ€”when we fight, we win. When we vote, we win. Make a plan to vote and let your voice be heard because your vote matters. #Election2024 #Pennsylvania #Wisconsin #Michigan #NorthCarolina #Florida #Georgia #Nevada #Arizona #DefeatTrump #MAGA'
1850192599987961941	JavaLove2024	'#WereNotGoingBackâ€”when we fight, we win. When we vote, we win. Make a plan to vote and let your voice be heard because your vote matters. #Election2024 #Pennsylvania #Wisconsin #Michigan #NorthCarolina #Florida #Georgia #Nevada #Arizona #DefeatTrump #MAGA https://t.co/owQxJFFRDF'
1850191541928927693	DreamingRaven3	'#Election2024 WATCH: LancasterCounty #Pennsylvania Uncovers suspected #VoterFraud ?? Officials Reveal 'Apparent Incidents' Of Alleged Voter..,https://t.co/Wp4aa2pLFN via @YouTube'
1850191525545656668	TrumpWorld2017	'Our National Anthem - Anthem Lights https://t.co/L6yBsmo4Kv #USAğŸ‡ºğŸ‡¸ #America #MAGA @realDonaldTrump @elonmusk #Pennsylvania #Georgia #Arizona #Michigan #Texas #Nevada #Wisconsin #Ohio #California #Alaska #Colorado #Utah #Arkansas #Louisiana #Missouri #Tennessee #NorthCarolina'
1850191454616125857	Ltcb007	'#Pennsylvania'
1850191097626288563	MariMarSpeakUp	'GREAT INTERVIEW!! HIGHLY RECOMMEND ALL WATCH!! â¤â¤â¤â¤â¤ğŸ‡ºğŸ‡¸ğŸ‡ºğŸ‡¸ğŸ‡ºğŸ‡¸ğŸ‡ºğŸ‡¸ #KamalaHarris #TimWalz #USA #2024election #DonaldTrump #JDVance @TheTyroneMagnus @lovelyti #WhiteHouse #joebiden #trumpvance2024 #2024elections #Pennsylvania https://t.co/oSe33jq16M'
1850217928467075188	caroltatummusic	'NEW HAMPSHIRE HAS FLIPPED RED!ğŸ˜ƒ Come ONNNN Wisconsin, Michigan, Minnesota, New Carolina, Georgia, Pennsylvania, Virginia, Illinois and New Mexico!! Your freedoms and life depends on your vote! #trump #trump2024 #newhampshire #wisconsin #michigan #minnesota #pennsylvania'
1850217708253786476	knittervontease	'#Pennsylvania how's things going there? https://t.co/i5cjdKbind'
1850217566968402151	DaveMcCormickNO	'Speaking of billionaire sycophants. Here is Jeff Yass giving more money to buy #Pennsylvania CT Dave @DaveMcCormickPA You Can't Trust Dave McCormick https://t.co/aS2g8qnPOV'
1850217073622085905	HarZizn	'#US intelligence officials say Russian operatives attempting to interfere with the American #election were behind a fake video supposedly showing someone tearing up ballots in #Pennsylvania. #War_in_Ukraine https://t.co/RMgXPcOBnB'
1850215976714854772	wrenaissanceman	'Don't believe everything you see. #ViralVideo of ripped-up #Pennsylvania #ballots is #fake and #Russian-made, intelligence agencies say. #Russia #RussianDisinformation https://t.co/jvqmf8j8Ku'
1850215904874819918	Toni85814074	'POGA TN-Man made bridge after #Helene disaster! #MAGA #MAHA #USA #Texas #Oklahoma #Pennsylvania #Iowa #Ohio #Colorado #Mississippi #Georgia #Virginia #WestVirginia #NorthCarolina #Tennessee #Florida #Utah #NewYork #UnitedStates #NorthAmerica'
1850215693846823274	KiwiiSj	'Voter Fraud in #Pennsylvania @realDonaldTrump @JDVance You need your #Lawyers on this!! #LUFC #viral2024 https://t.co/aDFdaBOnls'
1850215629279973759	brianjgriffinjr	''She is winning': Why Dowd believes Harris will claim victory despite de... https://t.co/3jjP60ZhtN via @YouTube My answer for Musk. Kamala is 3 points up in non-partisan poles in Battleground states. Gamblers put money on it and go vote! #pennsylvania #America #Wisconsin #NYC'
1850251703922180163	Charles02339637	'Lancaster County DA Investigating Attempted Fraudulent Voter Registration Applications #Voterregistration #Pennsylvania https://t.co/bKRMUlhg4n'
1850250520893792669	Sticklizard3	'Bye Kamala ğŸ˜†ğŸ˜†ğŸ˜† Fetterman calls Trump's support in Pennsylvania 'astonishing': 'You can see the intensity' #DonaldTrump #Pennsylvania #Presidentialelection https://t.co/Ev1IPL4hWb'
1850249939466461207	NewPennsylvania	'10 DAYS until #Election Day! Will you be heard? Find your polling place and make a plan: https://t.co/F1mceWkh5W #RegisterToVote #Election2024 #Democracy #PA #GoVotePA #Pennsylvania #IVote https://t.co/7fUPmq78D5'
1850249418945241121	barbiebrox	'#Pennsylvania ğŸ‡ºğŸ‡¸'
1850247526139519172	PCadfael	'Trump repeats false claims of "rampant cheating" in 2020 election Trump LOVES LYING to his FOOLS. Some of them still believe the Very OLD LIAR Trump LOL #Seniors #SaturdayService #Pennsylvania #Georgia #Wisconsin #Nevada #NorthCarolina https://t.co/hG7Y3m7UC7'
1850247149952668018	Eugene646	'@mattturck RT #nato NATO davos corrupt failed governments are destroying farmers. NBCs avoid truth. Farmers across Europe are being destroyed #Pennsylvania story wonâ€™t see on CNN https://t.co/PGFlKSzTV1'
1850246327432536160	Toni85814074	'ğŸ›‘Toddler TetrorizerğŸ›‘ paid $4000 to ACT at Kamalaâ€™s Rally by the DNC! #MAGA #MAHA #USA #Texas #Oklahoma #Pennsylvania #Iowa #Ohio #Colorado #Mississippi #Georgia #Virginia #WestVirginia #NorthCarolina #Tennessee #Florida #Utah #NewYork #UnitedStates #NorthAmerica'
1850245990814482747	AllocatorJobs	'Vanguard is hiring a Senior Investment Analyst - Manager Due Diligence (Malvern, PA) $80k - $173k @BrynMawrCollege @IUPedu @PittTweet @penn_state @TempleUniv @DrexelUniv @Wharton @Penn @CarnegieMellon @RutgersU @UNC #hiring #investments #Pennsylvania https://t.co/7jqFE8wzEE https://t.co/7mqFzWXbCs'
1850245762296209524	PATravelBlog	'The Historic Elk County Courthouse in Ridgway https://t.co/z0qJDg2lds Beautiful historic old building! #Pennsylvania https://t.co/WEfEpSIlZy'
1850237759224692871	TimothyJTrainor	'Imagine if they had a D.A. like this in Philadelphia or Pittsburgh? You would actually see #Pennsylvania flip the way citizens actually vote for a change. @JDShuttlesworth, weren't you just in this area not long ago? #AnswerToPrayer Keep taking authority! (Ephesians 6:12)'
1850237622695690383	FearingLarry	'Pennsylvania County Investigating Fraudulent Voter Applications #Pennsylvania #Voterregistration #Voterfraud #Colorado https://t.co/InqZXFtBPh'
1850236737517228469	PCadfael	''Wild that we do have billionaires': Bill Gates, worth $100-plus billion, would be happy to 'take away 62% of what I have' â€” and says the rich in America 'should pay more' in taxes #Pennsylvania #Michigan #Women #Republican #Farmer #Texas https://t.co/eZZqoXBeS3'
1850236717804167640	JuanNando0883	'Fetterman calls Trump's support in Pennsylvania 'astonishing': 'You can see the intensity' #DonaldTrump #Pennsylvania #Presidentialelection https://t.co/joLM3vLaKi'
1850236153800139174	carlosroa1	'Listos para nuestra #HouseParty #LatinosConKamala #VenezolanosConKamala #Pittsburgh #Pennsylvania https://t.co/Kkq5BE2XNW'
1850236110355452290	Toni85814074	'BREAKING: @elonmusk To speak at Trump Rally tomorrow at Madison Square Garden! #MAGA #MAHA #USA #Texas #Oklahoma #Pennsylvania #Iowa #Ohio #Colorado #Mississippi #Georgia #Virginia #WestVirginia #NorthCarolina #Tennessee #Florida #Utah #NewYork #UnitedStates #NorthAmerica'
1850236019813257612	hatcrawler	'PHILADELPHIA PHILLIES 1996 ALL STAR GAME BLUE REEF/BLACK 59FIFTY now available from HOMEGAME #newdrop #homegame #mlb #philadelphiaphillies #phillies #ringthebell #philadelphia #pennsylvania #1996 #allstargame #blue #reefblack #59fifty https://t.co/OiQ8xEX6yr'
1850235392907436116	LoveMyCountry23	'Dad, uncles, brothers, grandpasâ€¦where are you?You promised to protect the women in your lives. Where are you? #America #Republicans #DemVoice1 #Independent #USA #Texas #Georgia #Florida #Arizona #Pennsylvania #Michigan #Wisconsin #Ohio #Minnesota #Nevada #Nebraska #Montana #USA'
1850234575995257092	Jtaroofing	'ğŸŒŸâœ¨ Don't stress about hanging your Christmas lights this year - let us take care of it for you! Contact us now to schedule your installation and make your holiday season sparkle! ğŸğŸ„ #jtaroofing #roofing #christmaslightinstallation #homerenovation #newjersey #pennsylvania https://t.co/0jxgml4boT'
1850234487608635456	Mb51082451	'Has been proven wrong and not true! Harris Warns Voters That Trump Will Impose A National Abortion Ban #Abortion #DonaldTrump #Abortionlaw #Pennsylvania https://t.co/TJH0DFZS3J'
1850234297782767789	MiaCaporale25	'#Austin #Maryland #NJ #NewJersey #PA #Pennsylvania https://t.co/ddilsGWAy2'
1850234064768229502	liberty_jw	'#VOTE #VoteEarly #Georgia #Northcarolina #Michigan #Wisconsin #Pennsylvania #Arizona #Trump2024'
1850289504583639503	Richland_Dems	'"Meet the Pennsylvania #nuns falsely accused of #voterfraud" from @CNNPolitics https://t.co/ZCB9pTNuzH #Pennsylvania #BattlegroundState #papoli'
1850289253785411835	AllegoricalData	'#UnionStrong #UAW #Michigan #Pennsylvania #Nevada'
1850289146600050790	Studio26151	'#PA's Swing Voters Can't Stand #Trump (with Holly Otterbein) | Focus Group https://t.co/pYqFWbqJ9J via @YouTube #Pennsylvania'
1850288754403201255	angelx1992	'#Putin #Pennsylvania #Nebraska #NorthCarolina #WeirdMAGA #Iowa #Ohio #LGBTQ #SouthCarolina #Tennessee #Florida #Texas #EvangelicalsForHarris #Michigan #Arizona #Colorado #LGBTQ #Nevada #music #Kansas #Indiana #Massachusetts #Alabama #dance #Montana #Maine https://t.co/ohGevjI7LB'
1850288604448227698	OkaneInfinite	'#Pennsylvania #Michigan'
1850287600675987924	angelx1992	'#Diddy #Ohio #Iowa #Alaska #Arizona #Tennessee #Melania #BBC #Pennsylvania #NorthCarolina #Utah #EvangelicalsForHarris #Colorado #Nevada #DiddyGate #Wisconsin #Nebraska #Maine #weirdTrump #Kansas #Texas #Florida #EpsteinClientList #DumpTrump #WestVirginia https://t.co/7vMkWJhCaT'
1850287276523413662	Studio26151	'@tbonier Why #Pennsylvania Democrats are going to vote in person on election dayâ€¦ https://t.co/c6dVacR5kz'
1850310347367813446	World_ponder	'@VP optimism, joy, cheer and hopefulness @realDonaldTrump anger, vitriol, fear, pessimism, hate #Elections2024 #DemocracyIsOnTheBallot #Michigan #Pennsylvania #NorthCarolina #georgia #Wisconsin #Nevada'
1850309322263212456	PAniskoff	'ğŸ‘€ I think that was us sorry not sorry #Pennsylvania'
1850308870712729879	LittleMsBiddi	'#Pennsylvania'
1850308785530913191	kage_jay	'"Let's Make American Great Again, Go Vote! " Hey, who were these National Champions? I missed their intro.. #VoteTrumpVance2024 #Michigan #Pennsylvania #Wisconsin #Nevada #Georgia #NorthCarolina #Arizona #Election2024 #RoganTrump #TrumpVance2024 #ElectionTwitter https://t.co/3d0RodcHtB'
1850308721806544908	DoingMyPartAreU	'@BoLoudon #Pennsylvania #LetsFrack'
1850308598435397772	DoingMyPartAreU	'#VoteTrumpVance2024 #VoteEarly #Pennsylvania do this right!'
1850308543020400890	it_becuz	'#PA #Pennsylvania #HarrisWalz #Democrats https://t.co/6W94LdzBqu Early voting in PA models showing Democrats under-performing the Republican early vote numbers. Rural areas are meeting or exceeding '20 and '22 turnout percentages like Georgia, Nevada, and Arizona.'
1850307862590886022	SCVIndy	'@1zzyzyx1 For context #election2024 #Pennsylvania #NorthCarolina #michigan #ohio #florida #Nevada #Arizona #Georgia https://t.co/8JmBiKyTcr'
1850307591660060997	carlosroa1	'Nuestro #HouseParty #LatinosPorKamala #Pittsburgh #Pennsylvania https://t.co/2KNe4qM6es'
1850307528284144056	tcleve1130	'â€˜I Donâ€™t Want It On My Conscienceâ€™: Haley Voter Tells CNN What Trump Said That Made Her Vote Democrat For First Time #CNN #DonaldTrump #Philadelphia #Pennsylvania #Presidentialelection https://t.co/2QzQor4wNB'
1850307231864004712	phillyopine	'Make a plan to vote #Pennsylvania #VOTE and #VoteBlue'
1850306972354302440	Studio26151	'The Republicans are trying to â€˜nullify and vaporise the meaning of peopleâ€™s votesâ€™ everywhere. Thatâ€™s why in #Pennsylvania Democrats are voting on the day MUST-SEE: Jamie Raskin deals CRUSHING BLOW to Republicans https://t.co/COIKfrMGXW via @YouTube https://t.co/6VZ70dTEYu'
1850306892481843487	Deborah07849071	'LIVE: President Trump in State College, #Pennsylvania'
1850325420341686526	Labador90	'#Iowa #NewHampshire #Colorado #Wisconsin #Pennsylvania #Georgia #NorthCarolina #Michigan #Arizona #Florida #Nevada #Ohio #Indiana #Tennessee #Utah #Montana #Idaho #Washington #WashingtonDC #Vermont #Illinois #Kentucky #Oregon'
1850324965175762991	gemstone_winter	'@GovernorShapiro Just another PA office not equipped to do it's job. Another sad day for #Pennsylvania @ScottPresler'
1850324930912571522	stock_monster77	'"The man you saw on the Joe Rogan show last night .is the man who came to visit me in the hospital after I was wounded." #Trump2024ğŸ‡ºğŸ‡¸ #RFKJr $aapl $nvda $tsla $AMC $amzn $btc $slv #Nevada #Pennsylvania #Wisconsin #Michigan #Virginia #Georgia #NorthCarolina https://t.co/qGym0foxNQ'
1850324719796449563	AmericanMom2022	'#PennState #pennstatewrestling #Pennsylvania VOTE EARLY VOTE TRUMP #MAGA #fratboys #GenZ'
1850323632138195454	nsnradio	'Download app BUSHWICK RADIO STATION APP #eastcoast #westcoast #midwest #south #northeast #newyork #flordia #texas #Pennsylvania #upstatenewyork #Canada #europe #japan #Germany #France #southamerica #brooklyn #bronx #queens #longisland #Manhattan #StatenIsland https://t.co/gZahqyMKpQ'
1850323419876749386	scienceinvestme	'#Kamala 4 yrs job resume *Track Record* *40 yr high #inflation *Record credit card debt *Record household debt *Record national debt *Record #Illegalimmigration *Afghanistan debacle *Ban #Fracking *WORLD-WAR 3? *ENDLESS funds 4 wars #Pennsylvania #Autoworkers #VOTETRUMP https://t.co/FRvNm0jRiW'
1850323051994386725	online_helper	'#Alaska, #Arizona, #Arkansas, #Florida, #Georgia, #Idaho, #Indiana, #Iowa, #Kansas, #Kentucky, #Louisiana, #Texas, #Mississippi, #Missouri, #Montana, #Nebraska, #Nevada, #NorthCarolina, #SouthCarolina, #NorthDakota, #Ohio, #Oklahoma, #Pennsylvania, #SouthDakota, #Tennessee'
1850321138750046324	OCarmandi50329	'@realTrumpNewsX I'm a real person from #Pennsylvania #TrumpVanceKennedyGabbardMusk2024 Our #DreamTeam'
1850320925595734040	dmacmd	'@ScottPresler #LFG #Pennsylvania can save America! #VoteRedToSaveAmerica #VoteRedToTakeBackAmerica #VOTE'
1850320879562920234	TrumpWorld2017	'Under President Trump, we created 1.2 million manufacturing &amp; construction jobs. In 2025, our focus will be to revive our manufacturing industry through the largest tax cuts &amp; deregulation. #VoteEarly #VoteTrump #USA #America #Pennsylvania #Michigan #Ohio #California #NewJersey https://t.co/HszkNa2osj'
1850320869077246095	charlesnorthvi	'#AmericanRevolutionaryWar #USHistory #BattleofWyoming #MassacreofWyoming #WyomingMassacre #history #Pennsylvania #WyomingValley #Loyalists #Rebels #Patriots #IroquoisConfederacy'
1850319476153303355	Lyngvie1	'Nuns push back after #GOP political activist casts doubt on their #Pennsylvania voting registration The Benedictine Sisters of Erie put out a news release this week in response to the post by Cliff Maloney. https://t.co/dbzdB8yicQ'
1850303301235204409	mrshred	'@MAGAIncWarRoom Whatâ€™s #DonTheCon lyinâ€™ about today? ğŸ˜‚ğŸ¤£ğŸ˜‚ğŸ¤£ğŸ˜‚ğŸ¤£ğŸ˜‚ğŸ¤£ğŸ˜‚ğŸ˜‚ğŸ¤£ğŸ¤£#Undecided #UndecidedVoters #SwingStates #Pennsylvania #PA #Wisconsin #WI #NorthCarolina #NC #Georgia #GA #Michigan #Vote #VotersCharlotteNC #Philly #Atlanta #Milwaukee #Pittsburgh #MAGA #TheMoreYouKnow https://t.co/trCe65IJ4N'
1850303103825776906	pedalbikers	'Oh this is funny- I just heard Trump say at his #Pennsylvania rally â€œâ€¦i just left Detroit. they were happy.â€I guess i would be too if @realDonaldTrump left ğŸ˜‚ Seriously, #vote yaâ€™all #VoteBlue2024ProtectWomensRights #VoteBlue2024People #VoteBlueAsifYourLivesDependonit'
1850303069835415861	miksu2006	'"By law, Native American tribes, their members, their lands and their profits are exempt from state taxation without express authorization from Congress." SO WHY are #JOEBIDEN/#democRATS APOLOGIZING to American #indians? #connecticut #newhampshire #nevada #arizona #pennsylvania'
1850303003087220941	DeanKeener5	'[Video] Tucker #Pennsylvania https://t.co/a0GipHIQhz'
1850302909600436459	mrshred	'@TrumpWarRoom @MAGAIncWarRoom Whatâ€™s #DonTheCon lyinâ€™ about today? ğŸ˜‚ğŸ¤£ğŸ˜‚ğŸ¤£ğŸ˜‚ğŸ¤£ğŸ˜‚ğŸ¤£ğŸ˜‚ğŸ˜‚ğŸ¤£ğŸ¤£#Undecided #UndecidedVoters #SwingStates #Pennsylvania #PA #Wisconsin #WI #NorthCarolina #NC #Georgia #GA #Michigan #Vote #VotersCharlotteNC #Philly #Atlanta #Milwaukee #Pittsburgh #MAGA #TheMoreYouKnow https://t.co/Jrt3b40yOj'
1850302684319928574	Harris_x28	'#Fall #Walk at #PennTreatyPark in #Philadelphia #Pennsylvania ğŸ #autumn #fallvibes #fallcolors #fallleaves #nature #fallinphilly #fallinpa #fallphotography #visitphilly #visitpa #photography #youtube @youtube @visitphilly @visitpa @penntreatypark https://t.co/Ul8UKnxYlN'
1850302100854686151	PCadfael	'Very OLD Trump just Loves LYING continually to his Mindless Fools #NorthCarolina #Michigan #Pennsylvania #Georgia #Nevada #Wisonsin #Arizona'
1850302034819653876	bingwisdom	'Things #WashingtonPost #WaPoMeltDown won't report now because they work for the Fascist Party and Dictator Trump. The only rigging is from Republicans Musk and Bezos Trump is an Orban wannabe #Pennsylvania'
1850301951038115860	Always_Trump24	'Pay attention #Pennsylvania!'
1850301744707989724	Ninavictoria_10	'#TrumpIsUnfitForOffice #America #Arizona #Michigan #Texas #Pennsylvania #Philadelphia #Georgia #Nevada #Wisconsin We Are Going Forward. #VoteKamalaHarrisAndTimWalz2024'
1850300930186719664	kage_jay	'@GMannheim981 @Alamo1836Alamo @atensnut Texas is not turning blue. And a vote for Trump tells YOU to f yourself. You're welcome. #VoteTedCruz #VoteRedToSaveAmerica #VoteTrumpVance2024 #Michigan #Pennsylvania #Wisconsin #Nevada #Georgia #NorthCarolina #Arizona #Election2024ğŸ“· #RoganTrump #TrumpVance2024'
1850300908007243831	RFKJr4Unity2024	'#Amish #Pennsylvania #MAGA #MAHA #AmishForTrump ğŸ”¥'
1850300295344996693	PERsisterER	'Letâ€™s GO #Pennsylvania!'
1850202989056729201	TadDickson333	'#illegal #McCormick #Pennsylvania #BobCaseyWontWork. #DemocratsdontWork #LiberalSocialistsareadisgrace #DumpDemocrats #JoeRogan #Leadership #NoTaxOnTips #Pittsburgh #saveAmerica #AmericaFirst #Philadelphia #Scranton #SaveTheChidrenWorldWide #PennsylvaniaVotes'
1850202948510306798	stock_monster77	'â€œVoter ID is the most bizarre argument.. why would you not want people to have ID?â€ #Trump2024ğŸ‡ºğŸ‡¸ #RFKJr $aapl $nvda $tsla $AMC $amzn $btc $slv #Nevada #Pennsylvania #Wisconsin #Michigan #Virginia #Georgia #NorthCarolina https://t.co/stAC5CfBJA'
1850202181028204933	caroltatummusic	'ğŸ˜¡ğŸ˜¡ğŸ˜¡ARE THEY CAUGHT IN REAL TIME CHEATING????????????????????? Why are the ballots being handled AWAY FROM THE OTHER BALLOTS!? #electionfraud #cheating #voterfraud #pennsylvania'
1850201980691451949	DaveMcCormickNO	'Oh, and look another sexual abuser Steve Wynn who paid 10 million to his victim is now a donor of CT Dave @DaveMcCormickPA trying to buy #Pennsylvania #PASEN. We won't let them. You Can't Trust Dave McCormick https://t.co/WuA9rwadqn'
1850201684146102506	Yolibeans	'This is fun! ğŸ¤— Who are you voting for this upcoming #Election2024? #KamalaHarris! â¤ï¸ Yay! ğŸ™Œ Everybody is voting for our #Kamala! #Michigan #Pennsylvania #Nevada #Arizona #NorthCarolina #SouthCarolina: LETâ€™S GO! Check out streetpolls's video! #TikTok https://t.co/AhAKQ6yhzX'
1850201293022777849	DaveMcCormickNO	'Another out-of-state billionaire donor of CT Dave @DaveMcCormickPA trying to buy #Pennsylvania #PASEN We won't let them. You Can't Trust Dave McCormick https://t.co/Se0QlEAjhz'
1850201018266791957	CrweWorld	'Justice Department Announces Four Cases Brought by Election Threats Task Force #Colorado, #Arizona, #Florida, #Pennsylvania, #ElectionDay, #Elections, #Voting https://t.co/a7VnH4v5WS'
1850200700468216119	DaveMcCormickNO	'We all know Jeff Yass. Well this sycophant has spent 80 million on this year's election trying to buy #Pennsylvania #PASEN of course he donated to CT Dave @DaveMcCormickPA We won't let them. You Can't Trust Dave McCormick https://t.co/0EGNQxBjzh'
1850200305721311552	DailyStepUp	'Spirit Halloweens! #Halloween #halloween #halloween2024 #halloweenspirit #halloweenwreath #Carlisle #Pennsylvania https://t.co/xteIFdegkd'
1850200218475573322	DaveMcCormickNO	'You remember the Uihlein's from their Jan 6th scandal bussing people down for the insurrection. Well now the are donating to CT Dave @DaveMcCormickPA trying to buy #Pennsylvania #PASEN We won't let them. You Can't Trust Dave McCormick https://t.co/akldurdMZo'
1850199711749144970	TadDickson333	'#Philly #Pennsylvania #Pittsburgh #noDemocrats #McCormickforSenate #ConservativesWork for All #AmericaFirst @DaveMcCormickPA Leaders not followers. #NoTaxOnTips #maga'
1850199597244698918	DustNat2019	'ğŸš¨10 days left until election day!!ğŸš¨ #Republicans #RepublicanParty #JDVance #Pennsylvania #Michigan #USDemocracy #Arizona #northcarolinaflood #ElonMusk #USA #Wisconsin #fanfare #FreeSpeech #ILLEGALimmigrants #BorderCrisis It's time to stand up! Get out there and vote this'
1850199452398637309	DaveMcCormickNO	'Backer of Musk billionaire also donating millions to CT Dave @DaveMcCormickPA of course he is out-of-state trying to buy #Pennsylvania #PASEN We won't let them. You Can't Trust Dave McCormick https://t.co/ivw03KEUcQ'
1850198828240060539	DaveMcCormickNO	'Florida billionaire Thomas Peterffy is another out-of-state donor for CT Dave @DaveMcCormickPA trying to buy #Pennsylvania we won't let them. #PASEN You Can't Trust Dave McCormick https://t.co/xZv3s7M5RH'
1850198776000213175	UtahRider	'The state of the union is ğŸ’ª ğŸ‡ºğŸ‡¸ ğŸ‡ºğŸ‡¸ #Pennsylvania #NorthCarolina #Michigan #Wisconsin #Georgia #Florida #VoteBlue #KamalaHarris #DonaldTrump #Voteforkamala #JoeRogan #Cfb #AmericaFirst #Republicans #Democrats #Vote #WashingtonPost'
1850315447670878608	Trish_Maliro	'@elonmusk Still waiting #Fight #Fight #Fightâ€¼ï¸ #Lancaster #Pennsylvania #MAGA2024 ğŸ’šhttps://t.co/mudrgBIti9'
1850315412216447030	TrumpWorld2017	'#Pennsylvania, are you ready to revive American steel &amp; save American energy? Let's #TakeBackAmerica &amp; it make happen! #VoteEarly #VoteTrump #USA #America #MAGA #Philadelphia #Pittsburgh #Erie #Allentown #Lancaster #Harrisburg #HersheyPA #ReadingPA #Scranton #Altoona https://t.co/3qaAChdmD1'
1850315399675433287	DarrickZahlmann	'#Bidenâ€™s remarks today at his #Pennsylvania rally about Trump proves what an angry, insecure old man he is. Heâ€™s failed America and he knows it. #BidenHarris #Election2024 #Democrats #inflation #BorderCrisis #LiberalsMustGo'
1850314567542243628	kage_jay	'#Evil #VoteTrumpVance2024 #VoteTrumpVance2024 #Michigan #Pennsylvania #Wisconsin #Nevada #Georgia #NorthCarolina #Arizona #Election2024 #RoganTrump #TrumpVance2024 #ElectionTwitter'
1850314548026433999	clarksmith31640	'The sprint to Election Day is on â€“ make sure youâ€™re vote-ready! ğŸƒâ€â™‚ï¸ğŸ—³ï¸ #pennsylvania #paneighbornetworkactionfund #voteready #gotv #empowergotv #moodeng https://t.co/FKPAf8JkxJ https://t.co/8PkguP4W47'
1850314438735192473	ChichiKnowsShow	'Dare of the Day: @google yourself and see what pops up. #ChichiKnows ğŸ«¡ â€¦ #Philly #Philadelphia #Pennsylvania #ExplorePage #Share #Repost #Chichi #Interviews #MissBookedAndBusy #PhillyTalkShow #TalkShow #Google #Googlable #MichelleObama #UFC308 https://t.co/tDn6bjEwxG'
1850314217737290153	JulK46956608	'#pennsylvania I believe there will be plenty of voters for Trump. Just hope the number of ballots doesnâ€™t outnumber the voters.'
1850313364980806123	dfw_brucru1	'If you want a safe and secure nation, vote for @realDonaldTrump &amp; #VoteRedToSaveAmerica #independent #MAHA #Libertarian #undecided #Pennsylvania #Scranton #Pittsburgh #Election #NorthCarolina #Charlotte #georgia #UGA #Bulldogs #Wisconsin #Badgers #Michigan #arizona #nevad'
1850313323646169508	thatsMarquel	'Beyonce pulled up to #texas #Michigan #fortdesoto #Pennsylvania if she can vote for her so can you let's not look at this like it's a "woman as President" you need to vote for what will keep the promise #tmz #tmzlive'
1850312031410299114	Toni85814074	'Texas man charged for punching election worker after asking to remove Trump hat! #MAGA #MAHA #USA #Texas #Oklahoma #Pennsylvania #Iowa #Ohio #Colorado #Mississippi #Georgia #NorthCarolina #Tennessee #Florida #Utah #NewYork #UnitedStates #NorthAmerica https://t.co/NOQz283z9X'
1850310957479948749	IsThisATurd	'We're inside and it's filling up! #Trump #TrumpRally #StateCollege #Pennsylvania https://t.co/aDKBh9R4v3'
1850310957475471546	IsThisATurd	'We're inside and it's filling up! #Trump #TrumpRally #StateCollege #Pennsylvania https://t.co/nPLvRzU3qC'
1850310941625446503	OCarmandi50329	'@MamaCl0ud I'm from #Pennsylvania! #TrumpVanceKennedyGabbardMusk2024 Our #DreamTeam'
1850310837170565621	mjallen176	'When Baltimore ğŸ¤ Pittsburgh, you know itâ€™s seriousâ€¦ #GOTV #Pennsylvania'
1850295576048587007	Roman_Bolliger	'LiveStream from Erie, #Pennsylvania, with #BernieSanders, for #KamalaHarris: Trump no good example for kids, even many Republicans agree he is a threat to democracy, #Kamala #Harris is hope for protecting the climate, she cares for people, not billionaires https://t.co/g4g5sFhiT4'
1850294950036177168	scruffygrizbear	'Lancaster Jehovahâ€™s Witness elder sentenced to prison for molesting congregant children #Lancasterjehovah #Pennsylvania https://t.co/i2109ZXCMM Download Now https://t.co/1tCMCjWqVF'
1850294658552778881	stockbella	'LIVE: Watch President Trump (@realDonaldTrump) in State College, #Pennsylvania https://t.co/ia80g52QhO'
1850294246353576068	PCadfael	'ğŸ‡ºğŸ‡¸ğŸ‡ºğŸ‡¸ğŸ’™ğŸ’™ğŸ’™ğŸ’™ğŸ’™ğŸ’™ğŸ’™ğŸ’™ğŸ‡ºğŸ‡¸ğŸ‡ºğŸ‡¸ #KamalaHarris will stop the Crazy #Republican Extremists from forcing #Americans to live under their Horrific #Project2025 #Pennsylvania #Georgia #Women #Nevada #Seniors #Wisonsin #Arizona #NorthCarolina #Michigan'
1850294048147292346	DetunjiBankole	'Heavy Frost &amp; Freeze Possible Across Areas of Pennsylvania, New Jersey, Maryland, and Virginia #NewJersey #Pennsylvania #SouthCarolina #Severeweather #Weather https://t.co/19nWNBeXbu'
1850293932816822332	1AmericanGirl	'@TeamTrump PENN STATE &amp; PENNSYLVANIA ~ VOTE 4 THE USA!ğŸ‡ºğŸ‡¸ = PRESIDENT TRUMP &amp; REPUBLICAN CONGRESS!ğŸ‡ºğŸ‡¸ #PennState #StateCollege #PA #Pennsylvania @PAGOP @realDonaldTrump @JDVance @GOP @FoxNews'
1850293753296163197	Eva61463491	'Fairytale wagon ride during Autumn ğŸ #falltravel #pennsylvania https://t.co/s6N10T92PB via @YouTube'
1850293635130228965	mrshred	'#Undecided #UndecidedVoters #SwingStates #Pennsylvania #PA #Wisconsin #WI #NorthCarolina #NC #Georgia #GA #Michigan #Vote #VotersCharlotteNC #Philly #Atlanta #Milwaukee #Pittsburgh #MAGA #TheMoreYouKnow #Harris_Walz2024 #VoteBlueToPreserveYourRights #SwingVoters #Montana https://t.co/i5MfnMbOH6'
1850293102960853247	DB4dignity	'Good work. Bring it home #Pennsylvania'
1850292870395134371	OkaneInfinite	'#georgia #Pennsylvania'
1850292822098035087	stock_monster77	'President Trump Holds a Rally in State College, Pennsylvania Penn State #Trump2024ğŸ‡ºğŸ‡¸ #RFKJr $aapl $nvda $tsla $AMC $amzn $btc $slv #Nevada #Pennsylvania #Wisconsin #Michigan #Virginia #Georgia #NorthCarolina https://t.co/EnbRHz6JS6'
1850292723896680958	SenatorDegen	'ğŸš¨maga alertğŸš¨ Live: Donald Trump holds a rally in State College, PA #pennsylvania #maga2024 #trump2024 https://t.co/W0m0ZH4r4n'
1850292548675264925	policy_oftruth_	'#Florida #Michigan #Wisconsin #Pennsylvania #Georgia #United_States #VoteHarrisWalz2024'
1850292459563090074	realjamesrossi	'ğŸ”´LIVE: President Trump in State College, #Pennsylvania #TrumpRally https://t.co/qchKiOC773'
1850287165223358898	vamagman	'#Republicans caught cheating--apparently in a big way-- in #Pennsylvania. Major scandal emerging. #Election2024 #LancasterOut'
1850287067026063484	3wn77i	'https://t.co/OHCZHHfmIa #Pennsylvania #TrumpVance2024 #Election2024ğŸ“· #ElectionIntegrity https://t.co/NDSXedGjM0'
1850287009090433312	rezdain	'#RepublicansForHarris #Pennsylvania Calls out #TrumpCallingAmericaAGarbageCan'
1850286630411903334	Toni85814074	'Meet the ğŸ›‘Toddler TerrorizerğŸ›‘ #MAGA #MAHA #USA #Texas #Oklahoma #Pennsylvania #Iowa #Ohio #Colorado #Mississippi #Georgia #Virginia #WestVirginia #NorthCarolina #Tennessee #Florida #Utah #NewYork #UnitedStates #NorthAmerica https://t.co/gTBJjKnVDt'
1850286375490183247	knowbeloliv	'#Trump is in #Pennsylvania ğŸ‘€'
1850286212042695029	Zayphar	''It's Astonishing': Democrat Sen. #Fetterman Blown Away by the 'Intensity' of Support for #Trump, #Musk in #Pennsylvania https://t.co/MYVGUoGjEc'
1850285248548045015	LGBFJBMAGAA	'@catnap1013 Penn is going to decide this election. Vote #Amish #vote #penn #pennsylvania #trump'
1850284677979869477	Delco_1776	'Lancaster PA tonight! ğŸ‡ºğŸ‡¸ğŸ‡ºğŸ‡¸ğŸ‡ºğŸ‡¸ğŸ‡ºğŸ‡¸ğŸ‡ºğŸ‡¸ğŸ‡ºğŸ‡¸ğŸ‡ºğŸ‡¸ğŸ‡ºğŸ‡¸ â€¼ï¸Last day to request a mail in ballot in PA is October 29thâ€¼ï¸ Vote early in person! #VoteEarly #Pennsylvania https://t.co/gCpE3i2Gc0'
1850283883847442817	petunia_wild	'Hello #Erie #Pennsylvania! Bernie rally! #GOTV Rally for @KamalaHarris ! Live stream. #PennState #UPenn #Philly #Temple #Swarthmore #PApol #EriePA #papolitics #Scranton #Allentown #Pittsburgh #Philadelphia #PAVotes #VOTE #HarrisWalz2024'
1850283616313508049	NCuffs1	'Allentown Police investigating shooting after victim found on Muhlenberg College Campus. Campus Safety and Police found the victim who was reportedly shot off campus. #News #Crime #Allentown #PA #Pennsylvania https://t.co/vFr2IcNfBD'
1850283477113164197	23idiocracy	'Kamala Faces BACKLASH In Pennsylvania - Black Voters Speak Out! https://t.co/kXh4sgTvH6 #SabbySabs #KamalaHarris #JillStein #GreenParty #Trump #ThirdParty #AbandonHarris #ImSpeaking #WorldSalad #Pennsylvania https://t.co/PfsVvWNTBE #BabyBabyAllTheTime #poetry #JohnHulse'
1850283223009349886	ClaudiaYadette1	'@DanScavino #Pennsylvania #TrumpForPresident #MAGA @ScottPresler âœŒï¸âœŒï¸ğŸ‡ºğŸ‡¸ğŸ‡ºğŸ‡¸ğŸ‡ºğŸ‡¸'
1850282732573659401	KeithbPa	'Youâ€™re damn right!! #Trump2024 #Pennsylvania'
1850233340516806712	Toni85814074	'Entire Indian community who came here legally, voting for Trump! #MAGA #MAHA #USA #Texas #Oklahoma #Pennsylvania #Iowa #Ohio #Colorado #Mississippi #Georgia #Virginia #WestVirginia #NorthCarolina #Tennessee #Florida #Utah #NewYork #UnitedStates #NorthAmerica'
1850232757714071732	Toni85814074	'ğŸ›‘Rock Island County, Illinois-Voting machine changing votes to Kamala! #MAGA #MAHA #USA #Texas #Oklahoma #Pennsylvania #Iowa #Ohio #Colorado #Mississippi #Georgia #Virginia #WestVirginia #NorthCarolina #Tennessee #Florida #Utah #NewYork #UnitedStates #NorthAmerica'
1850232603309212027	Jude_62	'@TimRunsHisMouth The Left didn't get the Fetterman they were hoping for when he took office right after a stroke. #Pennsylvania voted for Trump in 2020. Their votes were cancelled by this massive fraudâ¬‡ï¸@PAGOP https://t.co/cSEyj2u2Fk'
1850232232419401884	stock_monster77	'#Trump2024ğŸ‡ºğŸ‡¸ VOTE EARLY ğŸ—³ #RFKJr $aapl $nvda $tsla $AMC $amzn $btc $slv #Nevada #Pennsylvania #Wisconsin #Michigan #Virginia #Georgia #NorthCarolina https://t.co/kNbZEVp6Aj'
1850231271286513856	leessaa65	'#Pennsylvania IS #TrumpCountry'
1850231130475155687	Toni85814074	'Is the ğŸ›‘Toddler TerrorizerğŸ›‘ an actor hired by Kamala? She's from CA. Jordan Sierra Bowen. #MAGA #MAHA #USA #Texas #Oklahoma #Pennsylvania #Iowa #Ohio #Colorado #Mississippi #Georgia #Virginia #NorthCarolina #Tennessee #Florida #Utah #NewYork #UnitedStates #NorthAmerica'
1850231046027055415	CLDraga	'#pennsylvania come for a hike? @elonmusk. Iâ€™m not sure I can handle traffic, lines or crowds for your event tonight but Iâ€™m trying to force myself to go. I love and appreciate your common-sense so much. Thanks for speaking in PA and everything youâ€™re doing. ğŸ™ â¤ï¸ âœŒï¸ https://t.co/DyaRNG8WDM'
1850231039328735528	MoniFunGirl	'Pennsylvania county halts 2,500 potentially fraudulent voter registration forms. #Election2024 #VOTE #Pennsylvania #PA @ScottPresler https://t.co/3el4r0HBls https://t.co/VhK9JLMxSk'
1850230866469175612	Cheripi45199368	'[Video] A major case of voter fraud registration was just announced in Pennsylvania. #VoterFraudRegistration. #Pennsylvania #Voterregistration #Voterfraud https://t.co/Vkm9gKhfRQ'
1850230058784522490	pberrini	'â¬‡ï¸ğŸ™â¬‡ï¸ WHERE will he go? Please take the poll below â¬‡ï¸ and consider following me! #HarrisWalz2024 #HarrisWalz #Pennsylvania #Arizona #Michigan #Nevada #Georgia #RepublicansAgainstTrump #VeteransAgainstTrump #TrumpIsACriminal #TrumpisAFraud #DestroyTheGOP'
1850228907368140818	sweetd19624	'â€˜I Donâ€™t Want It On My Conscienceâ€™: Haley Voter Tells CNN What Trump Said That Made Her Vote Democrat For First Time #CNN #KamalaHarris2024 #DonaldTrumpIsAFascist #Philadelphia #Pennsylvania #Presidentialelection https://t.co/l8tSypnrK8'
1850228603436367966	HarvF	'I have seen this with my own eyes here in #Harrisburg, #Pennsylvania. Local volunteers are being supported by busloads of people arriving from all over the Northeast. Itâ€™s an all out effort, and we are going to win the Commonwealth for @harris_wins. @DemJewishPA'
1850227806946631973	SV_Old_Geezer	'Breaking : @elonmusk @realDonaldTrump, Why #democrats in #Blue states have average IQ? ğŸ¤¡ğŸ˜… #HarrisWalz2024 #Democrats #RINO vs #Trump2024 #WeThePeople #MAGA #Arizona #CalForna #Oregon #Michigan #NewYork #Pennsylvania #Wisconsin https://t.co/4tnuxzWrfk'
1850227407569203311	justhappytoseeU	'@HouseGOP @SenateGOP #maga #Florida #Georgia #NorthCarolina #Pennsylvania #texas'
1850306866418737449	MiaCaporale25	'#Philadelphia #PhiladelphiaEagles #Eagles #Flyers #Steelers #SteelerNation #Philly #Pennsylvania #Allentown #Cleveland'
1850306834135236626	opalsun	'Pennsylvania officials investigating fraudulent voter registration applications in Lancaster County #Voterregistration #Pennsylvania https://t.co/K2v7qoDbCU'
1850306779076587543	CountFuqua	'@RepDean You are clueless on what is happening in #Pennsylvania. You and #Kamala have no policies to help the citizens of Pa. #MSNBC #Trump2024TheLastStand #MAGA @1210WPHT'
1850306510104178922	GreenGoalNow	'#1 #Pennsylvania #Halloween ğŸƒ https://t.co/b1jJiTHoVA'
1850306413752697203	carlquintanilla	'#pennsylvania'
1850305833621676037	KathyEllenLane	''Unprecedented peace and prosperity': Trump promises to give YOUNG PEOPLE a shot at the American dream https://t.co/hggcPtXpjk The American dream will live under TRUMP! #VoteTrumpToSaveAmerica #PennState #MAGA #Pennsylvania @realDonaldTrump @TrumpWarRoom'
1850305667422445847	GSqueri	'Bernie Sanders @BernieSanders LIVE from Erie, Pennsylvania! #BernieSanders #Erie #Pennsylvania #DonaldTrump #Trump #KamalaHarris #Democracy #USA'
1850305357266165800	Quizical23	'Can anyone in #Pennsylvania tell me anything @SenBobCasey has ever done?!? 18yrs and he expects votes for his name?!? Hell no!! Im voting for @DaveMcCormickPA'
1850304634344353888	SukiSundara	'Women's Rights. And it's not just Abortion. It's for all women whose pregnancy can go wrong causing death without medical care. Doctor's should not go to prison for saving lives. #Trump #MichelleObama #Arizona #Pennsylvania #Georgia #Michigan #Nevada #NorthCarolina #Wisconsin'
1850304626626535504	boofketimo	'@elonmusk Trump is well on top in #Pennsylvania polls, to keep democracy and America independent, to stop trouble spots, conflicts and wars in the world, a powerful leader ğŸ’ª is needed President #Trump....! https://t.co/1MqewRGKKf https://t.co/5saZLu2swx'
1850304585279349125	saragoldrickrab	'#GOTV for #KamalaHarris on a gorgeous #Pennsylvania weekend Whatâ€™s YOUR #voting plan? #YesWeKam #MakeNoMistakeWeWillWin #GoodTrouble #JoyfulWarriors https://t.co/4tzpingYMh'
1850304192080216190	mrshred	'@MAGAIncWarRoom Whatâ€™s #DonTheCon lyinâ€™ about today? Remember #Infrastructure ? ğŸ˜‚ğŸ¤£ğŸ˜‚ğŸ¤£ğŸ˜‚ğŸ¤£ğŸ˜‚ğŸ¤£ğŸ˜‚ğŸ˜‚ğŸ¤£ğŸ¤£#Undecided #UndecidedVoters #SwingStates #Pennsylvania #PA #Wisconsin #WI #NorthCarolina #NC #Georgia #GA #Michigan #Vote #VotersCharlotteNC #Philly #Atlanta #Milwaukee #Pittsburgh #MAGA https://t.co/ylRb4Xerr9'
1850303929755881976	Phil_Neilsen	'@CNN How many idiots in #America are even taking this #DonaldTrump and his TOUPEE serious in #StateCollege, #Pennsylvania. He just said that he has a friend who has a plant. Say what? #Trump can't simply put two words together without a barefaced lie to it! #SundayMorning'
1850303829369336302	tangagago8	'@POTUS The only things you &amp; @VP @KamalaHarris grew were the national debt and personal debt of all Americans due to the high costs of EVERYTHING! #HarrisWalz2024 isn't happening #BorderCzarKamala failed America #Pennsylvania Harris will ban fracking #Trump2024'
1850303807672160656	mrshred	'@MAGAIncWarRoom Whatâ€™s #DonTheCon lyinâ€™ about today? ğŸ˜‚ğŸ¤£ğŸ˜‚ğŸ¤£ğŸ˜‚ğŸ¤£ğŸ˜‚ğŸ¤£ğŸ˜‚ğŸ˜‚ğŸ¤£ğŸ¤£#Undecided #UndecidedVoters #SwingStates #Pennsylvania #PA #Wisconsin #WI #NorthCarolina #NC #Georgia #GA #Michigan #Vote #VotersCharlotteNC #Philly #Atlanta #Milwaukee #Pittsburgh #MAGA #TheMoreYouKnow https://t.co/gC9N2Lh1Yo'
1850281962868482301	LVwithLove	'It was a beautiful fall day for high school and college football in Bethlehem! #bethlehem #pennsylvania #football https://t.co/h0lyiuUajZ'
1850280921179849176	mrshred	'#Undecided #UndecidedVoters #SwingStates #Pennsylvania #PA #Wisconsin #WI #NorthCarolina #NC #Georgia #GA #Michigan #Vote #VotersCharlotteNC #Philly #Atlanta #Milwaukee #Pittsburgh #MAGA #TheMoreYouKnow #Harris_Walz2024 #VoteBlueToPreserveYourRights #SwingVoters #Montana https://t.co/nJrjLejCcG'
1850280721581212125	LadyElizabeth61	'#TrumpRally #Pennsylvania #Trump2024'
1850280700802482194	NYStaceyInTX	'#TrumpRally #TrumpVance #Pennsylvania #Tonight #VOTE #VoteRed #SaveAmerica #MAGA https://t.co/zBEmKSavrU'
1850280099074969729	MiaCaporale25	'#Pennsylvania #PA ğŸ‡ºğŸ‡¸'
1850279710024253440	mrshred	'@TrumpWarRoom Fat clown pretended to beâ€workâ€ at closed #McDonalds ğŸ¤£ğŸ˜‚ğŸ¤£ğŸ˜‚ğŸ¤£ğŸ¤£ğŸ˜‚ğŸ¤£ #Undecided #UndecidedVoters #SwingStates #Pennsylvania #PA #Wisconsin #WI #NorthCarolina #NC #Georgia #GA #Michigan #Vote #VotersCharlotteNC #Philly #Atlanta #Milwaukee #Pittsburgh #MAGA #TheMoreYouKnow https://t.co/h6KZsrWpGS'
1850279317584179436	DoGeTo101	'Disgusting &amp; corrupt ğŸ &amp; ğŸ¦‚already working around the â° to destroy America on Nov. 5ğŸ—½ #ElectionFraud #WeThePeople #Pennsylvania #GodBlessAmerica #BattleHymnOfTheRepublic #TheyWontBeAbleToStealItThisTime #BallotHarvesting #SoHelpUSGod #SaveTheRepublic #TrumpWasRight #2000Mules'
1850279042202923031	Toni85814074	'Fed judge dismissed claim-Elonâ€™s $1 mil giveaways violated election laws! #MAGA #MAHA #USA #Texas #Oklahoma #Pennsylvania #Iowa #Ohio #Colorado #Mississippi #Georgia #Virginia #WestVirginia #NorthCarolina #Tennessee #Florida #Utah #NewYork #UnitedStates #NorthAmerica'
1850278779312320827	KellyKi14693314	'Early voting for Trump!! ğŸ‡ºğŸ‡¸ğŸ¦… #Pennsylvania #MAGA2024 https://t.co/2X4lcRWIO0'
1850278606074757511	InventingRealit	'Professional Book Editor in Philadelphia #amwriting #authorsoftwitter #writingcommunity #philadelphia #pennsylvania https://t.co/njtnpBbj47'
1850278514710478881	MikeW637710	'Fraudulent voter registrations seized in Pennsylvania #Pennsylvania #Voterregistration https://t.co/Ok5YyqD62s'
1850278033153982778	MeriQueenOfCats	'#Pennsylvania #VoteBobCasey for US Senate #VoteBobCasey to protect #SocialSecurity'
1850277972206293445	RoarShar6064	'Philly's firefighters union backs @SenBobCasey's rival in Senate race The union representing PA's largest city endorses @DaveMcCormickPA for Senate #Pennsylvania https://t.co/SiQ5TDBVIf'
1850213648846713257	CirkaNews	'The 2024 U.S. presidential race is exceptionally close, with Vice President #KamalaHarris and former President Donald #Trump polling at a near tie with roughly 48% each in popular support. Trump currently has a slight advantage in key battleground states like #Pennsylvania, https://t.co/1Uvci2AVl3'
1850213345212702748	Toni85814074	'â€œIâ€™d rather stand with God, because God has his hand on Trump, Comrade Kamala!â€ #MAGA #MAHA #USA #Texas #Oklahoma #Pennsylvania #Iowa #Ohio #Colorado #Mississippi #Georgia #Virginia #WestVirginia #NorthCarolina #Tennessee #Florida #Utah #NewYork #UnitedStates #NorthAmerica'
1850212688174977056	AngelT591366	'WOW! #KamalaHarris supporters are now attacking children. #Election2024 #Democrats #HateSpeech #Trump2024Vance #Trump #Michigan #Pennsylvania'
1850212052855390261	mrshred	'#Undecided #UndecidedVoters #SwingStates #Pennsylvania #PA #Wisconsin #WI #NorthCarolina #NC #Georgia #GA #Michigan #Vote #VotersCharlotteNC #Philly #Atlanta #Milwaukee #Pittsburgh #MAGA #TheMoreYouKnow #Harris_Walz2024 #VoteBlueToPreserveYourRights #SwingVoters #Montana https://t.co/xS68oSxBdS'
1850211573798727905	sweetd19624	'#TrumpIsUnfitForOffice Is this OK? Trump arrived 3 hours late to his own rally to finish a Joe Rogan interview #DonaldTrumpIsAFascist #Pennsylvania #Presidentialelection https://t.co/UwgkvYOtmC'
1850210551361622520	johnjordan1969	'#StopTheSteal America will be lost if they repeat the 2020 #VoterFraud that occured. We saw on TV #Trumps bigger count of 1,690,589 #Pennsylvania live votes &amp; #Bidens Smaller count of 1,252,537 real time votes being swapped around like Taa Daaaa!! right in front of our eyes.'
1850209939941118412	Michael37068662	'Pennsylvania officials investigating fraudulent voter registration applications in Lancaster County #Voterregistration #Pennsylvania https://t.co/gouaKMcVaN'
1850209413115650173	raider_katy	'She had 2 jobs and she has failed epically at both. No way that clown should be in charge of a food truck much less the US military and Foreign affairs. God awful... #Pennsylvania #Virginia #Wisconsin @GOP #Arizona #Asheville @asheville'
1850209166364717346	mrshred	'@TrumpWarRoom @JDVance #Racist says wut? #Undecided #UndecidedVoters #SwingStates #Pennsylvania #PA #Wisconsin #WI #NorthCarolina #NC #Georgia #GA #Michigan #Vote #VotersCharlotteNC #Philly #Atlanta #Milwaukee #Pittsburgh #MAGA #TheMoreYouKnow #Harris_Walz2024 #VoteBlueToPreserveYourRights https://t.co/5D6UYBl5Bq'
1850208706341785602	mrshred	'@MAGAIncWarRoom #Undecided #UndecidedVoters #SwingStates #Pennsylvania #PA #Wisconsin #WI #NorthCarolina #NC #Georgia #GA #Michigan #Vote #VotersCharlotteNC #Philly #Atlanta #Milwaukee #Pittsburgh #MAGA #TheMoreYouKnow #Harris_Walz2024 #VoteBlueToPreserveYourRights #SwingVoters #Montana https://t.co/MMSADvs4Xj'
1850208500829262143	JavaLove2024	'#WhenWeFightWeWin and #WhenWeVoteWeWin. Make your plan to vote and #LetYourVoiceBeHeard because #YourVoteCounts. #Election2024 #Pennsylvania, #Wisconsin, #Michigan, #NorthCarolina, #Florida, #Georgia, #Nevada #Arizona #DefeatTrump #MAGA'
1850208403521511777	mrshred	'@MAGAIncWarRoom #Undecided #UndecidedVoters #SwingStates #Pennsylvania #PA #Wisconsin #WI #NorthCarolina #NC #Georgia #GA #Michigan #Vote #VotersCharlotteNC #Philly #Atlanta #Milwaukee #Pittsburgh #MAGA #TheMoreYouKnow #Harris_Walz2024 #VoteBlueToPreserveYourRights #SwingVoters #Montana https://t.co/j8pWe8GEWQ'
1850208162982265192	AlfeiaGood89159	'I'm Alfe Goodwin I am running against #RepMGS for the 5th Congressional District of Delaware County #Pennsylvania. I just wanted to thank @donlemon for showing America, identity politics aren't a good strategy. ğŸ‡ºğŸ‡¸ AlfeforUSCongress https://t.co/HXMMxmrRnT'
