1850291702302388550	worldbestvideoo	'The IDF is postponing tomorrowâ€™s enlistment day at Tel HaShomer due to a security assessment. #Iran #Lebanon #Yemen #Syria #Beirut #Israel #hezbullah #USA #Russia #Trump #Gaza #KamalaHarris #Ukraine https://t.co/GE5z0aNODb'	2024-10-26 21:41:33
1850291865309868138	finspert	'Dramatic Video Shows Iran Military Shooting Down Israeli Missiles Over Tehran | Watch - MSN https://t.co/NgR86vFBKf #end the war #israel #lebanon #hamsa #russia #ukraine https://t.co/bICbdtNR0c'	2024-10-26 21:42:12
1850292124044190078	graceundissed	'Ukrainian official says full Russian withdrawal needed to establish peace #Russia #VladimirPutin #Moscow https://t.co/kXI821PxPA'	2024-10-26 21:43:13
1850292887118094644	Cyrus_In_The_X	'Around 12,000 #North #Korean troops reportedly arrived in #Russiaâ€™s #Kursk region, potentially to support a counteroffensive, though they haven't yet joined combat. #North #Korea dismissed these reports as rumors. https://t.co/XI8RnkoyDg'	2024-10-26 21:46:15
1850292907275608451	GiornalismoLib2	'Errare humanum est, perseverare autem diabolicum https://t.co/iwE1Nsd6XR #BRICS #disgregazione #ImperoRomano #LezioniStoriche #Russia .'	2024-10-26 21:46:20
1850293062250971546	BeppeDumb	'Errare humanum est, perseverare autem diabolicum https://t.co/fx9TWxn09Z #BRICS #disgregazione #ImperoRomano #LezioniStoriche #Russia .'	2024-10-26 21:46:57
1850293118232363508	finspert	'Exclusive-Satellite photos show Israel hit Iran missile fuel-mixing facilities, researchers say - MSN https://t.co/UxKPvweMCg #end the war #israel #lebanon #hamsa #russia #ukraine https://t.co/bICbdtNR0c'	2024-10-26 21:47:10
1850293295345455136	omrtsdln	'Bu Ã‡ocuÄŸu Bu Hallere Sokan Ä°srail HalkÄ± Allah Sizleri PeriÅŸan Etsin Åerefsizler ğŸ˜¡ ğŸ˜¡ #freepalastine #filistin #iran #mÄ±sÄ±r #lÃ¼bnan #istanbul #azerbaycan #cezayir #libya #Ã¼rdÃ¼n #Ä±rak #tÃ¼rkiye #ankara #tunus #russia #ukraine #yemen #suudiarabistan #ermenistan #fas #moda #tehran'	2024-10-26 21:47:53
1850293319873778120	graceundissed	'500 North Korean workers return from China with serious illnesses #NorthKorea #China #KimJong-un #Russia https://t.co/VSzHb4KSmp'	2024-10-26 21:47:58
1850293365373608376	worldbestvideoo	'ğŸ‡±ğŸ‡§âš¡ğŸ‡®ğŸ‡± Hebrew sources reported that an unprecedented security incident has occurred in northern #Palestine, which is the most difficult since the beginning of the attack on #Lebanon. #Iran #Yemen #Syria #Beirut #Israel #hezbullah #USA #Russia #Trump #Gaza #KamalaHarris #Ukraine https://t.co/lxr6S0jK5I'	2024-10-26 21:48:09
1850293446206226585	Tweet4AnnaNAFO	'ğŸ‡ªğŸ‡ºğŸ‡¬ğŸ‡ªğŸ‡·ğŸ‡º #Georgia #Gruzja #Russia Two opposition Georgian parties say they do not recognize the election results. The Georgian opposition has already announced mass protests after coalition negotiations &amp; the closing of all polling stations. https://t.co/llrDy4UH7w'	2024-10-26 21:48:29
1850293937522741440	alterchiton	'Un neonato Ã¨ stato seppellito a Volnyansk, Zaporizhia, ucciso da un missile russo sul reparto maternitÃ  di un ospedale. Sergey, aveva due giorni. Sua madre lo aveva messo a dormire accanto a lei quando il razzo ha colpito l'ospedale. #Russia #Ucraina #Putin Via @MykhailoRohoza https://t.co/gL4pyQgEZS'	2024-10-26 21:50:26
1850293949338186089	OlivierGuitta	'#Russia has been helping #Iran-backed #Houthi rebels target British and Western ships in the Red Sea. They have reportedly been using Russian satellite data, received thru #Iran's Revolutionary Guards (#IRGC), as they increase drone and missile strikes on commercial vessels'	2024-10-26 21:50:28
1850294259179749857	LOLRUZZIANTROLL	'@Mikiashvili_M You cant deal with #Russians (Dream party) gently ! Remember how Lenin with Trockyi seized the power over #Russia with few drunken sailors and mobs !!!'	2024-10-26 21:51:42
1850294452423696694	finspert	'CFL commissioner Randy Ambrosie set to retire in 2025 - MSN https://t.co/Ae7b4T93YW #end the war #israel #lebanon #hamsa #russia #ukraine https://t.co/bICbdtNR0c'	2024-10-26 21:52:28
1850294632099570167	masha_dieSonne	'@elonmusk Feeling proud of yourself? #Starlink #Putin #Russia #RussialsATerroristState https://t.co/rO0PMsjC2e'	2024-10-26 21:53:11
1850294796402716937	PowerON_SA	'To be fair, if #Brazil had allowed the kleptocrstic basket case economy of the world to enter #BRICs, when it already has to carry the burdensome dead weight #Russia, it would've been a step too fat &amp; far, even for this group to lift. #DefendDemocracy https://t.co/IqWngQDGrS'	2024-10-26 21:53:50
1850294821359137047	RksNews	'5 Killed in Rocket Attacks in Central Ukraine and Kyiv! #WarInUkraine #Russia #Attacks https://t.co/jBzPl5ftWC'	2024-10-26 21:53:56
1850294846549901682	DNZeitung	'#Trump #electionresult2024 #DonaldJTrump #USElection2024 #KamalaHarris #Harris #USA #Germany #France #UK #Russia #Turkey #Iran #Israel'	2024-10-26 21:54:02
1850294889424253254	ABQPI	'US intelligence says #Russia #GOP (#GangOfPutin) is behind video of ballots being destroyed in Pennsylvania https://t.co/90dn5b8nqz'	2024-10-26 21:54:13
1850295009896997254	masha_dieSonne	'@Starlink @elonmusk How does it feel to be a terrorist accomplice and genocide enabler? #Starlink #Putin #Russia #RussialsATerroristState https://t.co/R1guedLFgO'	2024-10-26 21:54:41
1850295183520436318	MrKuznets	'We are already in #WW3 . The jews are building up their western goy who are ready to die for them. All western govt, sunni govts are Jewish controlled. Its all in the hands of the population now. Will you fight for jewish supremacy again? Or fight for freedom #russia'	2024-10-26 21:55:23
1850295400038551909	tokwauluaena2	'@Israel @IDF #RDC #Iran #IsraÃ«l The obscurantism of the #Mullahs is a #GlobalThreat even to #Russia and #China. We must neutralize Mullahâ€™s regime before it has #NuclearWeapon. IsraÃ«l must do the job @netanyahu ğŸ‡¦ğŸ‡· https://t.co/XjSDyQ904j'	2024-10-26 21:56:14
1850296095748038867	LoveWorld_Peopl	'#BREAKING #RUSSIA #MOSCOW #RUSIA #MOSCÃš ğŸ”´ RUSSIA :ğŸ“¹ PANIC IN CENTRAL PARK IN MOSCOW REGION ! MASSIVE SHOOTING REPORTED AT CENTRAL PARK IN PUSHKINO The gunshots were reported at Central Park after an alleged brawl. No casualties. #Ultimahora #Pushkino #Shooting #Tiroteo https://t.co/tDPFJ0VOrO'	2024-10-26 21:59:00
1850296310517411992	KatLavanderos	'#BRICS #BRICS2024 #BRICS16thSummit #MultipolarWorld #MundoMultiPolar #Brasil #Brazil #India #SouthAfrica #Sudafrica #Russia #Rusia #China #RussiaAndChina #RusiaYChina #XiJinping #VladimirPutin #Sovereignty #sovereignty #Soberania #Economia #Economy #development #desarrollo'	2024-10-26 21:59:51
1850296348492570818	TVPWorld_com	'"They engage with #Turkey, with #Russia, with the Gulf states, with basically anyone who is willing to pay," Oana Popescu-Zamfir @OanaPope, Director at the GlobalFocus Center, said about the #GeorgianDream party. Full interviewâ–¶ï¸https://t.co/lPYmRzhwvX https://t.co/lbjAdblvQS'	2024-10-26 22:00:00
1850296350849544571	HotNews72346962	'ACIDENTE DE HELICÃ“PTERO NA RÃšSSIA MATA QUATRO ğŸš¨ Um helicÃ³ptero Mi-2 caiu em uma floresta russa, matando o piloto, um mÃ©dico e dois paramÃ©dicos a bordo. Seja Informado, Seja Inteligente, Seja Hot News! Fonte: The Sun #AcidenteDeHelicÃ³ptero #RÃºssia #TragÃ©dia https://t.co/fZgvzMhiMC'	2024-10-26 22:00:01
1850296469254808042	artpricedotcom	'Italian Curators and Artists Continue to Take on Projects in Russia #ItalianArt #ArtCurators #Russia #ContemporaryArt #GlobalArt https://t.co/j7Ugpxnxug'	2024-10-26 22:00:29
1850296474837418072	artmarketdotcom	'Italian Curators and Artists Continue to Take on Projects in Russia #ItalianArt #ArtCurators #Russia #ContemporaryArt #GlobalArt https://t.co/mmRUraKhms'	2024-10-26 22:00:31
1850296650218062241	MavieBHV	'Wenn das stimmt, werden bald Hisbollah, #Hamas + Hourhies nichts mehr zum SchieÃŸen haben. Toralversagen der ğŸ‡·ğŸ‡º Flugabwehr. #Putin #Russia #Hezbollah #Lebanon #Iran #Mullahs #Israel https://t.co/lJ3Y2QMbZ6'	2024-10-26 22:01:12
1850296910910828578	__10__x__10__	'@DrEliDavid ğŸ¤£ğŸ˜‚ğŸ¤£ğŸ˜‚ What kind of fantasy is this ğŸ˜‚ğŸ¤£ğŸ˜‚ğŸ¤£ #RUSSIA'	2024-10-26 22:02:15
1850297185549652273	aqiwatch	'Latest Air Quality Index of cities in Russia. Caution: Residents in unhealthy and hazardous areas should avoid outdoor activities. #Moscow #SaintPetersburg #Novosibirsk #NizhnyNovgorod #Chelyabinsk #Russia #AirQuality #News #PublicHealth https://t.co/TJRtzD69wE'	2024-10-26 22:03:20
1850297359583858707	mr_unknown639	'American journalist Anya parampil says it is time for #Russia and #Iran to do humanity and take out trash. She calls #Israel a TRASH. https://t.co/CFT9m1tH0H'	2024-10-26 22:04:02
1850297425493193090	crypticvalentin	'Russian intelligence warned Iran of Israel's attack hours in advance..#Russia..#Israel..#Iran..'	2024-10-26 22:04:17
1850297824933540235	KozysKorner	'https://t.co/MFnjyWdJen Obama said it best. #Russia'	2024-10-26 22:05:52
1850297898132468094	THEENDGAMEWAR1	'LATEST COMPILED ANALYSIS, OPINION &amp; MAPPING UPDATES ON EVENTS IN UKRAINE &amp; EFFECT UPON THE WIDER WORLD - 26.10.2024 *** WEST LOSINGâ€¦ WILL ITS ELITES FINALLY FACE REALITY? *** All relevant items entered https://t.co/NOvCQiivFB #Russia #USA #UK #EU #NATO #Ukraine #SMO #ZOV #Z https://t.co/B6WyirjDk8'	2024-10-26 22:06:10
1850297957725172123	NewsUkraineRBC	'#Russia-#Ukraine war: Frontline update as of October 26 https://t.co/QwovSg3qER'	2024-10-26 22:06:24
1850298341411717401	AProximidad	'https://t.co/gfzQznzU2a #Aproximidad #BREAKING #RUSSIA #MOSCOW #RUSIA #MOSCÃš ğŸ”´ RUSSIA :ğŸ“¹ PANIC IN CENTRAL PARK IN MOSCOW REGION ! MASSIVE SHOOTING REPORTED AT CENTRAL PARK IN PUSHKINO The gunshots were reported at Central Park after an alleged brawl. No casualties. #Ultiâ€¦'	2024-10-26 22:07:56
1850298345090167058	finspert	'From US-UK to Saudi-UAE, how world leaders reacted to Israelâ€™s retaliatory strikes against Iran - MSN https://t.co/QnUmota16X #end the war #israel #lebanon #hamsa #russia #ukraine https://t.co/bICbdtNR0c'	2024-10-26 22:07:57
1850298376836841888	Svitlan66621180	'1/ When #Putin wants to annex #Ukraine to #Russia by force, it is not the Middle Ages. Lukashenko said that "part" of the Russian elite would not mind annexing #Belarus. However, according to him, such attempts will lead to war - we do not live in the https://t.co/8wyh0oEPTU'	2024-10-26 22:08:04
1850298427256471555	BrigittaSchnier	'#RussiaIsATerroristState #Russia #China #Iran #AxisOfEvil #PureEvil #NorthKorea #Musk #Trump #Thiel #JDVance'	2024-10-26 22:08:16
1850298562435039395	Pilohan	'UN Secretary General should be removed for going to #Russia! #Guterres Shamefully Meets with #Putin and #Lukashenko #BRICS https://t.co/np8ZvzVQhk via @CFR_org'	2024-10-26 22:08:48
1850298605187539254	Know_Nothing_R	'#Russia ğŸ‡·ğŸ‡º'	2024-10-26 22:08:59
1850298671872553263	BrigittaSchnier	'#RussiaIsATerroristState #Russia #China #Iran #AxisOfEvil #PureEvil #NorthKorea #Musk #Trump #Thiel #JDVance'	2024-10-26 22:09:14
1850299154204971372	joey_tenor	'@jeffreymlevy @elonmusk The price of real estate has skyrocketed so that most young people can't afford to buy new homes. Part of that is the Russian oligarchs laundering money through American real estate. Trump has made millions helping his Russian 'friends.' #Russia #RussiaBuyTrumpTowers https://t.co/tNpOYyiOxY'	2024-10-26 22:11:09
1850299182415794656	kevint905	'#BRICS grows, adding 13 new 'partner countries' at historic summit in #Russia https://t.co/94GAEXUUA4 via @YouTube #bricssummit #china #india #boycottthepetrodollar #promoteagorism'	2024-10-26 22:11:16
1850299187998413024	BrigittaSchnier	'#Georgia #RussiaIsATerroristState #Russia #China #Iran #AxisOfEvil #PureEvil #NorthKorea #Musk #Trump #Thiel #JDVance'	2024-10-26 22:11:17
1850299387785736393	BobJ42530477	'#NATO #Israel #Hisbollah #Krieg #Russia #WWIII #Kursk #Dritter #Weltkrieg Dieses Buch rÃ¤umt mit MissverstÃ¤ndnissen Ã¼ber die Geschichte Israels und PalÃ¤stinas auf und erlÃ¤utert dann einen neuen Aspekt des Pakts, der Israel vor Terrorismus schÃ¼tzen kÃ¶nnte. https://t.co/tpZDaIr8eX'	2024-10-26 22:12:05
1850299501258695110	BobJ42530477	'#NATO #Israel #Iran #Mossad #Hezbollah #WWIII #Russia #Kursk This book contains a complex history of the west, Russia, and Ukraine, from Kievan Rus to World War II to February 24, 2022, to various war crimes, along with military strategies https://t.co/IvbRbBSyCU'	2024-10-26 22:12:32
1850299632322248905	zazoomblog	'Russia la soffiata all'Iran prima dell'attacco di Israele (che ha limitato i danni): l'asse anti-Nato e la minaccia nucleare - #Russia #soffiata ... https://t.co/WtZJwqnBpS'	2024-10-26 22:13:03
1850299711456219254	NILMH	'CCP and Russia Lead BRICS Push for New Payment System to Challenge SWIFTï¼šMiles Guo Revelation on CCP's Financial Warfare. ä¸­ä¿„åŠ›æ¨é‡‘ç£šåœ‹å®¶æ–°æ”¯ä»˜ç³»çµ±ï¼ŒæŒ‘æˆ°SWIFTé«”ç³»ã€‚ éƒ­æ–‡è²´å…ˆç”Ÿæ—©å‰é è¨€æˆçœŸï¼Œé‡‘èå¤§æˆ°ä¸€è§¸å³ç™¼ï¼ #MilesGuo #BRICS #SWIFT #Dollar #TakeDownTheCCP #CCP #Russia https://t.co/fnbKWJ5hzk'	2024-10-26 22:13:22
1850299817357926561	BobJ42530477	'#NATO #Israel #Iran #Mossad #Hezbollah #WWIII #Russia #Sinwar #Kursk Here is an intel report that leaks Iran's plan to launch a surprise attack against Israel next year between June and September of 2025. Israel will be in the fight for its life https://t.co/4jbkbocNQv'	2024-10-26 22:13:48
1850299829760471362	sudhanshudy6767	'ğŸš¨ #BreakingNews ğŸ‡·ğŸ‡ºğŸ‡®ğŸ‡· Russian intelligence warned Iran of Israel's attack hours in advance. #Iran #MiddleEast #WarInGaza #IsraelUnderAttack #IranNuclearDeal #Russia Iran ×’×™× ×¤×œ×’ ×©×‘×ª ×©×œ×•× ×™××™ ×ª×©×•×‘×” ×©×œ ×¨×™××œ ×©×œ ×¨×™××œ ×¢××™×ª ×¡×’×œ Ø§Ù„Ø±ÙŠØ§Ù„ ×©×œ ×‘×¨×¦×œ×•× ×” ×©×¢×•×Ÿ ×—×•×¨×£ Ø¨Ø±Ø´Ù„ÙˆÙ†Ø© ××¢×¨×›×•×ª ×”×”×’× ×” Vini https://t.co/MdzKejNA6J'	2024-10-26 22:13:50
1850300065937870912	BobJ42530477	'#NATO #Israel #Iran #Mossad #Hezbollah #WWIII #Russia #Nasdaq Here is a look at the currency that Americans will be using to pay for groceries https://t.co/S2T7BStS4U'	2024-10-26 22:14:47
1850300121759793646	BobJ42530477	'#NATO #Israel #Hisbollah #Mossad #war #Russia #WWIII #Kursk Dieses Buch enthÃ¤lt eine komplexe Geschichte des Westens, Russlands und der Ukraine, von der Kiewer Rus Ã¼ber den Zweiten Weltkrieg bis zum 24. Februar 2022, zusammen mit den angewandten Strategien https://t.co/tEdGK9m67F'	2024-10-26 22:15:00
1850300263652889031	BobJ42530477	'#NATO #Israel #Hisbollah #Mossad #war #Russia #WWIII #Kursk Dieses Buch enthÃ¤lt eine komplexe Geschichte des Westens, Russlands und der Ukraine, von der Kiewer Rus Ã¼ber den Zweiten Weltkrieg bis zum 24. Februar 2022, zusammen mit den angewandten Strategien https://t.co/tEdGK9lyi7'	2024-10-26 22:15:34
1850300298096476178	Cheekyoziechick	'#Hitler knew what the #rothschilds were up to. #Putin wont allow them into #Russia. #zionists #jewishlobby #trump #harris #creepsinsuits'	2024-10-26 22:15:42
1850300335161594256	BobJ42530477	'#NATO #Israel #Iran #Mossad #Hezbollah #WWIII #Russia #Kursk This book contains a complex history of the west, Russia, and Ukraine, from Kievan Rus to World War II to February 24, 2022, to various war crimes, along with military strategies https://t.co/c3sjsV1p1H'	2024-10-26 22:15:51
1850300408335376825	BobJ42530477	'#NATO #Israel #vaccine #RFK #Mossad #Hezbollah #WWIII #Russia This book covers Trump derangement syndrome, BLM, the vaccine Nuremberg violations, Russia, Ukraine and the Middle East https://t.co/0niwy9o7DJ'	2024-10-26 22:16:08
1850300462173446235	BobJ42530477	'#NATO #Israel #Iran #Hezbollah #WWIII #Mossad #Russia #Kursk This book explains why Russia invaded Ukraine, from the Odessa fire, NATO expansion, and US impunity in the Middle East, as well as US war crimes in Iraq, Libya, Syria, and Afghanistan https://t.co/xqctuYw6ed'	2024-10-26 22:16:21
1850300538635669829	BobJ42530477	'#NATO #Israel #Iran #Hezbollah #WWIII #Mossad #Russia #Kursk This book explains why Russia invaded Ukraine, from the Odessa fire, NATO expansion, and US impunity in the Middle East, as well as US war crimes in Iraq, Libya, Syria, and Afghanistan https://t.co/WPnr6lhuWM'	2024-10-26 22:16:39
1850300605442428940	BobJ42530477	'#NATO #Israel #Iran #Hezbollah #WWIII #Mossad #Russia #Kursk Erdogan is an emerging imperial threat https://t.co/YACfhMfxwK'	2024-10-26 22:16:55
1850300622492582241	SalariMosa	'ğŸ‡®ğŸ‡·ğŸ”´There is a possibility that the Islamic Republic of Iran Army will carry out the Sadeq 3 operation. The Air Force of the Army will destroy all of Israel's infrastructure with a fleet of native aircraft and missiles. #WINTER #Russia #IDF #Israel #Iran #Iraq #Gaza #Lebanon https://t.co/tIzgGGuGt2'	2024-10-26 22:16:59
1850300665157013605	BobJ42530477	'#WWIII #NATO #Israele #Hezbollah #war #Russia #kursk Questo libro contiene una storia complessa dell'Occidente, della Russia e dell'Ucraina, dalla Rus' di Kiev attraverso la Seconda Guerra Mondiale fino al 24 febbraio 2022, insieme alle applicate strategie https://t.co/ePxmGvporP'	2024-10-26 22:17:10
1850300737344954657	finspert	'Israel Attacks Iran | Israel's Strikes An Exercise Of Self Defence says White House - MSN https://t.co/7etcwcr9q6 #end the war #israel #lebanon #hamsa #russia #ukraine https://t.co/bICbdtNR0c'	2024-10-26 22:17:27
1850300855901422024	BobJ42530477	'#NATO #Israel #Iran #war #zelenskyy #Hezbollah #WWIII #yemen #Russia #Mossad #Kursk This book explains how Islamic terrorism and CIA subversion tactics is the only way Ukraine would defeat the Russian military https://t.co/vCCs0HRRH1'	2024-10-26 22:17:55
1850300910397702631	BobJ42530477	'#NATO #Izrael #Iran #Rafah #IronDome #Hezbollah #WWIII #Russia #Kyiv #Mossad Ta ksiÄ…Å¼ka wyjaÅ›nia, w jaki sposÃ³b terroryzm islamski i taktyki wywrotowe CIA to jedyny sposÃ³b, w jaki Ukraina moÅ¼e pokonaÄ‡ rosyjskie wojsko https://t.co/s3K0Oz8IzY'	2024-10-26 22:18:08
1850301298769637488	LOLRUZZIANTROLL	'@Natalia44074205 @LordDracula91 My knowledge is long visits to beloved trash #Russia ;)'	2024-10-26 22:19:41
1850301552256266718	BobJ42530477	'#NATO #IsraÃ«l #Hezbollah #WWIII #Paris #Kursk #Russia Ce livre contient une histoire complexe de l'Occident, de la Russie et de l'Ukraine, de la Russie kiÃ©vienne Ã  la Seconde Guerre mondiale jusqu'au 24 fÃ©vrier 2022, ainsi que les stratÃ©gies employÃ©es https://t.co/eigl9Lm9QX'	2024-10-26 22:20:41
1850301604064563281	khalediskef	'Russian Ministry of Defense: Air defenses destroyed 17 Ukrainian drones within an hour and 20 minutes, with 8 over Voronezh Region, 5 over Bryansk, 3 over Lipetsk, and one over #Belgorod. #Russia #Ukraine'	2024-10-26 22:20:54
1850301965269602535	BobJ42530477	'#Russia #Kyiv #NATO #Israel #Iran #Hezbollah #WWIII #yemen #Mossad #Kursk #krieg This peace treaty could have prevented the war in Ukraine. Read chapter 10 https://t.co/d0X2h8Kj2C'	2024-10-26 22:22:20
1850302016712561115	BobJ42530477	'#NATO #Israel #Iran #racist #Russia #black #Hezbollah #WWIII #Kamala #Trump How BLM, Obama, Trump Derangement Syndrome, Anti-white, anti-Israel, anti-Russian, pro-vax, and pro - Hamas sentiments led to the demise of the United States https://t.co/73Uaq45TSq'	2024-10-26 22:22:32
1850302020504138000	finspert	'Soccer-Man City go top with Saints win, Villa up to third despite draw - MSN https://t.co/vhJwhmFAYL #end the war #israel #lebanon #hamsa #russia #ukraine https://t.co/bICbdtNR0c'	2024-10-26 22:22:33
1850302075030405484	BobJ42530477	'#NATO #Israele #Iran #razzist #Russia #black #Hezbollah #WWIII #yemen #Islam Come i sentimenti BLM, Obama, Trump, anti-bianchi, anti-Israele, anti-russi, pro-vax e pro Hamas hanno portato alla morte degli Stati Uniti https://t.co/nfESnvzl61'	2024-10-26 22:22:46
1850302282060960203	KatLavanderos	'#NATO #OTAN #WarCrimes #USA #USArmy #CrimesAgainstHumanity #NaziUkraine #NaziOTAN #NaziUnionEuropea #NaziUK #NaziEU #NaziGermany #NaziSpain #NaziFrance #Russia #Rusia #Rusos #istandwithrussia #StandWithRussia #China #chinese #RussiaAndChina #RusiaYChina #XiJinping #VladimirPutin'	2024-10-26 22:23:35
1850302343377490250	Caucasus_Watch	'We should closely watch who starts congratulating Georgian Dream on their victory tomorrow morning. Viktor OrbÃ¡n was the first in the world to congratulate Prime Minister Irakli Kobakhidze. Will #Russia and #China be next?'	2024-10-26 22:23:50
1850302380346081592	BobJ42530477	'#NATO #Israel #Iran #racist #Russia #disney #Hezbollah #WWIII #lebanon This manifesto lays out a plan for the Mark of the beast system to replace the United States Constitution as the official moral and legal directive of the USA https://t.co/oNoA6x6PS3'	2024-10-26 22:23:59
1850302854994571431	KatLavanderos	'#BRICS #BRICS2024 #BRICS16thSummit #MultipolarWorld #MundoMultiPolar #Brasil #Brazil #India #SouthAfrica #Sudafrica #Russia #Rusia #China #RussiaAndChina #RusiaYChina #XiJinping #VladimirPutin #Sovereignty #sovereignty #Soberania #Economia #Economy #development #desarrollo'	2024-10-26 22:25:52
1850302859557880132	Pennyd	'https://t.co/5ysmt8WhEp via @NYTimes #russia interfering in our election. They want #trump to be elected. What does that tell you about him? Traitor to his nation #votebluetosaveamerica'	2024-10-26 22:25:53
1850302886301041096	MissionArtist	'Saturday night in occupied Crimea is often a DEADLY night for the Russian war criminals ğŸ’¥ ğŸ”¥ğŸ‡·ğŸ‡ºğŸ’€ #Russia #Putin #CrimesAgainsHumanity https://t.co/bAqQ5hRIh6'	2024-10-26 22:25:59
1850302906013987172	europeanMedia24	'Russians deliver 40 attacks on Pokrovsk and #Kurakhove fronts each â€“ General Staff ğŸ”— https://t.co/GUuGfmsIJS #IOC #IOCmedia #Kharkiv #Kostiantynivka #Kupiansk #Lyman #Makiivka #Russia #Ukraine #BBCBreaking https://t.co/GCi9tKQnir'	2024-10-26 22:26:04
1850303159819706806	wtx_EU_news	'Berlinâ€™s famous buildings turn off the lights to save energy https://t.co/Liz8zEvHpr #BERLIN #ENERGY_CRISIS #ENERGY_SHORTAGES #FEATURED #GERMANY #MAIN_HEADLINES #RUSSIA #WORLD_NEWS https://t.co/nLGl0ttzym'	2024-10-26 22:27:04
1850303193596432591	_a1_s2_d3_	'Ecco qua ... avevo il sospetto eh ... I miei tuit con tag g3 or gi4 non vengono mostrati nemmeno nella mia timeline ed Ã¨ per me impossibile recuperarli ... #musk #russia'	2024-10-26 22:27:12
1850303217839518144	patriotX_6	'"...Ms Harris is seen as a continuity candidate who is likely to match Mr Bidenâ€™s steady but unimaginative backing for Ukraine." #UkraineRussiaWar #Trump #KamalaHarris #Election2024 #NATO #Russia #JoeBiden https://t.co/DOeKZHsR2h'	2024-10-26 22:27:18
1850303480956924310	fb_and_others	'#BRICS meeting in #Russia, at which the head of #UN was present, was completed on the 24th. Coincidentally or conveniently, after the conclusion, #Israel responds to #Iran. https://t.co/svXvPbp0re'	2024-10-26 22:28:21
1850303683516420228	BobJ42530477	'#Musk #Israel #Russia #Hezbollah #astrology #book #WWIII #predicted Ask yourself this, after reading the first part of The Mars 360 Religious and Social System, is it logical to disbelieve in the influence of Mars. Just read the preview https://t.co/h2UdT5kwV7'	2024-10-26 22:29:09
1850303718849462712	hbj_r77032	'LiberaÃ§Ã£o completa pelo exercito da RÃºssia da cidade de Gornyak, na direÃ§Ã£o de Kurakhovsky. #Rusia #Russia #Russian #Russians #RussianUkrainianWar #RussianArmy #UkraineRussiaWarï¸ï¸ #Ukraina #Ucrania https://t.co/m72kDYZhFc'	2024-10-26 22:29:18
1850303745881784385	BobJ42530477	'#Musk #Israel #Russia #Hezbollah #astrology #book #WWIII #predicted Ask yourself this, after reading the first part of The Mars 360 Religious and Social System, is it logical to disbelieve in the influence of Mars. Just read the preview https://t.co/h2UdT5l4KF'	2024-10-26 22:29:24
1850303810494923069	BobJ42530477	'#NATO #Israel #Russia #Hezbollah #astrology #book #WWIII #kursk Ask yourself this, after reading the first part of The Mars 360 Religious and Social System, is it logical to disbelieve in the influence of Mars. Just read the preview https://t.co/m2l5Eb1O0Y'	2024-10-26 22:29:40
1850303991260778879	WstLondonGarden	'Wanna hear a joke? . . . #RUSSIA ğŸ¤« #RussiaIsAJoke https://t.co/STM7XB4Jf6'	2024-10-26 22:30:23
1850304300641133018	EDITORatWORK	'#Russia MORE on RUSSIA #Ukraine #war #VladimirPutin #PresZelenskyy #Kremlin_talking_points #NorthKoreantroops https://t.co/JdMGDXLVMA https://t.co/giAGpt6TM2'	2024-10-26 22:31:36
1850304906042728560	RickJoh44846997	'Iâ€™m a business attorney. I have met with Russians and negotiated deals in Russia. Deals to open US-based companies. No big deal. Russians hear and read Keith. Arrest him immediately! #Russia #KeithOlbermann #Elon #ElonMusk #CocaineKamala #Kamala #Trump #MAGA'	2024-10-26 22:34:01
1850304932324192755	AmigoEsVerdad3	'@timorahkonen @SenoreAmore ğŸ¤” #Russia https://t.co/rt258TqtHG'	2024-10-26 22:34:07
1850305306829701411	KatLavanderos	'#NATO #OTAN #WarCrimes #USA #USArmy #CrimesAgainstHumanity #NaziUkraine #NaziOTAN #NaziUnionEuropea #NaziUK #NaziEU #NaziGermany #NaziSpain #NaziFrance #Russia #Rusia #Rusos #istandwithrussia #StandWithRussia #China #chinese #RussiaAndChina #RusiaYChina #XiJinping #VladimirPutin'	2024-10-26 22:35:36
1850305327956369680	theditor360	'Russian attacks on central Ukraine, Kyiv kill 5 https://t.co/KQhOF6cIUN #Russia #attacks #central #Ukraine #Kyiv #kill'	2024-10-26 22:35:41
1850305401251623106	DavideDalleMura	'Sei il grande dittatore pucci pucci putin e la tua economia, grazie alle sanzioni occidentali, va talmente bene che tu ritrovi con i tassi di interesse al 21%, scopriamo cosa Ã¨ andato storto grazie all'analisi dell'Avvocato @FrankCatania #Ukraine #russia https://t.co/cED11SCV1f'	2024-10-26 22:35:59
1850305583863242859	Shadi_Alkasim	'Zelenskyy rejects UN chiefâ€™s visit over meeting with Putin Guterres not welcome in Kyiv after he shook hands with the Russian president #UkraineRussianWar -#UkraineWar -#UkraineRussiaWar-#Russia #Ukraine #Kursk #KurskBattle https://t.co/TdzKx2gdGj'	2024-10-26 22:36:42
1850306093240447375	Dee_rose901	'ğŸš¨ğŸ˜ˆâœ… Goblin Of The Day âœ…ğŸ˜ˆğŸš¨ Banggggg âœ…âœ…âœ…âœ…âœ… 50% OFF VIP : https://t.co/mPS5yxrnxKâ€¦ #RoseIsComing #nba #WNBA #trending #meme #tiktok #linkinbio #lol #china #trump #mlb #baseball #basketball #instagram #twitter #trend #TrendingNow #russia #enchanting #nfl #mma #ufc https://t.co/bcviqRrvvG'	2024-10-26 22:38:44
1850306371687731551	RollTideRamJam	'Exclusive-Satellite photos show Israel hit Iran missile fuel-mixing facilities, researchers say #Iran #Israel #Missiles #Satellite #Russia https://t.co/p41qE13jjG'	2024-10-26 22:39:50
1850306388951547961	Shadi_Alkasim	'Musk has been in secret contact with Putin since 2022, says bombshell new report The Russian president even asked the billionaire for a #Starlink favor #UkraineRussianWar -#UkraineWar -#UkraineRussiaWar-#Russia #Ukraine #Kursk #KurskBattle https://t.co/8FBSbuBh83'	2024-10-26 22:39:54
1850306515707531343	jkwkc	'Very concerning. #russia #nukes #NorthKorea'	2024-10-26 22:40:25
1850307255322943893	daarrrko	'@Microinteracti1 @JDVance wants to giving parts #America to #Russia'	2024-10-26 22:43:21
1850307652758262118	moveebuff1953	'Make #Russia small again....and a swamp!'	2024-10-26 22:44:56
1850307697687572871	paoloangeloRF	'Interessante pezzo di #rampiniâ€ diventare meno dipendenti dalla protezione americana costa salvo consegnarsi come subalterni alla #Russia o alla #Cina la difesa Ã¨ una sfida impegnativa anche di questo parla il rapporto #Draghi guarda caso Ã¨ uno degli aspetti subito dimenticati https://t.co/Yxn1JNmkam'	2024-10-26 22:45:06
1850307791769989464	jkwkc	'Wow! #china #Russia'	2024-10-26 22:45:29
1850308297510756682	finspert	'Japan election: Polls open with ruling LDP facing tight race - MSN https://t.co/QgrZh60m1L #end the war #israel #lebanon #hamsa #russia #ukraine https://t.co/bICbdtNR0c'	2024-10-26 22:47:29
1850308298802671866	Angelo74642339	'#Russia Pur di fare dispetto a #Putin per l' #UE Ã¨ diventata importante anche la #Georgia: " 3,7 milioni di abitanti nel 2022" se si pensa che la sola lombardia nel 2021 ne aveva 9.943.004. Dove vogliamo arrivare? Da https://t.co/SLr6QaSeDz https://t.co/908xVWvMss'	2024-10-26 22:47:30
1850308364754182360	Shadi_Alkasim	'#Church fakes from Russian propaganda: Selling â€˜prayers against mobilizationâ€™ and cursing critics of Zelensky's Victory Plan #UkraineRussianWar -#UkraineWar -#UkraineRussiaWar-#Russia #Ukraine #Kursk #KurskBattle https://t.co/9ZQfMIZ3rJ'	2024-10-26 22:47:45
1850308483159097822	Kgmsquared	'#Russia is making fake videos and ads in order to get people to vote for @realDonaldTrump donâ€™t any of you see anything wrong with that!!???'	2024-10-26 22:48:14
1850308994981843407	smavelys	'#TrumpIsUnfitForOffice #TrumpVance2024 #USElection2024 #ElonMusk #IronDome #Iran #Russia #UkraineWar #Isreal https://t.co/emnfYW3t3I'	2024-10-26 22:50:16
1850309185751106023	14ATX	'#Russia is working overtime to confuse voters. #VoteBlueToSaveYourFreedomAndTheUSA https://t.co/3tDd4Gwgnb'	2024-10-26 22:51:01
1850309831288291418	Ricky779399901	'Racing Along A Defunct Railroad, Russian Motorized Troops Are Trying To Surround A Ukrainian Brigade In Selydove #Russia https://t.co/7O5Tg4yRjp'	2024-10-26 22:53:35
1850309971633676741	AdamGra70675456	'WW3 Fears EXPLODE! Nuke Warningâ€¦ US Says â€œWEâ€™RE READYâ€ (World War 3) #Government #canada #usa #FEMA #shtf #WW3 #China #UkraineRussiaWar #Ukraine #Russia #Israel #Iran #NATO #news https://t.co/sHmPoOT1Ak via @YouTube'	2024-10-26 22:54:08
1850310130513965488	Sourcesfiables	'Ø§Ù„Ù…Ù‚Ø§ÙˆÙ…Ø© ØªØ£Ù…Ø± Ø§Ù„Ù…Ø³ØªØ¹Ù…Ø±ÙŠÙ† Ø¨Ø£Ø®Ù„Ø§ 25 Ù…Ø³ØªØ¹Ù…Ø±Ø© Ø­ÙØ§Ø¸Ø§ Ø¹Ù„Ù‰ Ø³Ù„Ø§Ù…ØªÙ‡Ù…ØŒ Ù„Ø£Ù† Ø¬ÙŠØ´ #Ø§Ø³Ø±Ø§Ø¦ÙŠÙ„ Ø§Ù„Ø§Ø±Ù‡Ø§Ø¨ÙŠ ÙŠÙ†Ø´Ø± Ø¯Ø¨Ø§Ø¨Ø§ØªÙ‡ ÙÙŠ Ù…Ù†Ø§Ø·Ù‚Ù‡Ù… Ø§Ù„Ø³ÙƒÙ†ÙŠØ© ÙˆÙŠØªØ®Ø°Ù‡Ù… Ø¯Ø±ÙˆØ¹Ø§ Ø¨Ø´Ø±ÙŠØ© #Ø¹Ù…Ù„ÙŠØ§Øª_Ø®ÙŠØ¨Ø± #Ø§ÙŠØ±Ø§Ù† #ØºØ²Ø© #Ø¬Ù†ÙˆØ¨_Ù„Ø¨Ù†Ø§Ù† #à¸­à¸´à¸ªà¸£à¸²à¹€à¸­à¸¥ #Israel #USA #Ukraine #Gaza #Netanyahu #Lebanon #Nasrallah #Iran #Russia #China #IDF #Sinwar https://t.co/Wkh0pH8VSc'	2024-10-26 22:54:46
1850310321224724772	lankafiles	'#SriLanka has been accepted as a partner membership country of #BRICS at its summit held in #Kazan , #Russia. "Permission had also been given to join the BRICSâ€™ New Development Bank,"says @MFA_SriLanka Minister Vijitha Herath. https://t.co/BsM1xOD8nQ'	2024-10-26 22:55:32
1850310667494207876	MadnessDarknes1	'éŸ“å›½ã®ã‚¹ãƒ‘ã‚¤æ©Ÿé–¢ã«ã‚ˆã‚Œã°ã€ãƒ­ã‚·ã‚¢ã¯åŒ—æœé®®è»ã«æ¯æœˆç´„2000ãƒ‰ãƒ«ã‚’æ”¯æ‰•ã†äºˆå®šã ã¨ã„ã†ã€‚ ã—ã‹ã—ã€æœ¬å½“ã®ã¨ã“ã‚ã¯ã©ã†ãªã®ã ã‚ã†ã‹ï¼Ÿãã—ã¦ã€ã“ã‚Œã‚‰ã®å…µå£«ãŸã¡ã¯å®Ÿéš›ã«æ•…éƒ·ã§ã„ãã‚‰ç¨¼ã„ã§ã„ã‚‹ã®ã ã‚ã†ã‹ï¼Ÿ #NorthKorea #Russia #UkraineCrisis'	2024-10-26 22:56:54
1850310702935748674	wtx_EU_news	'Italyâ€™s Salvini under scrutiny over Russia ties in wake of government collapse https://t.co/4joNX3ybK9 #EU #EUROPE #ITALY #MAIN_HEADLINES #RUSSIA #WORLD_NEWS https://t.co/LmHtsshtqd'	2024-10-26 22:57:03
1850311079781446126	karolinewhiate	'#Attacks of #anticultists on #ALLATRA and Creative Society participants #CreativeSociety #truth #Usa #Russia https://t.co/EzspDMhQK6'	2024-10-26 22:58:33
1850311170231579131	leroy_lemke	'Putin 77 stable diffusion/photoshop/ipad #vladimirputin #AIart #AIArtCommuity #aiartdaily #aiartist #AIArtistCommunity #AIArtSociety #AIArtwork #RollingStone #columbiarecords #putin #russia #saturdayfun #SaturdayMood #SaturdaySass #SaturdayVibes https://t.co/gvQPCpWhHw'	2024-10-26 22:58:54
1850311386456543540	deborahsundstr2	'The Deadly Reason Muskâ€™s Secret Putin Talks Are So Damn Scary #ElonMusk #VladimirPutin #China #Russia https://t.co/105ZEZn2TX'	2024-10-26 22:59:46
1850311453502279879	ctilabs	'âš–ï¸ Russia Sentences REvil Ransomware Gang Members! ğŸš” Historic ruling: 4 cybercriminals face prison. Group behind $200M+ in damages. First major #ransomware conviction in #Russia. - ğŸ“‹ Sentencing Details: â€¢ 8-12 year prison terms â€¢ $65M in crypto assets seized â€¢ 300+ https://t.co/OjK8DzNJM2'	2024-10-26 23:00:02
1850311683073573292	HopewellGMaria	'US confirms North Korean troops in Russia amid fears theyâ€™ll be sent to fight in Ukraine #Russia #NorthKorea #KimJong-un https://t.co/qmpYxiDI93'	2024-10-26 23:00:57
1850311739340116190	HopewellGMaria	'Ukrainian Marines And Paratroopers Backed By M-1 Tanks Have Turned The Site Of A War Crime Into A â€˜Road Of Deathâ€™ For Russian Troops #Russia https://t.co/YnmLtIGDut'	2024-10-26 23:01:10
1850312017841664194	eriksonvalentin	'ğŸš¨ PRO-#RUSSIA #GEORGIAN DREAM PARTY WINS PARLIAMENTARY ELECTIONS. ğŸš¨ #Georgia's pro-EU opposition says election 'stolen'. ğŸš¨ ĞŸÑ€Ğ°Ğ²ÑÑ‰Ğ°Ñ Ğ¿Ğ°Ñ€Ñ‚Ğ¸Ñ Ğ“Ñ€ÑƒĞ·Ğ¸Ğ¸ Ğ¿Ğ¾Ğ±ĞµĞ¶Ğ´Ğ°ĞµÑ‚ Ğ½Ğ° Ğ¿Ğ°Ñ€Ğ»Ğ°Ğ¼ĞµĞ½Ñ‚ÑĞºĞ¸Ñ… Ğ²Ñ‹Ğ±Ğ¾Ñ€Ğ°Ñ… Ñ 53% Ğ³Ğ¾Ğ»Ğ¾ÑĞ¾Ğ². Ğ’ Ğ¦Ğ˜Ğš Ğ¾Ğ±Ñ€Ğ°Ğ±Ğ¾Ñ‚Ğ°Ğ»Ğ¸ Ğ±ÑĞ»Ğ»ĞµÑ‚ĞµĞ½Ğ¸ Ñ 70% ÑƒÑ‡Ğ°ÑÑ‚ĞºĞ¾Ğ². ğŸš¨ áƒ¡áƒáƒ¥áƒáƒ áƒ—áƒ•áƒ”áƒšáƒáƒ¡ áƒ›áƒ›áƒáƒ áƒ—áƒ•áƒ”áƒšáƒ›áƒ https://t.co/t34de8qQGe'	2024-10-26 23:02:16
1850312091829195150	jrodwyer	'@MykhailoRohoza Yes I do #Russia do one'	2024-10-26 23:02:34
1850312580306555278	TWMCLtd	'#Ukraine war journalist on the front line reports the loss of four more villages in #Donetsk. Borys Myroshnykov also says #Kurakhove will be captured by #Russia soon. ##StopRussia https://t.co/6sh2PB3UCO'	2024-10-26 23:04:30
1850312924272935319	VrijHaags	'@Gilgame62654952 Antonio is bought by #Russia'	2024-10-26 23:05:52
1850313192427155459	xxxx_daniella	'La #Russia Ã¨ isolata ? ğŸ¤£ğŸ¤£ğŸ¤£ğŸ¤£ğŸ˜˜'	2024-10-26 23:06:56
1850313501660623229	AVerbose11497	'The reason I found the P Diddy scandal fascinating is it is a reflection of the corruption in society that eastern countries such a Russia want to reject in their communities. #Russia #RussianUkrainianWar #pdiddyexposed #pdiddyparty #PdiddyFiles #pdiddysecrets #puffdaddy'	2024-10-26 23:08:10
1850313591595086007	HellAngel928333	'Odessa. A powerful fire continues at the landing site, and secondary detonations are heard. According to first reports, warehouses with weapons and ammunition were hit. #Ukraine #Odessa #Russia #RussianUkrainianWar https://t.co/JuHw5o9lBo'	2024-10-26 23:08:32
1850313661648163118	TWMCLtd	'More attack drones clcross the border into #Ukraine. There are still about 20-25 of #Russia's killing machines flying, but numbers keep changing. But that's the end of the thread for me for tonight. Wishing you all a peaceful night, and if you're in Europe put the clocks back. https://t.co/D4xqNRM6CL'	2024-10-26 23:08:48
1850313663783096706	Quotes_up_	'War is nothing but the grudge of some people destroying innocent lives. In the face of selfishness people even forget their own people War is not to build but to destroy #Russia #Putin #ModiJi #Ukraineï¸ #Zelenski #war #PEOPLE #SaveTheChidrenWorldWide #Gaza #Iran #stop #Izrael https://t.co/XXmvOg4xPw'	2024-10-26 23:08:49
1850313790941790216	gbeverly64	'Helicopter crash kills pilot &amp; three medics after air ambulance plummets into Russian forest #Russia #Volcano #Caraccident #Accident https://t.co/gjhtmlRmgP'	2024-10-26 23:09:19
1850314068659470685	HellAngel928333	'Kiev now. #Kiev #Ukraine #Russia #Kyiv #UkraineRussiaWar https://t.co/TlAkln5Uh8'	2024-10-26 23:10:25
1850314506833985614	finspert	'Drug Take Back Day Coming Up In Groton - MSN https://t.co/7cFRan0WZ0 #end the war #israel #lebanon #hamsa #russia #ukraine https://t.co/bICbdtNR0c'	2024-10-26 23:12:10
1850315095529705853	CointribuneEN	'ğŸ‡·ğŸ‡º The Russian Central Bank (#BCR) announced on Friday, October 25, 2024 a sharp increase in its key interest rate from 19% to 21%, a record since 2003. #inflation #Russia https://t.co/fyAa43jRS6'	2024-10-26 23:14:30
1850315119227469920	FertGiuseppe	'S.M.I. #BasilioIV di Moscovia o #VassilijIVIvanoviÄÅ ujskij (NiÅ¾nij Novgorod #22Settembre1552 â€“ Gostynin#12Settembre1612) Zar di #Russia dal 1606 al 1610. Rappresentante della famiglia principesca degli Shuisky (ramo Suzdal dei Rurikovich ). https://t.co/Yd621SGUk1 #RegnoRusso https://t.co/NJt0wR5ASj'	2024-10-26 23:14:36
1850315138324152623	Udaigurjar96	'Israel has always supported India and now it's our turn to support Israel ğŸ‡®ğŸ‡± India Stands with Israel ğŸ‡®ğŸ‡± ğŸ‡®ğŸ‡³ â¤ï¸ğŸ˜Š #IStandWithIsrael #Isreal #Iran #WorldWar3 #IranAttack #Russia #Israel #Benjamin Israel and Iran #Israel_Enemy_of_Humanity .... https://t.co/7LsNxtmt0O'	2024-10-26 23:14:40
1850315267475194328	JohnKon42872610	'#men #in #russia #around #drug #store https://t.co/Jkt8PrEdqt'	2024-10-26 23:15:11
1850315685466964068	ShehabBawazeer2	'Selydove has been captured by the Russians along with Vyshneve. #Russia #Ukraineï¸ #Russian #Ukrainian #UkraineRussiaWar #UkraineWar #RealMadrid #Biden #Trump #Putin #Gaza #Israel #inflation #China #Crypto #Iran https://t.co/ITO0KLVe4y'	2024-10-26 23:16:51
1850316348837990727	SusanCoiaGailey	'#Ukraine Is Striking Deeper Inside #Russia and Reshaping the #War. Restrictions on American #missiles remain, but #Kyiv has leveraged its own #DroneAttacks to inflict growing pain across Russia. #WSJ #ATACMS #WarInUkraine #Putin #Zelenskyy #Ukrainians https://t.co/owMK7EJ6XP'	2024-10-26 23:19:29
1850316795455971624	ShehabBawazeer2	'Russian forces have control over the road leading south from Selydove to Novodmytrivka. #Russia #Ukraineï¸ #UkraineRussiaWar #RussianArmy #Russians #ElonMusk #Barcelona #RealMadrid #RealMadridBarcelona #USA #Biden #Trump #Putin #Gaza #Israel #Iran https://t.co/bCqsBYO0bS'	2024-10-26 23:21:15
1850317468365127789	Ricky779399901	'Russian attacks prompts Ukraine's Zelenskiy to ask allies for more resolve #Russia #Moscow https://t.co/gIIRgk9Oj9'	2024-10-26 23:23:56
1850317601509109974	Rivashnee	'"...Pact for the future calls for accelerating the reform of International Financial Architecture that is outdated ineffective and unfairâ€¦" #unitednations #unsecretary #guterress #financialsystems #financialreform #BRICS2024 #gnu #brazil #russia #india #china #southafrica https://t.co/bISN4BnuBL'	2024-10-26 23:24:28
1850318006049534430	europeanMedia24	'#Ukraine will be forced to fight against North Korea â€“ Zelenskyy ğŸ”— https://t.co/twKcbYmU9a #Moscow #Russia #Volodymyr #BBCBreaking https://t.co/tAweELXPYk'	2024-10-26 23:26:04
1850318021539279255	LoveIrreverence	'@RussiaIsntEnemy @Lin11W You're somewhat correct... because good Russian people are not the enemy...but Putin and war mongering Russians are absolutely everyone's enemy. #Russia #Ukraineï¸ #Putin #War @StateDept @VP @POTUS'	2024-10-26 23:26:08
1850318097720176754	FarSight3	'Empathy is something that most of 'Western' leaders do lack of. Blind people are great in sensing true emotions &amp; this women doesn't meet a "dictator" - as our presstitutes like to sell us the honorable President of #Russia, 'Sir' Vladimir Vladimirovich #Putin...'	2024-10-26 23:26:26
1850318312762159288	PaolettaSi7619	'@vadim07751823 Intervenga la #Russia'	2024-10-26 23:27:17
1850318559685271782	Ricky779399901	'Russians behind fake video of ballots being destroyed, US officials say #Russia #DonaldTrump #Iran #FBI https://t.co/0SodYKNP8g. That's what we said, Donald Trump &amp; the RADICALIZED GOP are behind....... https://t.co/ArzGkaVwiT'	2024-10-26 23:28:16
1850318821594206360	JimWilDemocrat	'EXCELENT, ISREAL!!!ğŸ’ªğŸ‡®ğŸ‡±ğŸš«ğŸ‡®ğŸ‡· Exclusive-Satellite photos show Israel hit Iran missile fuel-mixing facilities, researchers say #Iran #Israel #Missiles #Satellite #Russia https://t.co/rqBpVs94DT'	2024-10-26 23:29:18
1850318996702441702	VAHMRS	'#Russia: Satellite images show major expansion at Russian site with secret bioweapons past https://t.co/lmDAMQ7Rd9 #cbrne #hazmat'	2024-10-26 23:30:00
1850319019397566658	JimWilDemocrat2	'EXCELENT, ISREAL!!!ğŸ’ªğŸ‡®ğŸ‡±ğŸš«ğŸ‡®ğŸ‡· Exclusive-Satellite photos show Israel hit Iran missile fuel-mixing facilities, researchers say #Iran #Israel #Missiles #Satellite #Russia https://t.co/MEEQ4QNvyO'	2024-10-26 23:30:06
1850319623045997009	finspert	'NATO's response to North Korean troops - MSN https://t.co/H03CUppCcr #end the war #israel #lebanon #hamsa #russia #ukraine https://t.co/bICbdtNR0c'	2024-10-26 23:32:30
1850320539933356145	SagranCarvalho	'EleiÃ§Ãµes na GeÃ³rgia: partido prÃ³-RÃºssia Ã© declarado vencedor com 70% dos votos apurados. A oposiÃ§Ã£o, favorÃ¡vel Ã  integraÃ§Ã£o com a UE, denuncia um "golpe institucional". A tensÃ£o polÃ­tica cresce no paÃ­s. #GeÃ³rgia #EleiÃ§Ãµes #Democracia #RÃºssia #UE Apoie: pixcafenofront@gmail.com'	2024-10-26 23:36:08
1850320613589876961	GoofyBarksFor	'#License and War #President cancelling #license of #Russia https://t.co/hZpqOizRTG https://t.co/cuviz2I7Gf'	2024-10-26 23:36:26
1850320690312081788	DefensePolitics	'THIS IS WAY MORE THAN I EXPECTED... everything went to shit... | Ukraine War Frontline Changes Report https://t.co/YfdSh3bIoc https://t.co/To0LPvXsto #UkraineWar #Russia #Ukraine -- DPA X: https://t.co/tpdJjgJA1h DPA Telegram: https://t.co/Ip2cs6CdpZ DPA Forum: https://t.co/l2jn1tRYWS'	2024-10-26 23:36:44
1850320788513321148	MENAFN	'Israel's Latest Strike Against Iran May Actually De-Escalate Regional Tensions For Now, At Least #Israel's #Latest #Strike #Iran #Actually #De-Escalate #Regional #Tensions #Now, #Least #USA #Russia #Biden #Ukraine #War #Palestine #Gaza #Israel # https://t.co/70ROzP3VMh https://t.co/72U8LsWfFd'	2024-10-26 23:37:07
1850320798147612963	MENAFN	'We Analyzed 9 Years Of Trump Political Speeches, And His Violent Rhetoric Has Increased Dramatically #Analyzed #Years #Trump #Political #Speeches, #Violent #Rhetoric #Increased #Dramatically #USA #Russia #Biden #Ukraine #War #Palestine #Gaza #Israel # https://t.co/xJPqzwXK1k https://t.co/C8rDKfIBts'	2024-10-26 23:37:10
1850321637301776644	Rajuchaudhari96	'Israel has always supported India and now it's our turn to support Israel ğŸ‡®ğŸ‡± India Stands with Israel ğŸ‡®ğŸ‡± ğŸ‡®ğŸ‡³ â¤ï¸â¤ï¸ #IStandWithIsrael #Isreal #Iran #WorldWar3 #IranAttack #Russia #Israel #Benjamin #WeekendKaVaar #Kanguva #SB19 #StarAcademyLeLive #PAKvENG https://t.co/efE3IbUIpy'	2024-10-26 23:40:30
1850321690166730786	Jamesriles86	'That's what I'm talking about. Exclusive-Satellite photos show Israel hit Iran missile fuel-mixing facilities, researchers say #Iran #Israel #Missiles #Satellite #Russia https://t.co/XHTmCyLffR'	2024-10-26 23:40:42
1850322143189315607	llsporte	'@TheFigen_ Queen ocean . Beatiful ğŸ˜˜ #revistallsporte #italia #it #usa #Rita_alba_gargano #pm #pf #kgb #russia #priscilafantin https://t.co/04d8gXB1tV'	2024-10-26 23:42:30
1850322244490170801	SalariMosa	'Iran's answer to Israel's apartheid regime is the same, #America and #Europe are the same tricks and repeated promises of a ceasefire in #Gaza, #Lebanon, and buying opportunities for Netanyahu and the assassination of resistance leaders. #Ø§ÛŒØ±Ø§Ù† #Russia #Ø£Ù…Ø±ÙŠÙƒØ§ #Iran #Israel https://t.co/n3kStjJOuT'	2024-10-26 23:42:55
1850322416293249486	llsporte	'@TheFigen_ Queen ocean . Beatiful ğŸ˜˜ #revistallsporte #italia #it #usa #Rita_alba_gargano #pm #pf #kgb #russia #hum https://t.co/w0o61a8cas'	2024-10-26 23:43:36
1850322893076308061	ChrliesWarchest	'â€œ#Ukraine will be forced to actually fight against the #DPRK in Europe,â€ complains Zelensky They will be fighting in #Kursk then #Sumy and #Zaporozhye with the possibility of #Dnepropetrovsk or #Nikolaev to follow. Abandoned by a limiting China, #Russia expands DPRK possibilities'	2024-10-26 23:45:29
1850322900563202549	llsporte	'@TheFigen_ Queen ocean . Beatiful ğŸ˜˜ #revistallsporte #italia #it #usa #Rita_alba_gargano #pm #pf #kgb #russia #priscilafantin https://t.co/le1ytQvL19'	2024-10-26 23:45:31
1850322950886760576	kapi_uniuni	'#NorthKorea provided troops to #Russia. In other words, North Korea's military power is temporarily reduced. #SouthKorea seems to be an opportunity to stop the armistice and unify the Korean peninsula. A unified Korea would be a true Asian balancer.'	2024-10-26 23:45:43
1850323505528689034	GeoffBent	'@marklevinshow You and Trump refuse to criticize Russia for arming Iran, Hezbollah, and North Korea. Why would anyone who cares about peace in the Middle East, Europe and achieving global stability trust a team as obviously compromised as yours? #Trump #foreignpolicy #Russia #Iran #Hezbollah'	2024-10-26 23:47:55
1850323828590661954	TestamentBucha	'Warum zieht sich @Bundeskanzler #Scholz #SPD so zurÃ¼ck? @W_Schmidt_ @fritzfelgentreu @MiRo_SPD @spdbt @@spdde? @cducsubt @CDU #Ukraine #Russia #Terror https://t.co/qCefLm7st1'	2024-10-26 23:49:12
1850324574354973109	HopewellGMaria	'Intercepted Audio Reveals Russian Soldiers Complaining About North Korean Troops: 'What the F--k to Do with Them?' #NorthKorea #Russia #UN https://t.co/sVOm7zXfos'	2024-10-26 23:52:10
1850324805058167208	Belsat_Eng	'#Russia Mi-2 helicopter crashed in Kirov region. Russian Emergencies Ministry says bodies of 4 crew members were found. The Russian Emergencies Ministry has released photos from the crash site. Source: mchs_official https://t.co/jcqCgH7oUG'	2024-10-26 23:53:05
1850325193928925194	MichaleH1967	'Natalie #Holloway is dead because of this same #human #trafficking ring in #Alabama #USA #UN #Redcross there is #elected officials who are involved in it #Russia #China #Mexico #Cuba #Canada #help please'	2024-10-26 23:54:38
1850325812072808851	PPorila	'@eestivatnik Ğ’Ğ¸Ñ‚Ğ°Ğ»Ğ¸Ğ¹ ĞœĞ¸Ğ»Ğ¾Ğ½Ğ¾Ğ² Ğ½Ğ°Ğ·Ğ²Ğ°Ğ» Ñ‡ÑƒĞ´Ğ¸ĞºĞ°Ğ¼Ğ¸ ÑƒĞ²Ğ¸Ğ´ĞµĞ²ÑˆĞ¸Ñ… Ğ² Â«Ğ¡ĞºĞ°Ğ·ĞºĞµ Ğ¾ Ğ¼Ñ‘Ñ€Ñ‚Ğ²Ğ¾Ğ¹ Ñ†Ğ°Ñ€ĞµĞ²Ğ½Ğµ Ğ¸ ÑĞµĞ¼Ğ¸ Ğ±Ğ¾Ğ³Ğ°Ñ‚Ñ‹Ñ€ÑÑ…Â» Ğ¿Ñ€Ğ¾Ğ¿Ğ°Ğ³Ğ°Ğ½Ğ´Ñƒ Ğ›Ğ“Ğ‘Ğ¢. #Russia https://t.co/QeohLrjy9O'	2024-10-26 23:57:05
1850326179783573775	WallWyatt83683	'Cuba fears total collapse amid grid failure and financial crisis: â€˜There is no moneyâ€™ #PowerGrid #Russia https://t.co/pux1NAIpMQ'	2024-10-26 23:58:33
1850326430523019751	choover9512	'The leadership in #Iran is so scared of #Israel Iran probably wonâ€™t respond because daddy #Russia told them not toğŸ˜‚ https://t.co/UDzMr5ILVx'	2024-10-26 23:59:33
